viewing_id,user_id,movie_id,started_at,ended_at,watch_minutes,completion_pct,playback_status,device_type,streaming_quality,viewing_country,rewatch_number,discovery_source
VEW000001,USR0001,MOV0035,2026-04-17T19:28:16Z,2026-04-17T21:27:16Z,103,91,completed,smart_tv,4K,KR,0,search
VEW000002,USR0001,MOV0180,2026-02-11T07:33:02Z,2026-02-11T10:02:02Z,134,90,completed,game_console,FHD,KR,0,watchlist
VEW000003,USR0001,MOV0100,2025-01-21T12:12:14Z,2025-01-21T14:14:14Z,108,95,completed,web,FHD,KR,0,home_recommendation
VEW000004,USR0001,MOV0101,2023-11-15T08:58:56Z,2023-11-15T11:36:56Z,149,100,completed,tablet,HD,KR,0,home_recommendation
VEW000005,USR0001,MOV0072,2025-12-22T19:13:53Z,2025-12-22T20:28:53Z,75,65,abandoned,tablet,SD,KR,0,home_recommendation
VEW000006,USR0001,MOV0138,2024-08-01T13:09:16Z,2024-08-01T13:46:16Z,23,26,abandoned,game_console,4K,KR,0,friend_share
VEW000007,USR0001,MOV0032,2025-09-01T11:47:55Z,2025-09-01T14:20:55Z,140,92,completed,web,FHD,KR,0,home_recommendation
VEW000008,USR0001,MOV0146,2025-12-01T07:25:35Z,2025-12-01T08:18:35Z,45,31,abandoned,game_console,HD,KR,0,home_recommendation
VEW000009,USR0001,MOV0195,2026-05-10T20:22:26Z,2026-05-10T21:24:26Z,46,30,abandoned,game_console,4K,KR,0,home_recommendation
VEW000010,USR0001,MOV0088,2024-01-30T08:33:54Z,2024-01-30T10:01:54Z,87,85,completed,game_console,FHD,KR,0,home_recommendation
VEW000011,USR0001,MOV0167,2025-06-23T05:33:03Z,2025-06-23T05:49:03Z,15,19,abandoned,tablet,4K,KR,0,watchlist
VEW000012,USR0001,MOV0033,2025-02-24T16:31:16Z,2025-02-24T16:58:16Z,26,30,abandoned,tablet,FHD,KR,0,trending
VEW000013,USR0002,MOV0128,2026-02-05T20:22:30Z,2026-02-05T21:50:30Z,88,97,completed,mobile,HD,KR,0,home_recommendation
VEW000014,USR0002,MOV0170,2026-03-20T15:56:14Z,2026-03-20T17:59:14Z,105,96,completed,web,HD,KR,0,home_recommendation
VEW000015,USR0002,MOV0191,2025-12-22T09:06:06Z,2025-12-22T11:42:06Z,149,92,completed,game_console,4K,KR,0,watchlist
VEW000016,USR0002,MOV0079,2026-01-28T07:11:28Z,2026-01-28T09:58:28Z,151,99,completed,tablet,4K,KR,0,watchlist
VEW000017,USR0002,MOV0001,2025-10-22T17:22:05Z,2025-10-22T18:01:05Z,30,21,abandoned,tablet,4K,KR,0,home_recommendation
VEW000018,USR0002,MOV0035,2025-10-28T17:24:52Z,2025-10-28T18:09:52Z,40,35,abandoned,mobile,4K,KR,0,watchlist
VEW000019,USR0002,MOV0012,2026-06-22T01:25:51Z,2026-06-22T03:34:51Z,112,83,abandoned,mobile,4K,KR,0,home_recommendation
VEW000020,USR0002,MOV0132,2026-05-21T22:24:56Z,2026-05-21T23:00:56Z,34,35,abandoned,web,FHD,KR,0,trending
VEW000021,USR0002,MOV0167,2026-05-12T16:21:54Z,2026-05-12T16:40:54Z,15,19,abandoned,smart_tv,HD,KR,0,watchlist
VEW000022,USR0002,MOV0088,2025-11-04T20:36:45Z,2025-11-04T22:25:45Z,98,96,completed,mobile,HD,KR,0,search
VEW000023,USR0002,MOV0140,2026-03-03T22:17:12Z,2026-03-04T00:09:12Z,98,78,abandoned,web,4K,KR,0,watchlist
VEW000024,USR0002,MOV0108,2026-04-27T06:27:50Z,2026-04-27T08:17:50Z,104,89,completed,game_console,HD,KR,0,friend_share
VEW000025,USR0003,MOV0094,2025-05-06T22:33:31Z,2025-05-07T00:51:31Z,120,94,completed,smart_tv,HD,KR,0,search
VEW000026,USR0003,MOV0003,2026-03-29T08:15:53Z,2026-03-29T10:05:53Z,110,97,completed,tablet,SD,KR,0,trending
VEW000027,USR0003,MOV0161,2025-07-07T20:25:36Z,2025-07-07T22:54:36Z,149,99,completed,mobile,HD,KR,0,watchlist
VEW000028,USR0003,MOV0099,2025-06-12T08:56:07Z,2025-06-12T11:15:07Z,124,95,completed,mobile,SD,KR,0,trending
VEW000029,USR0003,MOV0080,2025-03-25T21:39:57Z,2025-03-25T23:54:57Z,125,84,abandoned,tablet,4K,KR,0,friend_share
VEW000030,USR0003,MOV0047,2024-12-27T02:33:22Z,2024-12-27T03:47:22Z,59,83,abandoned,web,FHD,KR,0,watchlist
VEW000031,USR0003,MOV0137,2026-07-09T12:15:41Z,2026-07-09T13:34:41Z,75,81,abandoned,web,SD,KR,0,friend_share
VEW000032,USR0003,MOV0033,2025-01-26T23:56:46Z,2025-01-27T01:16:46Z,71,81,abandoned,mobile,FHD,KR,0,home_recommendation
VEW000033,USR0003,MOV0165,2025-12-19T08:48:43Z,2025-12-19T09:34:43Z,41,34,abandoned,game_console,HD,KR,0,search
VEW000034,USR0003,MOV0153,2025-07-10T01:33:07Z,2025-07-10T03:59:07Z,144,100,completed,smart_tv,HD,KR,0,trending
VEW000035,USR0003,MOV0155,2025-01-01T14:59:57Z,2025-01-01T16:48:57Z,104,85,completed,tablet,HD,KR,0,friend_share
VEW000036,USR0003,MOV0102,2026-01-08T00:36:41Z,2026-01-08T01:10:41Z,31,34,abandoned,mobile,4K,KR,0,trending
VEW000037,USR0004,MOV0186,2026-07-13T14:59:17Z,2026-07-13T17:44:17Z,148,98,completed,tablet,SD,KR,0,trending
VEW000038,USR0004,MOV0064,2026-05-07T02:55:34Z,2026-05-07T05:05:34Z,117,89,completed,tablet,4K,KR,0,watchlist
VEW000039,USR0004,MOV0095,2026-07-15T23:05:00Z,2026-07-16T00:35:00Z,85,92,completed,tablet,4K,KR,0,home_recommendation
VEW000040,USR0004,MOV0138,2026-04-19T11:55:15Z,2026-04-19T13:37:15Z,86,97,completed,web,4K,KR,0,friend_share
VEW000041,USR0004,MOV0008,2026-03-30T18:53:24Z,2026-03-30T19:23:24Z,28,33,abandoned,mobile,HD,KR,0,friend_share
VEW000042,USR0004,MOV0169,2026-05-29T17:53:13Z,2026-05-29T19:33:13Z,87,57,abandoned,web,FHD,KR,0,search
VEW000043,USR0004,MOV0134,2026-01-07T08:43:46Z,2026-01-07T10:25:46Z,87,86,completed,mobile,SD,KR,0,trending
VEW000044,USR0004,MOV0042,2026-06-29T10:17:58Z,2026-06-29T10:50:58Z,32,25,abandoned,tablet,FHD,KR,0,search
VEW000045,USR0004,MOV0166,2026-03-28T11:33:20Z,2026-03-28T13:13:20Z,94,65,abandoned,web,SD,KR,0,watchlist
VEW000046,USR0004,MOV0102,2026-02-12T04:21:07Z,2026-02-12T05:49:07Z,79,86,completed,game_console,4K,KR,0,search
VEW000047,USR0004,MOV0031,2025-12-13T12:50:21Z,2025-12-13T14:14:21Z,80,83,abandoned,mobile,SD,KR,0,trending
VEW000048,USR0004,MOV0039,2026-05-05T09:03:08Z,2026-05-05T09:49:08Z,40,25,abandoned,smart_tv,4K,KR,0,home_recommendation
VEW000049,USR0005,MOV0004,2025-05-28T17:49:09Z,2025-05-28T19:57:09Z,114,88,completed,tablet,HD,KR,0,search
VEW000050,USR0005,MOV0097,2026-02-19T20:26:11Z,2026-02-19T21:37:11Z,71,94,completed,tablet,SD,KR,0,watchlist
VEW000051,USR0005,MOV0189,2026-07-12T16:21:45Z,2026-07-12T18:58:45Z,143,93,completed,tablet,4K,KR,0,home_recommendation
VEW000052,USR0005,MOV0194,2026-04-30T04:32:57Z,2026-04-30T06:14:57Z,98,97,completed,mobile,4K,KR,0,search
VEW000053,USR0005,MOV0049,2023-03-23T00:19:05Z,2023-03-23T02:02:05Z,98,68,abandoned,game_console,FHD,KR,0,home_recommendation
VEW000054,USR0005,MOV0058,2022-01-28T22:35:39Z,2022-01-29T00:00:39Z,67,58,abandoned,tablet,4K,KR,0,trending
VEW000055,USR0005,MOV0181,2023-03-22T14:40:58Z,2023-03-22T15:36:58Z,42,29,abandoned,smart_tv,4K,KR,0,trending
VEW000056,USR0005,MOV0128,2023-05-08T23:47:20Z,2023-05-09T00:59:20Z,58,64,abandoned,game_console,4K,KR,0,search
VEW000057,USR0005,MOV0016,2025-10-16T06:34:11Z,2025-10-16T07:13:11Z,34,24,abandoned,game_console,SD,KR,0,trending
VEW000058,USR0005,MOV0200,2026-03-16T15:31:06Z,2026-03-16T17:10:06Z,81,88,completed,mobile,FHD,KR,0,watchlist
VEW000059,USR0005,MOV0156,2026-04-10T07:01:18Z,2026-04-10T08:35:18Z,89,92,completed,web,FHD,KR,0,watchlist
VEW000060,USR0005,MOV0131,2023-10-11T11:11:35Z,2023-10-11T13:13:35Z,109,100,completed,smart_tv,SD,KR,0,friend_share
VEW000061,USR0006,MOV0090,2026-07-14T15:00:53Z,2026-07-14T17:11:53Z,118,98,completed,web,FHD,KR,0,trending
VEW000062,USR0006,MOV0079,2025-12-02T02:14:55Z,2025-12-02T04:38:55Z,144,94,completed,mobile,HD,KR,0,watchlist
VEW000063,USR0006,MOV0018,2024-10-30T15:24:15Z,2024-10-30T17:13:15Z,104,90,completed,web,SD,KR,0,watchlist
VEW000064,USR0006,MOV0161,2024-02-17T01:40:31Z,2024-02-17T04:00:31Z,139,92,completed,game_console,4K,KR,0,home_recommendation
VEW000065,USR0006,MOV0128,2022-08-09T05:03:57Z,2022-08-09T05:49:57Z,46,50,abandoned,game_console,4K,KR,0,home_recommendation
VEW000066,USR0006,MOV0009,2025-10-01T14:16:41Z,2025-10-01T16:32:41Z,130,95,completed,smart_tv,SD,KR,0,trending
VEW000067,USR0006,MOV0004,2025-08-28T19:44:46Z,2025-08-28T21:21:46Z,89,69,abandoned,smart_tv,SD,KR,0,search
VEW000068,USR0006,MOV0190,2022-06-30T05:20:05Z,2022-06-30T07:36:05Z,128,80,abandoned,game_console,4K,KR,0,trending
VEW000069,USR0006,MOV0172,2026-07-19T14:03:30Z,2026-07-19T16:14:30Z,113,84,abandoned,tablet,4K,KR,0,friend_share
VEW000070,USR0006,MOV0057,2025-08-14T00:03:12Z,2025-08-14T01:12:12Z,67,68,abandoned,web,4K,KR,0,trending
VEW000071,USR0006,MOV0109,2026-02-06T06:43:29Z,2026-02-06T07:42:29Z,46,36,abandoned,game_console,HD,KR,0,home_recommendation
VEW000072,USR0006,MOV0015,2026-04-15T05:45:24Z,2026-04-15T07:44:24Z,114,73,abandoned,smart_tv,SD,KR,0,search
VEW000073,USR0007,MOV0020,2025-09-22T10:39:07Z,2025-09-22T12:40:07Z,103,96,completed,tablet,HD,KR,0,watchlist
VEW000074,USR0007,MOV0011,2024-06-11T17:46:51Z,2024-06-11T19:45:51Z,103,93,completed,web,FHD,KR,0,search
VEW000075,USR0007,MOV0095,2026-07-05T16:40:14Z,2026-07-05T18:29:14Z,92,100,completed,mobile,HD,KR,0,friend_share
VEW000076,USR0007,MOV0124,2025-10-09T20:19:52Z,2025-10-09T22:07:52Z,90,94,completed,web,4K,KR,0,home_recommendation
VEW000077,USR0007,MOV0186,2026-05-01T19:04:34Z,2026-05-01T19:39:34Z,27,18,abandoned,smart_tv,HD,KR,0,trending
VEW000078,USR0007,MOV0091,2025-08-05T20:23:47Z,2025-08-05T22:18:47Z,115,100,completed,smart_tv,SD,KR,0,watchlist
VEW000079,USR0007,MOV0174,2024-01-22T03:18:10Z,2024-01-22T04:16:10Z,50,39,abandoned,tablet,SD,KR,0,friend_share
VEW000080,USR0007,MOV0027,2025-05-19T09:13:17Z,2025-05-19T10:07:17Z,47,46,abandoned,tablet,4K,KR,0,friend_share
VEW000081,USR0007,MOV0192,2023-10-04T06:47:49Z,2023-10-04T08:07:49Z,78,83,abandoned,web,FHD,KR,0,trending
VEW000082,USR0007,MOV0001,2024-06-10T13:56:23Z,2024-06-10T15:07:23Z,61,43,abandoned,game_console,FHD,KR,0,watchlist
VEW000083,USR0007,MOV0029,2024-01-03T14:49:10Z,2024-01-03T15:19:10Z,24,20,abandoned,game_console,FHD,KR,0,home_recommendation
VEW000084,USR0007,MOV0038,2026-04-17T22:00:43Z,2026-04-17T23:49:43Z,97,87,completed,web,HD,KR,0,search
VEW000085,USR0008,MOV0183,2025-11-01T17:05:19Z,2025-11-01T18:58:19Z,105,95,completed,mobile,FHD,KR,0,friend_share
VEW000086,USR0008,MOV0122,2026-06-10T17:25:21Z,2026-06-10T19:23:21Z,116,88,completed,smart_tv,SD,KR,0,home_recommendation
VEW000087,USR0008,MOV0174,2026-01-31T07:17:30Z,2026-01-31T09:23:30Z,126,98,completed,tablet,FHD,KR,0,watchlist
VEW000088,USR0008,MOV0001,2025-09-08T09:51:16Z,2025-09-08T12:15:16Z,135,95,completed,tablet,SD,KR,0,watchlist
VEW000089,USR0008,MOV0061,2025-04-14T05:27:20Z,2025-04-14T06:18:20Z,39,34,abandoned,tablet,FHD,KR,0,watchlist
VEW000090,USR0008,MOV0060,2026-05-11T00:36:37Z,2026-05-11T02:16:37Z,83,55,abandoned,tablet,HD,KR,0,watchlist
VEW000091,USR0008,MOV0047,2026-03-03T01:26:58Z,2026-03-03T02:34:58Z,53,75,abandoned,smart_tv,4K,KR,0,watchlist
VEW000092,USR0008,MOV0098,2026-05-20T11:34:42Z,2026-05-20T13:28:42Z,98,92,completed,game_console,4K,KR,0,watchlist
VEW000093,USR0008,MOV0136,2024-08-06T10:48:56Z,2024-08-06T13:12:56Z,128,88,completed,game_console,4K,KR,0,friend_share
VEW000094,USR0008,MOV0141,2025-04-05T17:04:48Z,2025-04-05T18:08:48Z,58,59,abandoned,game_console,FHD,KR,0,trending
VEW000095,USR0008,MOV0159,2026-06-06T22:57:49Z,2026-06-07T00:43:49Z,90,66,abandoned,web,FHD,KR,0,trending
VEW000096,USR0008,MOV0158,2025-08-03T20:31:09Z,2025-08-03T21:26:09Z,39,40,abandoned,web,HD,KR,0,trending
VEW000097,USR0009,MOV0087,2025-09-02T10:13:13Z,2025-09-02T11:51:13Z,90,92,completed,web,SD,KR,0,friend_share
VEW000098,USR0009,MOV0142,2026-06-07T03:50:00Z,2026-06-07T05:59:00Z,128,91,completed,web,FHD,KR,0,trending
VEW000099,USR0009,MOV0073,2024-11-06T14:46:38Z,2024-11-06T17:26:38Z,144,89,completed,tablet,FHD,KR,0,trending
VEW000100,USR0009,MOV0132,2024-10-10T14:13:26Z,2024-10-10T15:57:26Z,91,95,completed,tablet,4K,KR,0,watchlist
VEW000101,USR0009,MOV0064,2025-08-02T09:08:43Z,2025-08-02T10:34:43Z,74,56,abandoned,web,HD,KR,0,watchlist
VEW000102,USR0009,MOV0178,2026-04-03T02:11:22Z,2026-04-03T04:00:22Z,97,84,abandoned,game_console,4K,KR,0,friend_share
VEW000103,USR0009,MOV0009,2026-05-17T03:25:40Z,2026-05-17T04:51:40Z,79,58,abandoned,mobile,HD,KR,0,friend_share
VEW000104,USR0009,MOV0194,2026-01-22T12:35:19Z,2026-01-22T14:04:19Z,75,74,abandoned,game_console,4K,KR,0,home_recommendation
VEW000105,USR0009,MOV0150,2025-07-06T22:27:01Z,2025-07-07T00:10:01Z,99,80,abandoned,mobile,FHD,KR,0,home_recommendation
VEW000106,USR0009,MOV0062,2026-07-02T18:42:28Z,2026-07-02T20:39:28Z,116,78,abandoned,mobile,HD,KR,0,friend_share
VEW000107,USR0009,MOV0165,2025-08-25T17:49:57Z,2025-08-25T19:36:57Z,95,78,abandoned,smart_tv,FHD,KR,0,watchlist
VEW000108,USR0009,MOV0016,2026-05-07T02:03:44Z,2026-05-07T03:03:44Z,49,34,abandoned,mobile,4K,KR,0,friend_share
VEW000109,USR0010,MOV0130,2026-04-26T13:41:29Z,2026-04-26T15:51:29Z,117,93,completed,tablet,HD,KR,0,home_recommendation
VEW000110,USR0010,MOV0010,2026-02-04T00:58:52Z,2026-02-04T02:56:52Z,117,91,completed,web,FHD,KR,0,trending
VEW000111,USR0010,MOV0005,2026-04-05T13:17:20Z,2026-04-05T15:04:20Z,95,95,completed,web,SD,KR,0,trending
VEW000112,USR0010,MOV0052,2026-04-13T06:46:23Z,2026-04-13T09:21:23Z,143,89,completed,mobile,FHD,KR,0,friend_share
VEW000113,USR0010,MOV0050,2026-02-03T21:36:34Z,2026-02-03T23:07:34Z,84,59,abandoned,game_console,HD,KR,0,trending
VEW000114,USR0010,MOV0183,2025-11-27T19:22:29Z,2025-11-27T20:31:29Z,56,50,abandoned,tablet,FHD,KR,0,friend_share
VEW000115,USR0010,MOV0037,2026-03-20T01:52:51Z,2026-03-20T03:09:51Z,67,70,abandoned,game_console,HD,KR,0,home_recommendation
VEW000116,USR0010,MOV0107,2025-12-27T07:02:46Z,2025-12-27T08:17:46Z,60,61,abandoned,game_console,HD,KR,0,trending
VEW000117,USR0010,MOV0089,2026-06-12T20:20:51Z,2026-06-12T21:22:51Z,53,41,abandoned,game_console,4K,KR,0,home_recommendation
VEW000118,USR0010,MOV0097,2026-03-10T02:43:30Z,2026-03-10T03:00:30Z,14,18,abandoned,game_console,FHD,KR,0,home_recommendation
VEW000119,USR0010,MOV0178,2026-07-15T07:20:44Z,2026-07-15T08:38:44Z,63,54,abandoned,tablet,SD,KR,0,watchlist
VEW000120,USR0010,MOV0042,2026-02-21T22:27:30Z,2026-02-21T23:56:30Z,83,65,abandoned,tablet,FHD,KR,0,friend_share
VEW000121,USR0011,MOV0097,2026-07-10T01:49:21Z,2026-07-10T03:16:21Z,73,97,completed,smart_tv,SD,KR,0,search
VEW000122,USR0011,MOV0190,2024-08-22T12:27:03Z,2024-08-22T15:20:03Z,155,97,completed,web,SD,KR,0,trending
VEW000123,USR0011,MOV0013,2026-06-06T14:41:02Z,2026-06-06T17:07:02Z,132,94,completed,game_console,FHD,KR,0,home_recommendation
VEW000124,USR0011,MOV0056,2024-10-17T00:13:12Z,2024-10-17T02:09:12Z,103,92,completed,mobile,4K,KR,0,search
VEW000125,USR0011,MOV0043,2025-09-06T13:55:35Z,2025-09-06T14:44:35Z,46,46,abandoned,mobile,HD,KR,0,search
VEW000126,USR0011,MOV0065,2026-05-25T21:25:31Z,2026-05-25T23:07:31Z,84,65,abandoned,game_console,HD,KR,0,home_recommendation
VEW000127,USR0011,MOV0011,2024-05-02T06:47:31Z,2024-05-02T08:23:31Z,94,85,completed,web,FHD,KR,0,friend_share
VEW000128,USR0011,MOV0052,2026-07-16T14:31:34Z,2026-07-16T16:37:34Z,113,70,abandoned,tablet,4K,KR,0,home_recommendation
VEW000129,USR0011,MOV0023,2025-02-24T04:48:38Z,2025-02-24T05:57:38Z,59,39,abandoned,web,FHD,KR,0,search
VEW000130,USR0011,MOV0145,2025-01-20T15:03:14Z,2025-01-20T15:45:14Z,38,28,abandoned,smart_tv,4K,KR,0,friend_share
VEW000131,USR0011,MOV0032,2024-08-08T12:54:22Z,2024-08-08T14:13:22Z,79,52,abandoned,mobile,HD,KR,0,home_recommendation
VEW000132,USR0011,MOV0079,2026-03-29T16:03:00Z,2026-03-29T17:58:00Z,109,71,abandoned,tablet,FHD,KR,0,trending
VEW000133,USR0012,MOV0115,2024-09-15T02:39:13Z,2024-09-15T05:11:13Z,136,93,completed,tablet,FHD,KR,0,trending
VEW000134,USR0012,MOV0063,2024-06-02T17:12:21Z,2024-06-02T19:10:21Z,114,98,completed,tablet,HD,KR,0,home_recommendation
VEW000135,USR0012,MOV0126,2026-04-19T01:14:00Z,2026-04-19T03:34:00Z,140,93,completed,web,FHD,KR,0,watchlist
VEW000136,USR0012,MOV0060,2026-05-18T07:29:18Z,2026-05-18T09:51:18Z,135,90,completed,tablet,HD,KR,0,home_recommendation
VEW000137,USR0012,MOV0155,2024-03-04T15:34:16Z,2024-03-04T16:23:16Z,37,30,abandoned,game_console,4K,KR,0,friend_share
VEW000138,USR0012,MOV0145,2025-04-05T17:23:23Z,2025-04-05T19:16:23Z,113,83,abandoned,tablet,4K,KR,0,trending
VEW000139,USR0012,MOV0070,2025-03-11T15:03:12Z,2025-03-11T16:00:12Z,45,42,abandoned,smart_tv,4K,KR,0,trending
VEW000140,USR0012,MOV0109,2026-05-25T04:44:58Z,2026-05-25T06:35:58Z,102,80,abandoned,web,FHD,KR,0,watchlist
VEW000141,USR0012,MOV0187,2025-03-13T16:22:59Z,2025-03-13T17:57:59Z,77,88,completed,smart_tv,4K,KR,0,home_recommendation
VEW000142,USR0012,MOV0068,2026-06-24T21:38:11Z,2026-06-24T22:57:11Z,70,60,abandoned,tablet,SD,KR,0,trending
VEW000143,USR0012,MOV0017,2025-05-28T04:48:18Z,2025-05-28T06:14:18Z,82,80,abandoned,game_console,HD,KR,0,search
VEW000144,USR0012,MOV0031,2024-12-10T03:39:39Z,2024-12-10T04:18:39Z,30,31,abandoned,smart_tv,FHD,KR,0,search
VEW000145,USR0013,MOV0116,2024-07-10T23:21:09Z,2024-07-11T01:17:09Z,107,94,completed,smart_tv,HD,KR,0,friend_share
VEW000146,USR0013,MOV0166,2025-09-23T11:04:53Z,2025-09-23T13:26:53Z,137,95,completed,web,HD,KR,0,watchlist
VEW000147,USR0013,MOV0032,2025-02-23T14:43:01Z,2025-02-23T17:19:01Z,138,91,completed,smart_tv,FHD,KR,0,trending
VEW000148,USR0013,MOV0143,2026-01-02T16:22:21Z,2026-01-02T18:03:21Z,101,96,completed,web,4K,KR,0,watchlist
VEW000149,USR0013,MOV0159,2024-04-17T17:11:45Z,2024-04-17T19:11:45Z,102,75,abandoned,smart_tv,FHD,KR,0,trending
VEW000150,USR0013,MOV0181,2026-04-08T17:19:43Z,2026-04-08T18:25:43Z,65,45,abandoned,tablet,HD,KR,0,search
VEW000151,USR0013,MOV0142,2025-03-14T16:48:56Z,2025-03-14T17:38:56Z,41,29,abandoned,game_console,4K,KR,0,search
VEW000152,USR0013,MOV0030,2025-04-04T08:13:38Z,2025-04-04T08:48:38Z,23,20,abandoned,tablet,4K,KR,0,home_recommendation
VEW000153,USR0013,MOV0027,2025-10-06T19:56:00Z,2025-10-06T20:51:00Z,53,51,abandoned,web,SD,KR,0,watchlist
VEW000154,USR0013,MOV0038,2026-06-22T07:03:00Z,2026-06-22T08:50:00Z,91,81,abandoned,web,HD,KR,0,watchlist
VEW000155,USR0013,MOV0123,2024-06-01T23:50:21Z,2024-06-02T00:55:21Z,47,46,abandoned,web,FHD,KR,0,trending
VEW000156,USR0013,MOV0050,2026-03-28T00:37:14Z,2026-03-28T03:00:14Z,136,96,completed,mobile,4K,KR,0,home_recommendation
VEW000157,USR0014,MOV0200,2025-12-01T14:44:23Z,2025-12-01T16:25:23Z,83,90,completed,web,FHD,KR,0,watchlist
VEW000158,USR0014,MOV0160,2025-08-26T11:52:22Z,2025-08-26T13:37:22Z,105,99,completed,tablet,SD,KR,0,friend_share
VEW000159,USR0014,MOV0177,2025-01-19T03:09:10Z,2025-01-19T04:12:10Z,62,88,completed,mobile,SD,KR,0,trending
VEW000160,USR0014,MOV0012,2025-10-05T00:29:26Z,2025-10-05T02:37:26Z,120,89,completed,tablet,4K,KR,0,trending
VEW000161,USR0014,MOV0103,2025-08-13T01:52:31Z,2025-08-13T03:09:31Z,67,66,abandoned,tablet,HD,KR,0,search
VEW000162,USR0014,MOV0120,2024-10-24T05:37:25Z,2024-10-24T06:07:25Z,24,26,abandoned,web,4K,KR,0,friend_share
VEW000163,USR0014,MOV0036,2025-12-20T04:00:22Z,2025-12-20T05:43:22Z,99,93,completed,web,4K,KR,0,home_recommendation
VEW000164,USR0014,MOV0106,2025-12-29T00:02:01Z,2025-12-29T01:42:01Z,95,81,abandoned,smart_tv,HD,KR,0,home_recommendation
VEW000165,USR0014,MOV0186,2026-07-02T04:36:27Z,2026-07-02T05:41:27Z,56,37,abandoned,tablet,SD,KR,0,home_recommendation
VEW000166,USR0014,MOV0007,2025-12-29T21:07:20Z,2025-12-29T22:18:20Z,60,64,abandoned,web,SD,KR,0,friend_share
VEW000167,USR0014,MOV0011,2024-01-16T08:38:45Z,2024-01-16T09:42:45Z,48,43,abandoned,web,4K,KR,0,home_recommendation
VEW000168,USR0014,MOV0098,2026-04-06T21:29:49Z,2026-04-06T22:50:49Z,67,63,abandoned,mobile,SD,KR,0,home_recommendation
VEW000169,USR0015,MOV0090,2025-05-23T03:33:01Z,2025-05-23T05:24:01Z,107,89,completed,web,HD,KR,0,home_recommendation
VEW000170,USR0015,MOV0190,2026-05-23T05:00:22Z,2026-05-23T07:38:22Z,150,94,completed,game_console,4K,KR,0,watchlist
VEW000171,USR0015,MOV0092,2026-05-03T21:00:51Z,2026-05-03T22:49:51Z,107,94,completed,game_console,FHD,KR,0,watchlist
VEW000172,USR0015,MOV0173,2026-04-29T22:17:58Z,2026-04-30T00:34:58Z,136,100,completed,game_console,FHD,KR,0,home_recommendation
VEW000173,USR0015,MOV0195,2026-02-26T09:16:30Z,2026-02-26T10:43:30Z,80,52,abandoned,tablet,HD,KR,0,trending
VEW000174,USR0015,MOV0098,2026-04-29T15:34:02Z,2026-04-29T16:46:02Z,72,68,abandoned,smart_tv,SD,KR,0,trending
VEW000175,USR0015,MOV0030,2025-03-13T09:50:02Z,2025-03-13T10:59:02Z,66,58,abandoned,mobile,4K,KR,0,home_recommendation
VEW000176,USR0015,MOV0103,2025-08-09T13:35:36Z,2025-08-09T15:09:36Z,86,85,completed,smart_tv,SD,KR,0,trending
VEW000177,USR0015,MOV0012,2026-04-02T23:55:45Z,2026-04-03T01:10:45Z,65,48,abandoned,tablet,SD,KR,0,trending
VEW000178,USR0015,MOV0088,2026-07-13T16:59:07Z,2026-07-13T18:26:07Z,85,83,abandoned,smart_tv,SD,KR,0,trending
VEW000179,USR0015,MOV0081,2025-11-14T11:33:53Z,2025-11-14T14:01:53Z,142,87,completed,smart_tv,4K,KR,0,friend_share
VEW000180,USR0015,MOV0050,2026-04-16T18:38:54Z,2026-04-16T20:39:54Z,115,81,abandoned,web,FHD,KR,0,home_recommendation
VEW000181,USR0016,MOV0199,2026-03-03T10:21:54Z,2026-03-03T12:15:54Z,103,94,completed,web,HD,KR,0,home_recommendation
VEW000182,USR0016,MOV0043,2025-12-10T13:58:13Z,2025-12-10T15:34:13Z,88,88,completed,web,SD,KR,0,watchlist
VEW000183,USR0016,MOV0180,2025-05-08T16:27:01Z,2025-05-08T19:03:01Z,139,93,completed,smart_tv,FHD,KR,0,watchlist
VEW000184,USR0016,MOV0139,2024-10-28T05:57:48Z,2024-10-28T07:50:48Z,103,96,completed,smart_tv,SD,KR,0,search
VEW000185,USR0016,MOV0017,2024-09-30T17:49:21Z,2024-09-30T18:53:21Z,63,61,abandoned,tablet,SD,KR,0,friend_share
VEW000186,USR0016,MOV0095,2026-03-24T09:20:33Z,2026-03-24T10:11:33Z,38,41,abandoned,smart_tv,SD,KR,0,trending
VEW000187,USR0016,MOV0162,2026-05-17T03:08:28Z,2026-05-17T04:42:28Z,84,59,abandoned,mobile,SD,KR,0,search
VEW000188,USR0016,MOV0072,2025-01-03T17:01:08Z,2025-01-03T18:43:08Z,91,79,abandoned,tablet,FHD,KR,0,trending
VEW000189,USR0016,MOV0028,2026-05-15T09:28:11Z,2026-05-15T10:05:11Z,34,32,abandoned,web,SD,KR,0,search
VEW000190,USR0016,MOV0134,2025-01-21T10:23:03Z,2025-01-21T12:12:03Z,94,93,completed,tablet,HD,KR,0,friend_share
VEW000191,USR0016,MOV0026,2025-02-22T15:40:51Z,2025-02-22T17:03:51Z,70,75,abandoned,web,FHD,KR,0,home_recommendation
VEW000192,USR0016,MOV0143,2025-09-18T02:57:00Z,2025-09-18T03:43:00Z,28,27,abandoned,tablet,FHD,KR,0,search
VEW000193,USR0017,MOV0148,2023-05-01T00:25:40Z,2023-05-01T02:20:40Z,114,99,completed,mobile,FHD,KR,0,trending
VEW000194,USR0017,MOV0053,2026-01-29T04:32:06Z,2026-01-29T06:12:06Z,95,97,completed,web,HD,KR,0,watchlist
VEW000195,USR0017,MOV0115,2023-06-19T11:15:00Z,2023-06-19T13:34:00Z,131,90,completed,mobile,HD,KR,0,watchlist
VEW000196,USR0017,MOV0143,2026-04-13T01:02:14Z,2026-04-13T02:57:14Z,103,98,completed,game_console,HD,KR,0,friend_share
VEW000197,USR0017,MOV0123,2023-06-13T07:16:37Z,2023-06-13T08:03:37Z,37,36,abandoned,mobile,FHD,KR,0,friend_share
VEW000198,USR0017,MOV0189,2026-06-24T13:20:47Z,2026-06-24T14:40:47Z,71,46,abandoned,smart_tv,HD,KR,0,watchlist
VEW000199,USR0017,MOV0018,2024-11-29T21:11:53Z,2024-11-29T22:52:53Z,83,72,abandoned,mobile,4K,KR,0,home_recommendation
VEW000200,USR0017,MOV0165,2026-06-15T12:39:09Z,2026-06-15T13:28:09Z,31,25,abandoned,game_console,FHD,KR,0,watchlist
VEW000201,USR0017,MOV0067,2025-12-31T01:03:20Z,2025-12-31T02:47:20Z,104,95,completed,game_console,HD,KR,0,trending
VEW000202,USR0017,MOV0010,2023-06-10T16:05:05Z,2023-06-10T17:36:05Z,86,67,abandoned,smart_tv,SD,KR,0,search
VEW000203,USR0017,MOV0110,2026-04-16T17:32:38Z,2026-04-16T19:13:38Z,87,56,abandoned,tablet,SD,KR,0,watchlist
VEW000204,USR0017,MOV0121,2026-06-10T16:00:11Z,2026-06-10T17:14:11Z,74,62,abandoned,smart_tv,HD,KR,0,trending
VEW000205,USR0018,MOV0019,2024-09-05T00:47:04Z,2024-09-05T02:23:04Z,85,88,completed,mobile,FHD,KR,0,trending
VEW000206,USR0018,MOV0105,2025-09-24T15:26:53Z,2025-09-24T17:14:53Z,106,95,completed,smart_tv,4K,KR,0,home_recommendation
VEW000207,USR0018,MOV0184,2025-05-14T23:05:15Z,2025-05-15T00:55:15Z,100,98,completed,mobile,HD,KR,0,home_recommendation
VEW000208,USR0018,MOV0116,2022-11-27T06:22:46Z,2022-11-27T08:15:46Z,112,98,completed,web,4K,KR,0,watchlist
VEW000209,USR0018,MOV0193,2025-10-27T15:29:28Z,2025-10-27T16:22:28Z,53,39,abandoned,game_console,FHD,KR,0,trending
VEW000210,USR0018,MOV0146,2025-08-04T19:11:13Z,2025-08-04T21:38:13Z,129,89,completed,smart_tv,4K,KR,0,watchlist
VEW000211,USR0018,MOV0102,2023-08-21T21:06:35Z,2023-08-21T22:17:35Z,62,67,abandoned,smart_tv,FHD,KR,0,watchlist
VEW000212,USR0018,MOV0172,2026-07-01T18:23:22Z,2026-07-01T19:05:22Z,38,28,abandoned,smart_tv,HD,KR,0,home_recommendation
VEW000213,USR0018,MOV0101,2024-12-18T14:05:57Z,2024-12-18T15:54:57Z,94,63,abandoned,tablet,SD,KR,0,friend_share
VEW000214,USR0018,MOV0020,2025-08-29T11:27:01Z,2025-08-29T12:38:01Z,68,64,abandoned,tablet,SD,KR,0,home_recommendation
VEW000215,USR0018,MOV0145,2025-10-08T00:29:33Z,2025-10-08T02:31:33Z,118,87,completed,game_console,HD,KR,0,home_recommendation
VEW000216,USR0018,MOV0141,2026-06-12T17:13:38Z,2026-06-12T18:04:38Z,34,34,abandoned,tablet,FHD,KR,0,watchlist
VEW000217,USR0019,MOV0108,2026-05-11T02:16:47Z,2026-05-11T04:03:47Z,104,89,completed,game_console,FHD,KR,0,friend_share
VEW000218,USR0019,MOV0117,2026-03-06T11:33:30Z,2026-03-06T13:03:30Z,76,94,completed,game_console,SD,KR,0,search
VEW000219,USR0019,MOV0158,2025-01-18T23:53:50Z,2025-01-19T01:33:50Z,97,99,completed,web,HD,KR,0,trending
VEW000220,USR0019,MOV0160,2026-06-21T17:50:59Z,2026-06-21T19:36:59Z,102,96,completed,game_console,HD,KR,0,watchlist
VEW000221,USR0019,MOV0097,2026-01-06T08:06:24Z,2026-01-06T08:59:24Z,53,71,abandoned,game_console,HD,KR,0,trending
VEW000222,USR0019,MOV0154,2025-04-30T06:33:13Z,2025-04-30T07:29:13Z,39,32,abandoned,web,FHD,KR,0,watchlist
VEW000223,USR0019,MOV0089,2025-11-10T10:47:01Z,2025-11-10T12:50:01Z,116,89,completed,mobile,HD,KR,0,trending
VEW000224,USR0019,MOV0113,2025-11-18T04:11:15Z,2025-11-18T05:55:15Z,93,64,abandoned,tablet,HD,KR,0,watchlist
VEW000225,USR0019,MOV0078,2025-12-17T13:20:33Z,2025-12-17T14:37:33Z,67,59,abandoned,smart_tv,FHD,KR,0,friend_share
VEW000226,USR0019,MOV0014,2026-06-25T23:08:36Z,2026-06-26T00:16:36Z,60,44,abandoned,mobile,4K,KR,0,friend_share
VEW000227,USR0019,MOV0013,2026-03-08T12:42:46Z,2026-03-08T14:12:46Z,80,57,abandoned,smart_tv,FHD,KR,0,home_recommendation
VEW000228,USR0019,MOV0017,2026-04-28T00:44:27Z,2026-04-28T02:09:27Z,70,68,abandoned,smart_tv,4K,KR,0,friend_share
VEW000229,USR0020,MOV0092,2025-06-16T09:57:48Z,2025-06-16T11:51:48Z,113,99,completed,mobile,SD,KR,0,search
VEW000230,USR0020,MOV0192,2023-12-26T23:59:17Z,2023-12-27T01:33:17Z,88,94,completed,mobile,FHD,KR,0,home_recommendation
VEW000231,USR0020,MOV0051,2026-04-11T15:59:37Z,2026-04-11T17:57:37Z,115,99,completed,smart_tv,FHD,KR,0,watchlist
VEW000232,USR0020,MOV0099,2026-03-15T13:04:06Z,2026-03-15T15:16:06Z,121,93,completed,tablet,SD,KR,0,search
VEW000233,USR0020,MOV0044,2023-11-03T19:22:31Z,2023-11-03T21:52:31Z,137,85,completed,smart_tv,4K,KR,0,search
VEW000234,USR0020,MOV0116,2025-03-25T04:38:41Z,2025-03-25T06:17:41Z,92,81,abandoned,smart_tv,FHD,KR,0,friend_share
VEW000235,USR0020,MOV0007,2026-05-01T03:42:26Z,2026-05-01T04:21:26Z,35,37,abandoned,mobile,SD,KR,0,friend_share
VEW000236,USR0020,MOV0083,2025-04-07T06:45:32Z,2025-04-07T08:57:32Z,117,80,abandoned,game_console,4K,KR,0,trending
VEW000237,USR0020,MOV0195,2026-01-29T03:33:14Z,2026-01-29T06:00:14Z,147,96,completed,game_console,HD,KR,0,trending
VEW000238,USR0020,MOV0198,2024-03-30T01:34:21Z,2024-03-30T02:30:21Z,42,37,abandoned,game_console,4K,KR,0,home_recommendation
VEW000239,USR0020,MOV0056,2023-11-18T04:48:35Z,2023-11-18T06:37:35Z,101,90,completed,smart_tv,HD,KR,0,search
VEW000240,USR0020,MOV0065,2026-06-21T20:44:14Z,2026-06-21T22:28:14Z,95,74,abandoned,web,HD,KR,0,trending
VEW000241,USR0021,MOV0050,2026-03-06T10:13:44Z,2026-03-06T12:49:44Z,138,97,completed,tablet,4K,KR,0,watchlist
VEW000242,USR0021,MOV0001,2025-11-30T18:23:53Z,2025-11-30T20:34:53Z,131,92,completed,smart_tv,HD,KR,0,home_recommendation
VEW000243,USR0021,MOV0198,2025-08-22T03:08:02Z,2025-08-22T04:57:02Z,100,88,completed,web,HD,KR,0,friend_share
VEW000244,USR0021,MOV0121,2025-11-16T18:19:25Z,2025-11-16T20:21:25Z,113,95,completed,mobile,SD,KR,0,trending
VEW000245,USR0021,MOV0186,2026-02-20T12:03:45Z,2026-02-20T13:14:45Z,56,37,abandoned,tablet,FHD,KR,0,search
VEW000246,USR0021,MOV0051,2026-05-26T03:10:55Z,2026-05-26T04:17:55Z,57,49,abandoned,smart_tv,HD,KR,0,search
VEW000247,USR0021,MOV0124,2025-09-16T15:07:26Z,2025-09-16T16:14:26Z,60,62,abandoned,tablet,4K,KR,0,friend_share
VEW000248,USR0021,MOV0048,2025-12-01T08:22:05Z,2025-12-01T09:18:05Z,56,73,abandoned,smart_tv,FHD,KR,0,watchlist
VEW000249,USR0021,MOV0196,2025-08-21T21:45:12Z,2025-08-21T23:05:12Z,76,63,abandoned,mobile,SD,KR,0,trending
VEW000250,USR0021,MOV0167,2026-01-25T05:45:03Z,2026-01-25T06:21:03Z,21,27,abandoned,mobile,FHD,KR,0,watchlist
VEW000251,USR0021,MOV0014,2026-04-21T06:30:04Z,2026-04-21T08:34:04Z,107,79,abandoned,game_console,HD,KR,0,friend_share
VEW000252,USR0021,MOV0135,2025-12-27T23:52:30Z,2025-12-28T01:28:30Z,84,61,abandoned,smart_tv,4K,KR,0,home_recommendation
VEW000253,USR0022,MOV0050,2026-01-16T06:47:55Z,2026-01-16T09:02:55Z,135,95,completed,web,HD,KR,0,home_recommendation
VEW000254,USR0022,MOV0184,2023-05-06T17:24:55Z,2023-05-06T19:15:55Z,95,93,completed,game_console,FHD,KR,0,search
VEW000255,USR0022,MOV0195,2026-05-10T10:13:21Z,2026-05-10T12:43:21Z,150,98,completed,tablet,FHD,KR,0,watchlist
VEW000256,USR0022,MOV0183,2026-02-22T11:54:14Z,2026-02-22T13:36:14Z,99,89,completed,web,SD,KR,0,trending
VEW000257,USR0022,MOV0007,2025-12-04T11:22:46Z,2025-12-04T12:32:46Z,55,59,abandoned,smart_tv,FHD,KR,0,search
VEW000258,USR0022,MOV0049,2024-10-13T20:49:05Z,2024-10-13T23:10:05Z,128,89,completed,web,4K,KR,0,search
VEW000259,USR0022,MOV0008,2026-03-12T03:20:55Z,2026-03-12T04:44:55Z,71,82,abandoned,web,4K,KR,0,search
VEW000260,USR0022,MOV0076,2026-06-14T04:44:21Z,2026-06-14T06:35:21Z,98,65,abandoned,smart_tv,FHD,KR,0,friend_share
VEW000261,USR0022,MOV0187,2026-06-05T18:33:15Z,2026-06-05T19:43:15Z,70,80,abandoned,game_console,SD,KR,0,friend_share
VEW000262,USR0022,MOV0017,2025-06-20T23:18:40Z,2025-06-21T00:26:40Z,57,55,abandoned,smart_tv,FHD,KR,0,watchlist
VEW000263,USR0022,MOV0011,2023-04-29T08:15:08Z,2023-04-29T09:41:08Z,85,77,abandoned,game_console,HD,KR,0,friend_share
VEW000264,USR0022,MOV0096,2025-02-10T12:55:52Z,2025-02-10T14:09:52Z,63,55,abandoned,game_console,4K,KR,0,home_recommendation
VEW000265,USR0023,MOV0154,2026-05-07T19:05:14Z,2026-05-07T20:54:14Z,109,89,completed,smart_tv,FHD,KR,0,trending
VEW000266,USR0023,MOV0164,2026-05-28T16:14:38Z,2026-05-28T18:24:38Z,122,94,completed,smart_tv,4K,KR,0,watchlist
VEW000267,USR0023,MOV0015,2026-05-19T09:37:48Z,2026-05-19T12:07:48Z,150,96,completed,mobile,FHD,KR,0,watchlist
VEW000268,USR0023,MOV0007,2026-02-15T11:50:22Z,2026-02-15T13:28:22Z,89,95,completed,smart_tv,4K,KR,0,home_recommendation
VEW000269,USR0023,MOV0168,2026-04-22T11:18:46Z,2026-04-22T12:51:46Z,75,77,abandoned,mobile,4K,KR,0,search
VEW000270,USR0023,MOV0012,2026-04-27T07:32:56Z,2026-04-27T09:17:56Z,90,67,abandoned,web,SD,KR,0,watchlist
VEW000271,USR0023,MOV0041,2026-04-29T19:27:24Z,2026-04-29T20:27:24Z,47,31,abandoned,mobile,FHD,KR,0,friend_share
VEW000272,USR0023,MOV0139,2026-07-10T05:06:17Z,2026-07-10T05:48:17Z,31,29,abandoned,mobile,FHD,KR,0,watchlist
VEW000273,USR0023,MOV0066,2026-02-11T07:36:05Z,2026-02-11T08:56:05Z,77,49,abandoned,game_console,FHD,KR,0,trending
VEW000274,USR0023,MOV0110,2026-04-30T11:17:48Z,2026-04-30T12:58:48Z,101,65,abandoned,game_console,HD,KR,0,search
VEW000275,USR0023,MOV0087,2026-03-25T23:13:14Z,2026-03-25T23:49:14Z,35,36,abandoned,tablet,SD,KR,0,watchlist
VEW000276,USR0023,MOV0175,2026-07-06T04:22:08Z,2026-07-06T05:19:08Z,52,46,abandoned,smart_tv,HD,KR,0,friend_share
VEW000277,USR0024,MOV0035,2026-06-24T14:30:22Z,2026-06-24T16:26:22Z,103,91,completed,tablet,SD,KR,0,trending
VEW000278,USR0024,MOV0079,2026-03-15T01:55:28Z,2026-03-15T04:28:28Z,141,92,completed,web,HD,KR,0,friend_share
VEW000279,USR0024,MOV0050,2026-01-23T19:23:05Z,2026-01-23T21:53:05Z,139,98,completed,mobile,SD,KR,0,watchlist
VEW000280,USR0024,MOV0150,2025-09-21T18:48:49Z,2025-09-21T20:54:49Z,124,100,completed,web,4K,KR,0,search
VEW000281,USR0024,MOV0200,2026-01-08T18:53:35Z,2026-01-08T19:24:35Z,18,20,abandoned,tablet,FHD,KR,0,friend_share
VEW000282,USR0024,MOV0106,2026-04-22T15:23:09Z,2026-04-22T17:09:09Z,94,80,abandoned,tablet,SD,KR,0,friend_share
VEW000283,USR0024,MOV0117,2025-08-30T10:36:13Z,2025-08-30T11:42:13Z,63,78,abandoned,web,SD,KR,0,watchlist
VEW000284,USR0024,MOV0181,2025-08-06T16:42:55Z,2025-08-06T18:03:55Z,75,52,abandoned,web,4K,KR,0,friend_share
VEW000285,USR0024,MOV0173,2025-12-09T02:10:17Z,2025-12-09T03:00:17Z,49,36,abandoned,tablet,FHD,KR,0,friend_share
VEW000286,USR0024,MOV0086,2026-05-14T15:44:18Z,2026-05-14T16:44:18Z,45,34,abandoned,mobile,HD,KR,0,trending
VEW000287,USR0024,MOV0141,2026-03-22T04:07:33Z,2026-03-22T05:48:33Z,84,85,completed,mobile,FHD,KR,0,trending
VEW000288,USR0024,MOV0095,2026-05-12T08:27:54Z,2026-05-12T10:08:54Z,89,97,completed,mobile,4K,KR,0,friend_share
VEW000289,USR0025,MOV0064,2026-01-09T18:02:34Z,2026-01-09T20:26:34Z,128,97,completed,smart_tv,HD,KR,0,home_recommendation
VEW000290,USR0025,MOV0181,2024-05-17T17:57:49Z,2024-05-17T20:31:49Z,144,99,completed,mobile,SD,KR,0,search
VEW000291,USR0025,MOV0139,2024-12-20T09:02:25Z,2024-12-20T10:52:25Z,95,89,completed,mobile,HD,KR,0,friend_share
VEW000292,USR0025,MOV0132,2025-03-15T02:32:43Z,2025-03-15T04:13:43Z,84,88,completed,web,HD,KR,0,friend_share
VEW000293,USR0025,MOV0063,2025-05-16T05:22:00Z,2025-05-16T06:42:00Z,68,59,abandoned,game_console,4K,KR,0,search
VEW000294,USR0025,MOV0102,2026-01-02T21:37:44Z,2026-01-02T22:23:44Z,31,34,abandoned,smart_tv,4K,KR,0,search
VEW000295,USR0025,MOV0052,2026-06-08T06:53:25Z,2026-06-08T08:01:25Z,52,32,abandoned,web,4K,KR,0,trending
VEW000296,USR0025,MOV0010,2024-12-29T06:24:50Z,2024-12-29T07:18:50Z,43,33,abandoned,game_console,FHD,KR,0,trending
VEW000297,USR0025,MOV0023,2025-08-06T08:14:54Z,2025-08-06T10:46:54Z,147,98,completed,tablet,HD,KR,0,trending
VEW000298,USR0025,MOV0192,2026-01-17T14:03:53Z,2026-01-17T15:23:53Z,72,77,abandoned,web,FHD,KR,0,trending
VEW000299,USR0025,MOV0077,2026-01-12T16:11:21Z,2026-01-12T17:32:21Z,80,84,abandoned,web,4K,KR,0,watchlist
VEW000300,USR0025,MOV0011,2024-06-16T02:26:38Z,2024-06-16T03:13:38Z,40,36,abandoned,smart_tv,4K,KR,0,trending
VEW000301,USR0026,MOV0132,2023-05-30T05:09:51Z,2023-05-30T06:49:51Z,84,88,completed,web,FHD,KR,0,search
VEW000302,USR0026,MOV0039,2025-06-12T08:02:29Z,2025-06-12T10:35:29Z,140,88,completed,web,SD,KR,0,trending
VEW000303,USR0026,MOV0149,2023-01-06T15:57:03Z,2023-01-06T18:17:03Z,136,96,completed,tablet,SD,KR,0,home_recommendation
VEW000304,USR0026,MOV0013,2023-07-08T01:48:59Z,2023-07-08T04:12:59Z,129,92,completed,mobile,4K,KR,0,trending
VEW000305,USR0026,MOV0096,2024-02-21T22:44:56Z,2024-02-22T00:32:56Z,107,94,completed,mobile,HD,KR,0,search
VEW000306,USR0026,MOV0126,2026-03-22T13:29:24Z,2026-03-22T15:33:24Z,121,80,abandoned,smart_tv,FHD,KR,0,home_recommendation
VEW000307,USR0026,MOV0180,2024-08-06T01:59:22Z,2024-08-06T03:01:22Z,51,34,abandoned,web,SD,KR,0,search
VEW000308,USR0026,MOV0174,2021-06-24T09:03:00Z,2021-06-24T11:19:00Z,126,98,completed,game_console,SD,KR,0,trending
VEW000309,USR0026,MOV0150,2026-04-12T07:20:31Z,2026-04-12T08:19:31Z,55,44,abandoned,tablet,4K,KR,0,home_recommendation
VEW000310,USR0026,MOV0115,2026-04-10T03:23:19Z,2026-04-10T04:58:19Z,77,53,abandoned,tablet,FHD,KR,0,search
VEW000311,USR0026,MOV0194,2025-10-01T03:03:39Z,2025-10-01T04:06:39Z,52,51,abandoned,tablet,SD,KR,0,friend_share
VEW000312,USR0026,MOV0038,2026-02-06T04:21:41Z,2026-02-06T06:01:41Z,90,80,abandoned,web,SD,KR,0,friend_share
VEW000313,USR0027,MOV0160,2025-04-10T22:14:59Z,2025-04-10T23:55:59Z,101,95,completed,web,SD,KR,0,home_recommendation
VEW000314,USR0027,MOV0114,2025-06-16T13:09:37Z,2025-06-16T14:59:37Z,100,91,completed,smart_tv,SD,KR,0,watchlist
VEW000315,USR0027,MOV0180,2025-05-04T05:57:40Z,2025-05-04T08:19:40Z,142,95,completed,tablet,FHD,KR,0,search
VEW000316,USR0027,MOV0195,2026-01-02T20:49:07Z,2026-01-02T23:19:07Z,150,98,completed,web,HD,KR,0,trending
VEW000317,USR0027,MOV0066,2024-11-16T21:27:20Z,2024-11-16T22:25:20Z,55,35,abandoned,smart_tv,HD,KR,0,trending
VEW000318,USR0027,MOV0137,2026-02-04T13:39:57Z,2026-02-04T14:08:57Z,27,29,abandoned,web,SD,KR,0,home_recommendation
VEW000319,USR0027,MOV0147,2026-01-16T15:49:05Z,2026-01-16T16:59:05Z,67,81,abandoned,web,FHD,KR,0,home_recommendation
VEW000320,USR0027,MOV0162,2025-12-28T14:26:23Z,2025-12-28T16:36:23Z,113,79,abandoned,web,HD,KR,0,friend_share
VEW000321,USR0027,MOV0059,2024-07-29T05:22:50Z,2024-07-29T06:58:50Z,81,59,abandoned,mobile,HD,KR,0,friend_share
VEW000322,USR0027,MOV0139,2023-11-13T07:02:26Z,2023-11-13T08:40:26Z,96,90,completed,smart_tv,SD,KR,0,home_recommendation
VEW000323,USR0027,MOV0133,2023-08-19T12:11:38Z,2023-08-19T14:26:38Z,134,93,completed,tablet,FHD,KR,0,watchlist
VEW000324,USR0027,MOV0177,2023-07-04T13:10:44Z,2023-07-04T13:28:44Z,15,21,abandoned,tablet,HD,KR,0,home_recommendation
VEW000325,USR0028,MOV0034,2025-04-19T02:37:31Z,2025-04-19T04:30:31Z,101,100,completed,game_console,FHD,KR,0,search
VEW000326,USR0028,MOV0001,2025-05-22T00:38:10Z,2025-05-22T03:08:10Z,136,96,completed,game_console,HD,KR,0,watchlist
VEW000327,USR0028,MOV0164,2024-05-19T19:52:46Z,2024-05-19T21:51:46Z,114,88,completed,game_console,4K,KR,0,trending
VEW000328,USR0028,MOV0101,2026-06-10T16:54:02Z,2026-06-10T19:08:02Z,134,90,completed,tablet,SD,KR,0,search
VEW000329,USR0028,MOV0107,2025-09-09T18:08:41Z,2025-09-09T19:38:41Z,85,87,completed,tablet,SD,KR,0,trending
VEW000330,USR0028,MOV0134,2025-03-01T06:20:23Z,2025-03-01T07:05:23Z,31,31,abandoned,mobile,FHD,KR,0,trending
VEW000331,USR0028,MOV0199,2026-01-01T11:09:57Z,2026-01-01T12:28:57Z,62,56,abandoned,game_console,4K,KR,0,friend_share
VEW000332,USR0028,MOV0075,2025-11-02T19:05:46Z,2025-11-02T21:00:46Z,109,94,completed,game_console,SD,KR,0,trending
VEW000333,USR0028,MOV0111,2023-09-10T23:06:25Z,2023-09-11T00:47:25Z,84,83,abandoned,tablet,HD,KR,0,search
VEW000334,USR0028,MOV0006,2023-01-31T06:08:46Z,2023-01-31T07:38:46Z,78,54,abandoned,tablet,HD,KR,0,friend_share
VEW000335,USR0028,MOV0022,2025-05-25T07:14:27Z,2025-05-25T08:04:27Z,49,53,abandoned,tablet,4K,KR,0,search
VEW000336,USR0028,MOV0083,2025-05-01T06:55:15Z,2025-05-01T07:41:15Z,37,25,abandoned,mobile,HD,KR,0,friend_share
VEW000337,USR0029,MOV0177,2025-12-19T17:41:54Z,2025-12-19T18:51:54Z,66,93,completed,tablet,4K,KR,0,search
VEW000338,USR0029,MOV0190,2025-03-24T20:15:46Z,2025-03-24T22:56:46Z,158,99,completed,smart_tv,4K,KR,0,home_recommendation
VEW000339,USR0029,MOV0009,2025-11-17T19:59:55Z,2025-11-17T22:17:55Z,129,94,completed,mobile,FHD,KR,0,trending
VEW000340,USR0029,MOV0011,2024-02-02T20:43:03Z,2024-02-02T22:27:03Z,104,94,completed,web,FHD,KR,0,watchlist
VEW000341,USR0029,MOV0001,2024-06-26T04:19:01Z,2024-06-26T06:05:01Z,89,63,abandoned,tablet,HD,KR,0,friend_share
VEW000342,USR0029,MOV0063,2023-07-27T05:41:25Z,2023-07-27T06:17:25Z,26,22,abandoned,web,4K,KR,0,trending
VEW000343,USR0029,MOV0002,2025-12-26T23:08:29Z,2025-12-27T00:53:29Z,96,93,completed,tablet,4K,KR,0,friend_share
VEW000344,USR0029,MOV0188,2026-07-05T08:47:39Z,2026-07-05T10:07:39Z,72,83,abandoned,game_console,SD,KR,0,search
VEW000345,USR0029,MOV0059,2025-03-15T00:44:14Z,2025-03-15T01:32:14Z,37,27,abandoned,game_console,4K,KR,0,friend_share
VEW000346,USR0029,MOV0102,2026-06-28T06:45:08Z,2026-06-28T07:32:08Z,42,46,abandoned,mobile,FHD,KR,0,home_recommendation
VEW000347,USR0029,MOV0128,2024-09-18T18:24:27Z,2024-09-18T19:18:27Z,41,45,abandoned,game_console,FHD,KR,0,trending
VEW000348,USR0029,MOV0161,2026-06-07T07:04:22Z,2026-06-07T08:55:22Z,109,72,abandoned,web,HD,KR,0,watchlist
VEW000349,USR0030,MOV0150,2025-09-27T18:37:13Z,2025-09-27T20:51:13Z,120,97,completed,mobile,HD,KR,0,friend_share
VEW000350,USR0030,MOV0003,2026-02-20T16:00:04Z,2026-02-20T18:03:04Z,110,97,completed,mobile,4K,KR,0,trending
VEW000351,USR0030,MOV0092,2025-12-20T06:21:44Z,2025-12-20T08:19:44Z,109,96,completed,mobile,FHD,KR,0,home_recommendation
VEW000352,USR0030,MOV0043,2025-11-15T20:19:09Z,2025-11-15T22:05:09Z,95,95,completed,game_console,4K,KR,0,trending
VEW000353,USR0030,MOV0160,2026-05-29T15:50:45Z,2026-05-29T16:51:45Z,50,47,abandoned,game_console,4K,KR,0,trending
VEW000354,USR0030,MOV0122,2026-02-23T06:21:58Z,2026-02-23T06:54:58Z,30,23,abandoned,game_console,SD,KR,0,search
VEW000355,USR0030,MOV0166,2026-02-03T02:19:11Z,2026-02-03T03:56:11Z,92,64,abandoned,web,HD,KR,0,trending
VEW000356,USR0030,MOV0183,2025-10-15T19:14:50Z,2025-10-15T20:13:50Z,46,41,abandoned,smart_tv,HD,KR,0,search
VEW000357,USR0030,MOV0175,2025-12-18T05:24:24Z,2025-12-18T07:33:24Z,114,100,completed,game_console,SD,KR,0,search
VEW000358,USR0030,MOV0177,2026-03-26T00:44:58Z,2026-03-26T01:43:58Z,56,79,abandoned,game_console,SD,KR,0,search
VEW000359,USR0030,MOV0079,2026-01-23T00:05:12Z,2026-01-23T01:31:12Z,69,45,abandoned,web,SD,KR,0,search
VEW000360,USR0030,MOV0045,2025-10-24T11:44:08Z,2025-10-24T12:30:08Z,33,24,abandoned,web,4K,KR,0,home_recommendation
VEW000361,USR0031,MOV0067,2026-07-18T21:22:46Z,2026-07-18T23:13:46Z,99,91,completed,tablet,4K,KR,0,trending
VEW000362,USR0031,MOV0082,2024-10-16T18:26:35Z,2024-10-16T20:46:35Z,138,96,completed,mobile,FHD,KR,0,friend_share
VEW000363,USR0031,MOV0123,2024-05-26T00:03:41Z,2024-05-26T01:54:41Z,100,97,completed,game_console,FHD,KR,0,search
VEW000364,USR0031,MOV0154,2025-06-27T03:14:23Z,2025-06-27T05:14:23Z,116,94,completed,smart_tv,4K,KR,0,search
VEW000365,USR0031,MOV0036,2025-11-10T19:59:20Z,2025-11-10T21:18:20Z,61,58,abandoned,smart_tv,HD,KR,0,search
VEW000366,USR0031,MOV0020,2025-10-27T00:08:09Z,2025-10-27T01:30:09Z,70,65,abandoned,game_console,SD,KR,0,home_recommendation
VEW000367,USR0031,MOV0126,2026-04-21T13:32:46Z,2026-04-21T14:25:46Z,42,28,abandoned,smart_tv,HD,KR,0,home_recommendation
VEW000368,USR0031,MOV0138,2025-07-13T11:37:32Z,2025-07-13T13:03:32Z,69,78,abandoned,tablet,FHD,KR,0,friend_share
VEW000369,USR0031,MOV0116,2022-11-22T16:18:26Z,2022-11-22T18:15:26Z,111,97,completed,mobile,FHD,KR,0,search
VEW000370,USR0031,MOV0148,2025-11-23T16:52:04Z,2025-11-23T18:53:04Z,113,98,completed,game_console,HD,KR,0,watchlist
VEW000371,USR0031,MOV0071,2024-03-03T17:25:30Z,2024-03-03T18:02:30Z,28,27,abandoned,web,4K,KR,0,search
VEW000372,USR0031,MOV0155,2024-05-26T21:54:47Z,2024-05-26T22:37:47Z,28,23,abandoned,tablet,SD,KR,0,watchlist
VEW000373,USR0032,MOV0112,2026-05-25T05:24:52Z,2026-05-25T07:26:52Z,106,98,completed,mobile,4K,KR,0,watchlist
VEW000374,USR0032,MOV0121,2026-01-28T15:40:23Z,2026-01-28T17:41:23Z,108,91,completed,web,FHD,KR,0,friend_share
VEW000375,USR0032,MOV0081,2026-03-05T10:39:59Z,2026-03-05T13:38:59Z,161,99,completed,game_console,HD,KR,0,friend_share
VEW000376,USR0032,MOV0114,2026-03-05T02:59:04Z,2026-03-05T04:53:04Z,106,96,completed,tablet,FHD,KR,0,friend_share
VEW000377,USR0032,MOV0053,2026-06-11T18:07:21Z,2026-06-11T18:27:21Z,18,18,abandoned,web,SD,KR,0,trending
VEW000378,USR0032,MOV0171,2026-02-24T13:34:39Z,2026-02-24T14:37:39Z,54,42,abandoned,game_console,FHD,KR,0,trending
VEW000379,USR0032,MOV0179,2026-04-24T18:06:51Z,2026-04-24T20:29:51Z,129,99,completed,game_console,4K,KR,0,home_recommendation
VEW000380,USR0032,MOV0074,2026-04-20T02:45:34Z,2026-04-20T04:25:34Z,97,69,abandoned,web,4K,KR,0,friend_share
VEW000381,USR0032,MOV0153,2025-12-29T02:47:56Z,2025-12-29T04:08:56Z,68,47,abandoned,web,FHD,KR,0,friend_share
VEW000382,USR0032,MOV0031,2026-02-09T22:23:38Z,2026-02-09T23:46:38Z,77,80,abandoned,web,SD,KR,0,watchlist
VEW000383,USR0032,MOV0080,2026-04-06T04:31:33Z,2026-04-06T07:07:33Z,148,99,completed,smart_tv,HD,KR,0,trending
VEW000384,USR0032,MOV0150,2026-04-13T14:23:50Z,2026-04-13T15:32:50Z,68,55,abandoned,smart_tv,SD,KR,0,watchlist
VEW000385,USR0033,MOV0095,2025-10-06T03:30:33Z,2025-10-06T05:06:33Z,92,100,completed,smart_tv,HD,KR,0,friend_share
VEW000386,USR0033,MOV0131,2026-03-16T05:39:48Z,2026-03-16T07:35:48Z,99,91,completed,web,4K,KR,0,search
VEW000387,USR0033,MOV0081,2026-05-07T06:08:39Z,2026-05-07T08:37:39Z,147,90,completed,web,4K,KR,0,watchlist
VEW000388,USR0033,MOV0060,2026-06-03T08:01:44Z,2026-06-03T10:31:44Z,132,88,completed,smart_tv,4K,KR,0,search
VEW000389,USR0033,MOV0085,2026-07-09T12:37:52Z,2026-07-09T13:48:52Z,69,55,abandoned,web,FHD,KR,0,trending
VEW000390,USR0033,MOV0147,2026-04-01T04:16:45Z,2026-04-01T05:44:45Z,78,94,completed,smart_tv,SD,KR,0,search
VEW000391,USR0033,MOV0014,2026-01-22T20:42:24Z,2026-01-22T22:46:24Z,110,81,abandoned,mobile,FHD,KR,0,friend_share
VEW000392,USR0033,MOV0037,2026-05-27T15:43:38Z,2026-05-27T16:31:38Z,42,44,abandoned,mobile,4K,KR,0,search
VEW000393,USR0033,MOV0152,2026-04-07T17:35:31Z,2026-04-07T19:24:31Z,93,74,abandoned,game_console,SD,KR,0,friend_share
VEW000394,USR0033,MOV0004,2025-09-04T08:11:37Z,2025-09-04T10:13:37Z,110,85,completed,tablet,FHD,KR,0,friend_share
VEW000395,USR0033,MOV0111,2025-10-06T18:25:13Z,2025-10-06T20:14:13Z,94,93,completed,game_console,HD,KR,0,home_recommendation
VEW000396,USR0033,MOV0018,2025-10-06T15:25:55Z,2025-10-06T16:53:55Z,74,64,abandoned,smart_tv,HD,KR,0,trending
VEW000397,USR0034,MOV0145,2024-09-24T14:56:27Z,2024-09-24T17:19:27Z,133,98,completed,smart_tv,SD,KR,0,watchlist
VEW000398,USR0034,MOV0191,2025-11-16T07:35:31Z,2025-11-16T10:27:31Z,157,97,completed,game_console,FHD,KR,0,search
VEW000399,USR0034,MOV0102,2026-04-30T09:40:26Z,2026-04-30T11:12:26Z,86,94,completed,web,HD,KR,0,home_recommendation
VEW000400,USR0034,MOV0023,2024-10-03T04:39:00Z,2024-10-03T07:14:00Z,146,97,completed,smart_tv,FHD,KR,0,home_recommendation
VEW000401,USR0034,MOV0052,2026-05-11T02:33:54Z,2026-05-11T04:00:54Z,71,44,abandoned,mobile,4K,KR,0,search
VEW000402,USR0034,MOV0112,2026-03-27T07:34:01Z,2026-03-27T08:30:01Z,52,48,abandoned,tablet,FHD,KR,0,watchlist
VEW000403,USR0034,MOV0053,2026-04-15T17:24:18Z,2026-04-15T18:25:18Z,47,48,abandoned,mobile,FHD,KR,0,watchlist
VEW000404,USR0034,MOV0041,2026-06-14T21:49:54Z,2026-06-14T23:53:54Z,115,75,abandoned,mobile,4K,KR,0,friend_share
VEW000405,USR0034,MOV0152,2025-03-30T07:03:47Z,2025-03-30T08:29:47Z,75,60,abandoned,game_console,HD,KR,0,trending
VEW000406,USR0034,MOV0104,2026-01-08T03:14:46Z,2026-01-08T05:23:46Z,112,69,abandoned,web,FHD,KR,0,trending
VEW000407,USR0034,MOV0082,2025-03-03T07:04:43Z,2025-03-03T07:34:43Z,30,21,abandoned,smart_tv,FHD,KR,0,friend_share
VEW000408,USR0034,MOV0038,2026-04-21T07:01:28Z,2026-04-21T07:39:28Z,29,26,abandoned,game_console,4K,KR,0,watchlist
VEW000409,USR0035,MOV0003,2026-01-07T09:06:33Z,2026-01-07T10:56:33Z,102,90,completed,mobile,SD,KR,0,home_recommendation
VEW000410,USR0035,MOV0097,2026-06-23T14:36:10Z,2026-06-23T16:00:10Z,68,91,completed,web,FHD,KR,0,search
VEW000411,USR0035,MOV0115,2025-12-03T17:49:23Z,2025-12-03T20:24:23Z,139,95,completed,smart_tv,FHD,KR,0,watchlist
VEW000412,USR0035,MOV0103,2025-03-09T06:52:48Z,2025-03-09T08:30:48Z,93,92,completed,web,FHD,KR,0,trending
VEW000413,USR0035,MOV0032,2024-02-07T10:24:05Z,2024-02-07T12:21:05Z,116,76,abandoned,web,HD,KR,0,friend_share
VEW000414,USR0035,MOV0020,2025-11-30T00:35:08Z,2025-11-30T01:23:08Z,32,30,abandoned,game_console,4K,KR,0,watchlist
VEW000415,USR0035,MOV0162,2025-05-18T04:04:53Z,2025-05-18T06:17:53Z,130,91,completed,mobile,4K,KR,0,friend_share
VEW000416,USR0035,MOV0043,2026-01-07T09:52:23Z,2026-01-07T11:07:23Z,66,66,abandoned,mobile,HD,KR,0,search
VEW000417,USR0035,MOV0038,2026-06-25T14:51:58Z,2026-06-25T15:54:58Z,57,51,abandoned,tablet,4K,KR,0,search
VEW000418,USR0035,MOV0137,2025-09-11T08:54:23Z,2025-09-11T09:24:23Z,26,28,abandoned,game_console,SD,KR,0,watchlist
VEW000419,USR0035,MOV0049,2025-01-04T07:31:27Z,2025-01-04T09:58:27Z,138,96,completed,game_console,HD,KR,0,friend_share
VEW000420,USR0035,MOV0130,2022-01-02T10:38:18Z,2022-01-02T12:38:18Z,103,82,abandoned,tablet,SD,KR,0,watchlist
VEW000421,USR0036,MOV0090,2026-02-15T02:28:22Z,2026-02-15T04:30:22Z,115,96,completed,mobile,SD,KR,0,watchlist
VEW000422,USR0036,MOV0106,2026-06-10T11:03:07Z,2026-06-10T12:55:07Z,106,91,completed,game_console,HD,KR,0,trending
VEW000423,USR0036,MOV0120,2024-12-22T17:55:50Z,2024-12-22T19:29:50Z,84,89,completed,web,FHD,KR,0,home_recommendation
VEW000424,USR0036,MOV0059,2025-07-22T01:00:28Z,2025-07-22T03:12:28Z,132,96,completed,mobile,HD,KR,0,search
VEW000425,USR0036,MOV0098,2026-06-14T00:53:34Z,2026-06-14T01:56:34Z,57,54,abandoned,smart_tv,4K,KR,0,friend_share
VEW000426,USR0036,MOV0096,2025-07-04T18:03:30Z,2025-07-04T18:53:30Z,36,32,abandoned,smart_tv,HD,KR,0,home_recommendation
VEW000427,USR0036,MOV0032,2025-12-12T01:37:27Z,2025-12-12T02:44:27Z,59,39,abandoned,web,SD,KR,0,watchlist
VEW000428,USR0036,MOV0105,2025-07-20T14:23:11Z,2025-07-20T16:11:11Z,99,88,completed,web,HD,KR,0,trending
VEW000429,USR0036,MOV0181,2025-07-06T08:28:32Z,2025-07-06T10:08:32Z,96,66,abandoned,smart_tv,SD,KR,0,watchlist
VEW000430,USR0036,MOV0112,2024-10-15T06:30:52Z,2024-10-15T07:42:52Z,63,58,abandoned,tablet,HD,KR,0,home_recommendation
VEW000431,USR0036,MOV0154,2025-03-01T10:50:47Z,2025-03-01T11:27:47Z,25,20,abandoned,tablet,HD,KR,0,home_recommendation
VEW000432,USR0036,MOV0070,2025-11-19T21:43:45Z,2025-11-19T22:10:45Z,19,18,abandoned,game_console,SD,KR,0,watchlist
VEW000433,USR0037,MOV0157,2025-10-25T16:55:54Z,2025-10-25T18:27:54Z,74,98,completed,smart_tv,4K,KR,0,home_recommendation
VEW000434,USR0037,MOV0001,2026-03-16T16:35:51Z,2026-03-16T18:59:51Z,135,95,completed,game_console,4K,KR,0,friend_share
VEW000435,USR0037,MOV0090,2026-05-08T06:58:50Z,2026-05-08T08:51:50Z,108,90,completed,smart_tv,SD,KR,0,search
VEW000436,USR0037,MOV0066,2022-04-12T17:28:16Z,2022-04-12T20:14:16Z,155,98,completed,smart_tv,HD,KR,0,watchlist
VEW000437,USR0037,MOV0027,2024-01-19T02:38:40Z,2024-01-19T03:18:40Z,40,39,abandoned,tablet,4K,KR,0,search
VEW000438,USR0037,MOV0163,2026-04-16T13:43:51Z,2026-04-16T15:05:51Z,66,53,abandoned,game_console,SD,KR,0,home_recommendation
VEW000439,USR0037,MOV0104,2026-06-09T12:09:08Z,2026-06-09T13:49:08Z,83,51,abandoned,smart_tv,FHD,KR,0,search
VEW000440,USR0037,MOV0133,2025-03-05T05:31:59Z,2025-03-05T07:11:59Z,82,57,abandoned,web,4K,KR,0,trending
VEW000441,USR0037,MOV0162,2025-02-01T02:25:25Z,2025-02-01T04:26:25Z,112,78,abandoned,web,SD,KR,0,trending
VEW000442,USR0037,MOV0148,2025-04-02T20:33:56Z,2025-04-02T22:28:56Z,102,89,completed,smart_tv,FHD,KR,0,search
VEW000443,USR0037,MOV0070,2025-10-03T08:56:12Z,2025-10-03T10:04:12Z,57,53,abandoned,tablet,SD,KR,0,trending
VEW000444,USR0037,MOV0112,2026-02-09T05:33:37Z,2026-02-09T06:29:37Z,39,36,abandoned,web,SD,KR,0,search
VEW000445,USR0038,MOV0158,2025-09-20T11:37:01Z,2025-09-20T13:21:01Z,90,92,completed,smart_tv,HD,KR,0,trending
VEW000446,USR0038,MOV0189,2026-05-09T22:32:43Z,2026-05-10T01:14:43Z,145,94,completed,game_console,FHD,KR,0,search
VEW000447,USR0038,MOV0155,2025-12-11T14:44:55Z,2025-12-11T16:43:55Z,107,88,completed,web,HD,KR,0,search
VEW000448,USR0038,MOV0188,2026-07-08T14:55:03Z,2026-07-08T16:20:03Z,79,91,completed,web,SD,KR,0,home_recommendation
VEW000449,USR0038,MOV0176,2025-07-29T20:37:09Z,2025-07-29T22:10:09Z,75,52,abandoned,mobile,4K,KR,0,friend_share
VEW000450,USR0038,MOV0113,2025-10-23T16:16:15Z,2025-10-23T17:19:15Z,54,37,abandoned,web,4K,KR,0,home_recommendation
VEW000451,USR0038,MOV0037,2026-04-03T10:16:07Z,2026-04-03T11:03:07Z,33,35,abandoned,tablet,FHD,KR,0,watchlist
VEW000452,USR0038,MOV0032,2025-11-21T17:41:55Z,2025-11-21T18:21:55Z,36,24,abandoned,web,4K,KR,0,home_recommendation
VEW000453,USR0038,MOV0086,2026-06-23T03:34:09Z,2026-06-23T04:59:09Z,71,54,abandoned,tablet,HD,KR,0,trending
VEW000454,USR0038,MOV0138,2026-03-27T21:17:56Z,2026-03-27T21:58:56Z,29,33,abandoned,game_console,FHD,KR,0,trending
VEW000455,USR0038,MOV0036,2025-11-25T23:25:21Z,2025-11-26T00:19:21Z,53,50,abandoned,smart_tv,HD,KR,0,search
VEW000456,USR0038,MOV0034,2026-02-14T07:54:21Z,2026-02-14T09:09:21Z,68,67,abandoned,mobile,4K,KR,0,friend_share
VEW000457,USR0039,MOV0113,2026-05-16T02:59:55Z,2026-05-16T05:13:55Z,130,89,completed,tablet,SD,KR,0,home_recommendation
VEW000458,USR0039,MOV0034,2026-04-21T12:57:26Z,2026-04-21T14:27:26Z,89,88,completed,mobile,SD,KR,0,search
VEW000459,USR0039,MOV0093,2026-02-15T19:39:46Z,2026-02-15T21:37:46Z,103,90,completed,web,4K,KR,0,trending
VEW000460,USR0039,MOV0125,2025-05-06T05:58:34Z,2025-05-06T07:35:34Z,87,96,completed,game_console,SD,KR,0,watchlist
VEW000461,USR0039,MOV0091,2025-06-17T12:28:32Z,2025-06-17T14:15:32Z,102,89,completed,tablet,HD,KR,0,watchlist
VEW000462,USR0039,MOV0096,2023-08-22T19:58:41Z,2023-08-22T20:28:41Z,24,21,abandoned,tablet,HD,KR,0,friend_share
VEW000463,USR0039,MOV0101,2026-05-19T21:06:58Z,2026-05-19T22:47:58Z,89,60,abandoned,tablet,HD,KR,0,watchlist
VEW000464,USR0039,MOV0065,2025-04-10T03:54:09Z,2025-04-10T05:17:09Z,72,56,abandoned,web,HD,KR,0,home_recommendation
VEW000465,USR0039,MOV0007,2025-11-29T02:18:57Z,2025-11-29T02:55:57Z,34,36,abandoned,smart_tv,SD,KR,0,search
VEW000466,USR0039,MOV0041,2026-05-15T04:56:43Z,2026-05-15T06:43:43Z,98,64,abandoned,game_console,SD,KR,0,trending
VEW000467,USR0039,MOV0170,2025-10-14T08:11:15Z,2025-10-14T09:54:15Z,92,84,abandoned,tablet,SD,KR,0,friend_share
VEW000468,USR0039,MOV0055,2026-04-08T14:09:09Z,2026-04-08T15:37:09Z,73,54,abandoned,web,HD,KR,0,friend_share
VEW000469,USR0040,MOV0155,2025-01-17T06:36:38Z,2025-01-17T08:46:38Z,120,98,completed,smart_tv,FHD,KR,0,friend_share
VEW000470,USR0040,MOV0150,2025-12-17T04:55:06Z,2025-12-17T07:06:06Z,113,91,completed,mobile,SD,KR,0,home_recommendation
VEW000471,USR0040,MOV0194,2025-06-08T20:03:07Z,2025-06-08T21:49:07Z,98,97,completed,mobile,4K,KR,0,friend_share
VEW000472,USR0040,MOV0169,2026-05-11T08:53:44Z,2026-05-11T11:35:44Z,152,100,completed,web,4K,KR,0,watchlist
VEW000473,USR0040,MOV0030,2026-02-25T15:00:29Z,2026-02-25T16:50:29Z,98,86,completed,mobile,SD,KR,0,watchlist
VEW000474,USR0040,MOV0141,2025-01-26T21:24:20Z,2025-01-26T22:09:20Z,33,33,abandoned,web,HD,KR,0,watchlist
VEW000475,USR0040,MOV0105,2026-01-18T11:03:29Z,2026-01-18T12:21:29Z,73,65,abandoned,game_console,FHD,KR,0,watchlist
VEW000476,USR0040,MOV0190,2025-06-14T09:57:19Z,2025-06-14T11:58:19Z,112,70,abandoned,web,4K,KR,0,search
VEW000477,USR0040,MOV0128,2025-03-07T12:15:10Z,2025-03-07T12:45:10Z,28,31,abandoned,web,FHD,KR,0,search
VEW000478,USR0040,MOV0152,2025-06-03T12:21:51Z,2025-06-03T13:04:51Z,36,29,abandoned,smart_tv,HD,KR,0,watchlist
VEW000479,USR0040,MOV0108,2026-06-12T01:17:32Z,2026-06-12T02:34:32Z,77,66,abandoned,tablet,SD,KR,0,trending
VEW000480,USR0040,MOV0093,2024-09-21T07:48:56Z,2024-09-21T09:10:56Z,78,68,abandoned,mobile,SD,KR,0,trending
VEW000481,USR0041,MOV0032,2025-12-06T21:00:17Z,2025-12-06T23:36:17Z,141,93,completed,tablet,SD,KR,0,friend_share
VEW000482,USR0041,MOV0105,2024-04-10T06:21:17Z,2024-04-10T08:10:17Z,103,92,completed,tablet,HD,KR,0,watchlist
VEW000483,USR0041,MOV0049,2024-07-01T06:54:48Z,2024-07-01T09:22:48Z,130,90,completed,tablet,HD,KR,0,trending
VEW000484,USR0041,MOV0200,2025-12-15T23:28:37Z,2025-12-16T00:54:37Z,86,93,completed,tablet,4K,KR,0,watchlist
VEW000485,USR0041,MOV0070,2026-06-27T21:06:36Z,2026-06-27T22:15:36Z,53,49,abandoned,tablet,HD,KR,0,home_recommendation
VEW000486,USR0041,MOV0138,2024-06-02T18:24:48Z,2024-06-02T19:32:48Z,58,65,abandoned,smart_tv,FHD,KR,0,search
VEW000487,USR0041,MOV0005,2026-03-30T09:03:41Z,2026-03-30T10:23:41Z,76,76,abandoned,tablet,SD,KR,0,watchlist
VEW000488,USR0041,MOV0046,2025-10-15T01:34:16Z,2025-10-15T02:15:16Z,34,28,abandoned,mobile,HD,KR,0,trending
VEW000489,USR0041,MOV0198,2024-03-15T07:54:00Z,2024-03-15T09:28:00Z,82,72,abandoned,tablet,4K,KR,0,search
VEW000490,USR0041,MOV0075,2024-10-15T06:51:46Z,2024-10-15T08:31:46Z,94,81,abandoned,smart_tv,SD,KR,0,search
VEW000491,USR0041,MOV0191,2025-07-17T23:17:08Z,2025-07-18T00:54:08Z,84,52,abandoned,game_console,FHD,KR,0,home_recommendation
VEW000492,USR0041,MOV0134,2024-03-26T05:35:08Z,2024-03-26T05:58:08Z,21,21,abandoned,game_console,4K,KR,0,home_recommendation
VEW000493,USR0042,MOV0193,2026-07-05T09:10:20Z,2026-07-05T11:39:20Z,135,100,completed,web,4K,KR,0,home_recommendation
VEW000494,USR0042,MOV0118,2026-06-12T02:30:01Z,2026-06-12T04:16:01Z,103,100,completed,mobile,HD,KR,0,watchlist
VEW000495,USR0042,MOV0051,2026-04-16T10:43:19Z,2026-04-16T12:35:19Z,111,96,completed,web,HD,KR,0,search
VEW000496,USR0042,MOV0088,2025-12-17T12:32:32Z,2025-12-17T14:16:32Z,93,91,completed,game_console,FHD,KR,0,trending
VEW000497,USR0042,MOV0125,2025-10-31T06:32:14Z,2025-10-31T07:18:14Z,32,35,abandoned,smart_tv,4K,KR,0,trending
VEW000498,USR0042,MOV0170,2024-08-05T10:19:37Z,2024-08-05T11:46:37Z,73,67,abandoned,mobile,HD,KR,0,friend_share
VEW000499,USR0042,MOV0037,2026-07-08T13:08:37Z,2026-07-08T14:18:37Z,63,66,abandoned,smart_tv,FHD,KR,0,trending
VEW000500,USR0042,MOV0141,2026-02-26T23:11:33Z,2026-02-26T23:45:33Z,33,33,abandoned,smart_tv,HD,KR,0,search
VEW000501,USR0042,MOV0149,2025-08-05T11:33:52Z,2025-08-05T13:57:52Z,132,93,completed,smart_tv,FHD,KR,0,trending
VEW000502,USR0042,MOV0041,2026-06-19T14:58:39Z,2026-06-19T16:48:39Z,96,63,abandoned,game_console,SD,KR,0,friend_share
VEW000503,USR0042,MOV0067,2026-02-07T17:14:26Z,2026-02-07T18:39:26Z,73,67,abandoned,smart_tv,HD,KR,0,search
VEW000504,USR0042,MOV0192,2024-12-15T06:46:51Z,2024-12-15T07:30:51Z,28,30,abandoned,game_console,FHD,KR,0,friend_share
VEW000505,USR0043,MOV0048,2026-03-06T22:55:03Z,2026-03-07T00:22:03Z,77,100,completed,smart_tv,4K,KR,0,search
VEW000506,USR0043,MOV0180,2023-12-29T18:22:43Z,2023-12-29T20:38:43Z,136,91,completed,smart_tv,HD,KR,0,search
VEW000507,USR0043,MOV0173,2025-06-21T07:27:04Z,2025-06-21T09:45:04Z,129,95,completed,tablet,FHD,KR,0,watchlist
VEW000508,USR0043,MOV0177,2022-11-01T14:19:52Z,2022-11-01T15:45:52Z,70,98,completed,web,4K,KR,0,trending
VEW000509,USR0043,MOV0129,2024-11-30T19:50:59Z,2024-11-30T21:38:59Z,92,69,abandoned,mobile,HD,KR,0,search
VEW000510,USR0043,MOV0085,2026-04-24T21:05:24Z,2026-04-24T22:43:24Z,87,69,abandoned,smart_tv,HD,KR,0,watchlist
VEW000511,USR0043,MOV0188,2026-02-05T06:45:46Z,2026-02-05T07:38:46Z,37,42,abandoned,web,SD,KR,0,home_recommendation
VEW000512,USR0043,MOV0060,2026-07-17T01:19:02Z,2026-07-17T02:35:02Z,63,42,abandoned,web,SD,KR,0,trending
VEW000513,USR0043,MOV0019,2025-06-18T17:48:52Z,2025-06-18T18:31:52Z,35,36,abandoned,web,SD,KR,0,trending
VEW000514,USR0043,MOV0025,2026-03-11T08:02:12Z,2026-03-11T09:04:12Z,53,34,abandoned,smart_tv,HD,KR,0,trending
VEW000515,USR0043,MOV0093,2024-02-22T03:23:38Z,2024-02-22T04:41:38Z,64,56,abandoned,web,HD,KR,0,home_recommendation
VEW000516,USR0043,MOV0189,2026-04-25T05:44:51Z,2026-04-25T07:33:51Z,106,69,abandoned,tablet,4K,KR,0,watchlist
VEW000517,USR0044,MOV0182,2026-01-29T07:09:46Z,2026-01-29T09:18:46Z,128,97,completed,game_console,SD,KR,0,trending
VEW000518,USR0044,MOV0129,2025-03-04T09:01:50Z,2025-03-04T11:14:50Z,125,94,completed,web,4K,KR,0,home_recommendation
VEW000519,USR0044,MOV0125,2025-05-28T17:21:44Z,2025-05-28T18:56:44Z,86,94,completed,game_console,SD,KR,0,trending
VEW000520,USR0044,MOV0120,2025-05-27T01:57:25Z,2025-05-27T03:40:25Z,86,92,completed,smart_tv,SD,KR,0,friend_share
VEW000521,USR0044,MOV0107,2025-06-20T14:49:12Z,2025-06-20T15:17:12Z,18,18,abandoned,game_console,HD,KR,0,watchlist
VEW000522,USR0044,MOV0006,2023-07-15T17:56:09Z,2023-07-15T18:36:09Z,39,27,abandoned,web,HD,KR,0,home_recommendation
VEW000523,USR0044,MOV0105,2025-04-03T02:09:35Z,2025-04-03T03:15:35Z,65,58,abandoned,smart_tv,SD,KR,0,trending
VEW000524,USR0044,MOV0141,2025-01-23T17:59:35Z,2025-01-23T18:43:35Z,30,30,abandoned,game_console,FHD,KR,0,search
VEW000525,USR0044,MOV0083,2025-12-23T10:03:46Z,2025-12-23T11:59:46Z,110,75,abandoned,tablet,HD,KR,0,watchlist
VEW000526,USR0044,MOV0106,2025-12-31T15:31:10Z,2025-12-31T17:16:10Z,103,88,completed,smart_tv,4K,KR,0,home_recommendation
VEW000527,USR0044,MOV0190,2025-06-15T00:07:40Z,2025-06-15T02:04:40Z,102,64,abandoned,tablet,HD,KR,0,trending
VEW000528,USR0044,MOV0117,2026-03-09T02:45:37Z,2026-03-09T04:14:37Z,77,95,completed,smart_tv,HD,KR,0,home_recommendation
VEW000529,USR0045,MOV0112,2026-07-02T10:15:17Z,2026-07-02T12:08:17Z,102,94,completed,tablet,FHD,KR,0,friend_share
VEW000530,USR0045,MOV0031,2026-03-20T16:20:07Z,2026-03-20T18:01:07Z,93,97,completed,smart_tv,SD,KR,0,search
VEW000531,USR0045,MOV0045,2026-05-06T00:11:14Z,2026-05-06T02:39:14Z,133,96,completed,web,4K,KR,0,friend_share
VEW000532,USR0045,MOV0032,2026-05-18T12:32:19Z,2026-05-18T15:09:19Z,150,99,completed,tablet,SD,KR,0,search
VEW000533,USR0045,MOV0192,2026-02-06T09:28:07Z,2026-02-06T10:03:07Z,33,35,abandoned,web,FHD,KR,0,home_recommendation
VEW000534,USR0045,MOV0119,2026-04-10T15:41:49Z,2026-04-10T16:31:49Z,35,26,abandoned,web,4K,KR,0,trending
VEW000535,USR0045,MOV0070,2026-02-26T18:40:17Z,2026-02-26T20:23:17Z,86,80,abandoned,web,HD,KR,0,trending
VEW000536,USR0045,MOV0088,2026-06-06T23:42:18Z,2026-06-07T01:24:18Z,91,89,completed,web,FHD,KR,0,home_recommendation
VEW000537,USR0045,MOV0019,2026-03-17T19:24:36Z,2026-03-17T20:15:36Z,47,48,abandoned,mobile,HD,KR,0,trending
VEW000538,USR0045,MOV0064,2026-02-01T12:57:22Z,2026-02-01T14:59:22Z,106,80,abandoned,mobile,4K,KR,0,friend_share
VEW000539,USR0045,MOV0079,2026-05-16T13:25:44Z,2026-05-16T15:30:44Z,118,77,abandoned,game_console,FHD,KR,0,trending
VEW000540,USR0045,MOV0023,2026-04-14T07:33:32Z,2026-04-14T09:25:32Z,108,72,abandoned,smart_tv,SD,KR,0,trending
VEW000541,USR0046,MOV0177,2026-07-15T04:53:50Z,2026-07-15T06:05:50Z,71,100,completed,mobile,SD,KR,0,search
VEW000542,USR0046,MOV0053,2026-03-01T20:13:36Z,2026-03-01T21:46:36Z,93,95,completed,game_console,HD,KR,0,trending
VEW000543,USR0046,MOV0198,2023-05-15T15:55:27Z,2023-05-15T17:40:27Z,101,89,completed,game_console,SD,KR,0,search
VEW000544,USR0046,MOV0135,2026-06-10T00:24:28Z,2026-06-10T02:44:28Z,132,96,completed,tablet,4K,KR,0,search
VEW000545,USR0046,MOV0170,2026-06-19T01:17:53Z,2026-06-19T03:04:53Z,106,97,completed,game_console,FHD,KR,0,trending
VEW000546,USR0046,MOV0087,2025-09-14T16:53:58Z,2025-09-14T18:00:58Z,61,62,abandoned,tablet,FHD,KR,0,search
VEW000547,USR0046,MOV0111,2022-11-18T12:37:20Z,2022-11-18T13:28:20Z,47,47,abandoned,smart_tv,SD,KR,0,search
VEW000548,USR0046,MOV0172,2026-06-02T00:13:29Z,2026-06-02T02:03:29Z,93,69,abandoned,mobile,SD,KR,0,search
VEW000549,USR0046,MOV0140,2025-12-23T16:10:10Z,2025-12-23T17:16:10Z,48,38,abandoned,mobile,SD,KR,0,trending
VEW000550,USR0046,MOV0159,2025-12-05T03:38:23Z,2025-12-05T05:12:23Z,79,58,abandoned,game_console,4K,KR,0,watchlist
VEW000551,USR0046,MOV0115,2024-09-19T23:48:11Z,2024-09-20T02:04:11Z,121,83,abandoned,game_console,FHD,KR,0,watchlist
VEW000552,USR0046,MOV0114,2024-12-17T00:31:50Z,2024-12-17T02:30:50Z,109,99,completed,game_console,4K,KR,0,watchlist
VEW000553,USR0047,MOV0010,2024-05-20T19:39:35Z,2024-05-20T21:41:35Z,121,94,completed,mobile,FHD,KR,0,friend_share
VEW000554,USR0047,MOV0064,2026-05-30T22:12:22Z,2026-05-31T00:33:22Z,129,98,completed,web,SD,KR,0,trending
VEW000555,USR0047,MOV0184,2026-03-30T16:57:02Z,2026-03-30T18:34:02Z,93,91,completed,tablet,HD,KR,0,home_recommendation
VEW000556,USR0047,MOV0109,2026-03-13T11:51:28Z,2026-03-13T13:57:28Z,122,95,completed,web,SD,KR,0,watchlist
VEW000557,USR0047,MOV0157,2024-05-09T13:07:54Z,2024-05-09T13:37:54Z,17,23,abandoned,game_console,4K,KR,0,friend_share
VEW000558,USR0047,MOV0024,2025-08-29T11:19:17Z,2025-08-29T12:25:17Z,65,53,abandoned,smart_tv,FHD,KR,0,trending
VEW000559,USR0047,MOV0121,2025-06-29T00:18:59Z,2025-06-29T02:10:59Z,100,84,abandoned,game_console,4K,KR,0,home_recommendation
VEW000560,USR0047,MOV0175,2025-05-28T04:30:51Z,2025-05-28T04:59:51Z,25,22,abandoned,tablet,FHD,KR,0,search
VEW000561,USR0047,MOV0113,2025-12-23T17:22:24Z,2025-12-23T18:06:24Z,28,19,abandoned,mobile,4K,KR,0,search
VEW000562,USR0047,MOV0106,2026-05-14T23:44:07Z,2026-05-15T01:05:07Z,78,67,abandoned,smart_tv,HD,KR,0,friend_share
VEW000563,USR0047,MOV0159,2024-10-21T03:48:06Z,2024-10-21T04:42:06Z,54,40,abandoned,tablet,SD,KR,0,search
VEW000564,USR0047,MOV0018,2025-05-19T05:00:58Z,2025-05-19T06:54:58Z,113,98,completed,smart_tv,FHD,KR,0,trending
VEW000565,USR0048,MOV0094,2025-08-26T14:31:54Z,2025-08-26T16:44:54Z,116,91,completed,tablet,4K,KR,0,search
VEW000566,USR0048,MOV0004,2025-07-17T13:21:08Z,2025-07-17T15:30:08Z,116,90,completed,web,SD,KR,0,friend_share
VEW000567,USR0048,MOV0146,2025-10-24T06:05:24Z,2025-10-24T08:25:24Z,132,91,completed,game_console,SD,KR,0,watchlist
VEW000568,USR0048,MOV0087,2025-01-30T23:40:55Z,2025-01-31T01:19:55Z,89,91,completed,game_console,HD,KR,0,watchlist
VEW000569,USR0048,MOV0176,2024-10-16T00:29:25Z,2024-10-16T01:49:25Z,70,48,abandoned,smart_tv,FHD,KR,0,trending
VEW000570,USR0048,MOV0172,2026-05-03T02:34:13Z,2026-05-03T03:15:13Z,30,22,abandoned,smart_tv,SD,KR,0,home_recommendation
VEW000571,USR0048,MOV0121,2025-06-13T02:04:10Z,2025-06-13T02:36:10Z,27,23,abandoned,mobile,4K,KR,0,search
VEW000572,USR0048,MOV0165,2025-05-06T16:49:42Z,2025-05-06T17:43:42Z,46,38,abandoned,tablet,FHD,KR,0,friend_share
VEW000573,USR0048,MOV0046,2026-05-12T23:30:54Z,2026-05-13T01:42:54Z,116,94,completed,web,FHD,KR,0,watchlist
VEW000574,USR0048,MOV0189,2026-07-11T02:49:21Z,2026-07-11T05:22:21Z,140,91,completed,smart_tv,4K,KR,0,trending
VEW000575,USR0048,MOV0027,2025-09-14T23:28:50Z,2025-09-15T00:57:50Z,76,74,abandoned,mobile,HD,KR,0,trending
VEW000576,USR0048,MOV0130,2025-07-31T15:05:29Z,2025-07-31T16:21:29Z,68,54,abandoned,game_console,4K,KR,0,watchlist
VEW000577,USR0049,MOV0112,2021-12-07T09:52:46Z,2021-12-07T11:49:46Z,102,94,completed,game_console,SD,KR,0,trending
VEW000578,USR0049,MOV0194,2026-03-27T16:23:17Z,2026-03-27T18:17:17Z,97,96,completed,tablet,FHD,KR,0,search
VEW000579,USR0049,MOV0049,2023-06-15T17:21:36Z,2023-06-15T19:46:36Z,143,99,completed,game_console,SD,KR,0,friend_share
VEW000580,USR0049,MOV0149,2026-03-24T11:34:02Z,2026-03-24T14:01:02Z,139,98,completed,web,HD,KR,0,home_recommendation
VEW000581,USR0049,MOV0106,2025-10-14T00:47:13Z,2025-10-14T02:39:13Z,108,92,completed,mobile,HD,KR,0,home_recommendation
VEW000582,USR0049,MOV0173,2025-05-18T12:35:11Z,2025-05-18T13:38:11Z,52,38,abandoned,smart_tv,SD,KR,0,trending
VEW000583,USR0049,MOV0126,2026-07-16T21:06:07Z,2026-07-16T22:46:07Z,82,54,abandoned,web,HD,KR,0,home_recommendation
VEW000584,USR0049,MOV0134,2025-02-08T20:34:27Z,2025-02-08T21:14:27Z,22,22,abandoned,game_console,FHD,KR,0,search
VEW000585,USR0049,MOV0156,2024-05-19T17:11:48Z,2024-05-19T17:49:48Z,34,35,abandoned,game_console,HD,KR,0,trending
VEW000586,USR0049,MOV0053,2026-07-07T20:11:07Z,2026-07-07T21:35:07Z,68,69,abandoned,tablet,FHD,KR,0,home_recommendation
VEW000587,USR0049,MOV0007,2025-03-14T22:25:07Z,2025-03-15T00:00:07Z,94,100,completed,smart_tv,FHD,KR,0,home_recommendation
VEW000588,USR0049,MOV0073,2024-08-23T22:24:28Z,2024-08-24T01:06:28Z,151,93,completed,mobile,HD,KR,0,friend_share
VEW000589,USR0050,MOV0022,2025-07-02T20:34:56Z,2025-07-02T22:21:56Z,91,98,completed,mobile,HD,KR,0,home_recommendation
VEW000590,USR0050,MOV0099,2025-09-14T08:45:55Z,2025-09-14T11:00:55Z,117,90,completed,game_console,SD,KR,0,friend_share
VEW000591,USR0050,MOV0135,2025-11-10T01:04:18Z,2025-11-10T03:27:18Z,128,93,completed,game_console,HD,KR,0,trending
VEW000592,USR0050,MOV0175,2026-01-15T20:33:58Z,2026-01-15T22:24:58Z,107,94,completed,mobile,HD,KR,0,trending
VEW000593,USR0050,MOV0150,2025-08-10T04:03:24Z,2025-08-10T05:42:24Z,87,70,abandoned,tablet,FHD,KR,0,friend_share
VEW000594,USR0050,MOV0086,2026-05-30T08:00:40Z,2026-05-30T09:48:40Z,102,78,abandoned,web,SD,KR,0,trending
VEW000595,USR0050,MOV0105,2025-05-26T13:56:04Z,2025-05-26T14:46:04Z,39,35,abandoned,tablet,4K,KR,0,home_recommendation
VEW000596,USR0050,MOV0037,2025-02-16T20:55:01Z,2025-02-16T22:07:01Z,66,69,abandoned,mobile,HD,KR,0,search
VEW000597,USR0050,MOV0028,2025-12-04T01:14:50Z,2025-12-04T02:45:50Z,85,80,abandoned,mobile,4K,KR,0,search
VEW000598,USR0050,MOV0048,2024-10-17T00:17:09Z,2024-10-17T00:59:09Z,31,40,abandoned,mobile,4K,KR,0,home_recommendation
VEW000599,USR0050,MOV0179,2025-09-10T07:12:08Z,2025-09-10T09:14:08Z,116,89,completed,game_console,HD,KR,0,search
VEW000600,USR0050,MOV0186,2026-04-28T23:13:34Z,2026-04-29T00:24:34Z,65,43,abandoned,tablet,SD,KR,0,trending
VEW000601,USR0051,MOV0132,2025-06-19T07:39:49Z,2025-06-19T09:08:49Z,88,92,completed,web,HD,KR,0,friend_share
VEW000602,USR0051,MOV0062,2026-06-19T05:08:15Z,2026-06-19T07:28:15Z,133,89,completed,game_console,FHD,KR,0,home_recommendation
VEW000603,USR0051,MOV0131,2025-12-24T11:26:27Z,2025-12-24T13:31:27Z,108,99,completed,tablet,SD,KR,0,home_recommendation
VEW000604,USR0051,MOV0105,2025-10-19T05:12:50Z,2025-10-19T07:12:50Z,104,93,completed,mobile,FHD,KR,0,home_recommendation
VEW000605,USR0051,MOV0033,2023-11-04T15:15:52Z,2023-11-04T16:52:52Z,79,90,completed,tablet,SD,KR,0,trending
VEW000606,USR0051,MOV0042,2025-12-07T06:01:07Z,2025-12-07T07:17:07Z,58,46,abandoned,mobile,SD,KR,0,trending
VEW000607,USR0051,MOV0082,2023-11-14T14:46:57Z,2023-11-14T16:46:57Z,105,73,abandoned,tablet,FHD,KR,0,search
VEW000608,USR0051,MOV0102,2023-07-24T06:24:00Z,2023-07-24T06:49:00Z,18,20,abandoned,mobile,SD,KR,0,friend_share
VEW000609,USR0051,MOV0197,2025-08-04T21:53:24Z,2025-08-04T22:58:24Z,63,59,abandoned,tablet,SD,KR,0,watchlist
VEW000610,USR0051,MOV0109,2025-03-07T04:13:36Z,2025-03-07T04:50:36Z,28,22,abandoned,game_console,FHD,KR,0,watchlist
VEW000611,USR0051,MOV0183,2025-10-18T03:55:10Z,2025-10-18T04:42:10Z,36,32,abandoned,web,FHD,KR,0,trending
VEW000612,USR0051,MOV0177,2024-06-08T19:56:32Z,2024-06-08T21:05:32Z,65,92,completed,mobile,HD,KR,0,trending
VEW000613,USR0052,MOV0043,2026-06-27T14:24:45Z,2026-06-27T16:13:45Z,95,95,completed,game_console,FHD,KR,0,search
VEW000614,USR0052,MOV0057,2025-11-27T23:34:19Z,2025-11-28T01:17:19Z,93,94,completed,smart_tv,FHD,KR,0,friend_share
VEW000615,USR0052,MOV0108,2026-05-05T00:07:56Z,2026-05-05T02:00:56Z,109,93,completed,tablet,FHD,KR,0,home_recommendation
VEW000616,USR0052,MOV0165,2025-11-03T20:47:52Z,2025-11-03T23:00:52Z,120,98,completed,web,4K,KR,0,watchlist
VEW000617,USR0052,MOV0085,2026-05-19T01:22:06Z,2026-05-19T02:26:06Z,53,42,abandoned,tablet,FHD,KR,0,watchlist
VEW000618,USR0052,MOV0179,2026-04-24T03:27:01Z,2026-04-24T05:10:01Z,95,73,abandoned,tablet,FHD,KR,0,trending
VEW000619,USR0052,MOV0133,2026-04-12T22:31:29Z,2026-04-13T00:48:29Z,122,85,completed,mobile,SD,KR,0,watchlist
VEW000620,USR0052,MOV0171,2026-02-17T01:29:14Z,2026-02-17T02:47:14Z,73,57,abandoned,smart_tv,4K,KR,0,watchlist
VEW000621,USR0052,MOV0051,2025-11-22T00:34:16Z,2025-11-22T00:57:16Z,22,19,abandoned,web,4K,KR,0,search
VEW000622,USR0052,MOV0153,2025-12-05T05:59:54Z,2025-12-05T07:30:54Z,88,61,abandoned,mobile,4K,KR,0,home_recommendation
VEW000623,USR0052,MOV0097,2026-06-19T08:25:57Z,2026-06-19T09:27:57Z,59,79,abandoned,game_console,SD,KR,0,home_recommendation
VEW000624,USR0052,MOV0102,2026-02-27T00:35:58Z,2026-02-27T02:02:58Z,78,85,completed,game_console,4K,KR,0,friend_share
VEW000625,USR0053,MOV0155,2025-07-11T18:54:23Z,2025-07-11T21:00:23Z,115,94,completed,web,4K,KR,0,friend_share
VEW000626,USR0053,MOV0192,2025-01-07T15:27:57Z,2025-01-07T17:02:57Z,86,92,completed,tablet,SD,KR,0,trending
VEW000627,USR0053,MOV0197,2024-12-03T07:04:45Z,2024-12-03T08:52:45Z,96,91,completed,tablet,4K,KR,0,home_recommendation
VEW000628,USR0053,MOV0055,2026-05-08T11:05:21Z,2026-05-08T13:25:21Z,127,94,completed,web,FHD,KR,0,watchlist
VEW000629,USR0053,MOV0162,2025-05-20T03:50:07Z,2025-05-20T04:53:07Z,57,40,abandoned,tablet,HD,KR,0,home_recommendation
VEW000630,USR0053,MOV0187,2025-08-11T02:38:03Z,2025-08-11T04:12:03Z,87,100,completed,tablet,SD,KR,0,search
VEW000631,USR0053,MOV0083,2026-02-26T15:09:27Z,2026-02-26T16:46:27Z,88,60,abandoned,web,SD,KR,0,home_recommendation
VEW000632,USR0053,MOV0002,2025-12-15T05:28:28Z,2025-12-15T06:43:28Z,64,62,abandoned,tablet,HD,KR,0,friend_share
VEW000633,USR0053,MOV0102,2024-09-26T23:33:12Z,2024-09-26T23:59:12Z,21,23,abandoned,game_console,SD,KR,0,search
VEW000634,USR0053,MOV0032,2025-07-16T13:32:46Z,2025-07-16T15:33:46Z,109,72,abandoned,tablet,HD,KR,0,search
VEW000635,USR0053,MOV0081,2026-06-18T16:47:56Z,2026-06-18T18:14:56Z,82,50,abandoned,web,4K,KR,0,trending
VEW000636,USR0053,MOV0128,2026-05-20T07:23:47Z,2026-05-20T08:20:47Z,56,61,abandoned,smart_tv,FHD,KR,0,friend_share
VEW000637,USR0054,MOV0038,2026-02-20T08:21:52Z,2026-02-20T10:04:52Z,99,88,completed,mobile,SD,KR,0,search
VEW000638,USR0054,MOV0001,2024-01-27T03:39:36Z,2024-01-27T06:08:36Z,138,97,completed,tablet,FHD,KR,0,friend_share
VEW000639,USR0054,MOV0159,2026-02-09T01:43:24Z,2026-02-09T03:53:24Z,125,92,completed,tablet,SD,KR,0,home_recommendation
VEW000640,USR0054,MOV0128,2023-01-22T01:14:05Z,2023-01-22T02:58:05Z,86,94,completed,smart_tv,HD,KR,0,search
VEW000641,USR0054,MOV0170,2025-05-19T07:21:53Z,2025-05-19T08:58:53Z,81,74,abandoned,smart_tv,FHD,KR,0,trending
VEW000642,USR0054,MOV0065,2026-04-11T04:31:30Z,2026-04-11T05:17:30Z,40,31,abandoned,web,4K,KR,0,search
VEW000643,USR0054,MOV0175,2025-04-29T16:37:03Z,2025-04-29T17:20:03Z,34,30,abandoned,smart_tv,4K,KR,0,home_recommendation
VEW000644,USR0054,MOV0140,2025-04-03T12:55:47Z,2025-04-03T14:00:47Z,51,41,abandoned,smart_tv,4K,KR,0,watchlist
VEW000645,USR0054,MOV0131,2025-06-16T11:49:40Z,2025-06-16T12:26:40Z,36,33,abandoned,mobile,HD,KR,0,home_recommendation
VEW000646,USR0054,MOV0115,2025-08-09T01:03:25Z,2025-08-09T02:22:25Z,67,46,abandoned,game_console,4K,KR,0,watchlist
VEW000647,USR0054,MOV0191,2024-09-12T14:43:09Z,2024-09-12T15:15:09Z,31,19,abandoned,tablet,HD,KR,0,home_recommendation
VEW000648,USR0054,MOV0152,2024-07-24T12:23:27Z,2024-07-24T13:17:27Z,38,30,abandoned,web,SD,KR,0,friend_share
VEW000649,USR0055,MOV0061,2025-10-06T23:43:58Z,2025-10-07T01:47:58Z,114,99,completed,smart_tv,4K,KR,0,watchlist
VEW000650,USR0055,MOV0197,2025-08-06T02:02:02Z,2025-08-06T04:04:02Z,106,100,completed,smart_tv,SD,KR,0,home_recommendation
VEW000651,USR0055,MOV0062,2026-07-16T19:56:45Z,2026-07-16T22:26:45Z,137,92,completed,smart_tv,FHD,KR,0,search
VEW000652,USR0055,MOV0049,2026-05-04T08:12:14Z,2026-05-04T10:37:14Z,138,96,completed,web,HD,KR,0,trending
VEW000653,USR0055,MOV0094,2025-12-14T23:58:00Z,2025-12-15T01:28:00Z,87,68,abandoned,web,SD,KR,0,trending
VEW000654,USR0055,MOV0192,2025-08-20T08:00:37Z,2025-08-20T09:09:37Z,61,65,abandoned,tablet,4K,KR,0,search
VEW000655,USR0055,MOV0111,2026-07-05T17:03:11Z,2026-07-05T18:45:11Z,96,95,completed,smart_tv,FHD,KR,0,home_recommendation
VEW000656,USR0055,MOV0002,2025-08-25T20:30:11Z,2025-08-25T21:40:11Z,66,64,abandoned,mobile,SD,KR,0,watchlist
VEW000657,USR0055,MOV0042,2025-07-02T02:07:02Z,2025-07-02T03:12:02Z,60,47,abandoned,mobile,4K,KR,0,watchlist
VEW000658,USR0055,MOV0146,2025-11-03T06:07:18Z,2025-11-03T07:29:18Z,80,55,abandoned,web,HD,KR,0,home_recommendation
VEW000659,USR0055,MOV0184,2025-07-20T12:44:54Z,2025-07-20T13:39:54Z,52,51,abandoned,smart_tv,FHD,KR,0,search
VEW000660,USR0055,MOV0014,2025-06-21T08:49:54Z,2025-06-21T10:58:54Z,117,86,completed,web,HD,KR,0,trending
VEW000661,USR0056,MOV0135,2025-02-14T12:30:29Z,2025-02-14T14:48:29Z,134,97,completed,game_console,FHD,KR,0,trending
VEW000662,USR0056,MOV0105,2025-09-27T22:01:15Z,2025-09-28T00:07:15Z,112,100,completed,game_console,SD,KR,0,home_recommendation
VEW000663,USR0056,MOV0075,2026-07-12T03:47:43Z,2026-07-12T05:53:43Z,114,98,completed,game_console,SD,KR,0,watchlist
VEW000664,USR0056,MOV0056,2024-01-11T05:59:40Z,2024-01-11T07:58:40Z,106,95,completed,game_console,SD,KR,0,watchlist
VEW000665,USR0056,MOV0092,2025-09-16T23:43:32Z,2025-09-17T00:31:32Z,48,42,abandoned,web,FHD,KR,0,watchlist
VEW000666,USR0056,MOV0117,2026-04-29T13:41:59Z,2026-04-29T15:11:59Z,79,98,completed,game_console,FHD,KR,0,friend_share
VEW000667,USR0056,MOV0181,2022-11-12T04:53:58Z,2022-11-12T06:28:58Z,84,58,abandoned,tablet,SD,KR,0,home_recommendation
VEW000668,USR0056,MOV0197,2026-02-17T02:53:11Z,2026-02-17T04:21:11Z,76,72,abandoned,mobile,SD,KR,0,watchlist
VEW000669,USR0056,MOV0064,2025-11-03T21:21:41Z,2025-11-03T23:05:41Z,90,68,abandoned,tablet,FHD,KR,0,friend_share
VEW000670,USR0056,MOV0185,2025-10-16T12:28:33Z,2025-10-16T14:41:33Z,116,75,abandoned,game_console,FHD,KR,0,search
VEW000671,USR0056,MOV0059,2025-05-07T05:48:46Z,2025-05-07T07:24:46Z,90,65,abandoned,smart_tv,4K,KR,0,home_recommendation
VEW000672,USR0056,MOV0050,2026-04-10T22:54:55Z,2026-04-11T00:31:55Z,82,58,abandoned,web,SD,KR,0,friend_share
VEW000673,USR0057,MOV0082,2026-01-02T13:50:17Z,2026-01-02T16:18:17Z,134,93,completed,smart_tv,FHD,KR,0,search
VEW000674,USR0057,MOV0176,2024-02-14T10:50:04Z,2024-02-14T13:07:04Z,136,94,completed,tablet,FHD,KR,0,home_recommendation
VEW000675,USR0057,MOV0126,2026-06-10T16:33:13Z,2026-06-10T19:02:13Z,145,96,completed,tablet,SD,KR,0,friend_share
VEW000676,USR0057,MOV0167,2022-12-02T14:21:07Z,2022-12-02T15:45:07Z,70,91,completed,tablet,FHD,KR,0,watchlist
VEW000677,USR0057,MOV0001,2026-07-10T14:11:16Z,2026-07-10T15:49:16Z,88,62,abandoned,smart_tv,HD,KR,0,trending
VEW000678,USR0057,MOV0165,2025-11-11T14:43:33Z,2025-11-11T16:10:33Z,78,64,abandoned,game_console,4K,KR,0,trending
VEW000679,USR0057,MOV0162,2026-01-01T12:24:14Z,2026-01-01T14:37:14Z,126,88,completed,tablet,4K,KR,0,friend_share
VEW000680,USR0057,MOV0087,2025-04-05T10:41:18Z,2025-04-05T12:20:18Z,94,96,completed,smart_tv,4K,KR,0,search
VEW000681,USR0057,MOV0004,2026-04-20T13:29:49Z,2026-04-20T15:52:49Z,126,98,completed,web,4K,KR,0,search
VEW000682,USR0057,MOV0005,2025-08-01T07:20:45Z,2025-08-01T08:57:45Z,90,90,completed,smart_tv,HD,KR,0,friend_share
VEW000683,USR0057,MOV0118,2026-05-10T04:43:55Z,2026-05-10T06:17:55Z,83,81,abandoned,web,4K,KR,0,search
VEW000684,USR0057,MOV0102,2026-02-14T13:41:45Z,2026-02-14T14:08:45Z,22,24,abandoned,mobile,4K,KR,0,trending
VEW000685,USR0058,MOV0014,2026-03-20T10:46:53Z,2026-03-20T13:10:53Z,128,94,completed,game_console,FHD,KR,0,watchlist
VEW000686,USR0058,MOV0116,2026-04-24T04:47:05Z,2026-04-24T06:30:05Z,103,90,completed,smart_tv,FHD,KR,0,search
VEW000687,USR0058,MOV0020,2026-05-31T07:15:51Z,2026-05-31T09:03:51Z,100,93,completed,web,4K,KR,0,home_recommendation
VEW000688,USR0058,MOV0200,2026-03-05T18:09:07Z,2026-03-05T19:42:07Z,86,94,completed,smart_tv,FHD,KR,0,home_recommendation
VEW000689,USR0058,MOV0096,2026-05-25T11:48:13Z,2026-05-25T12:25:13Z,23,20,abandoned,tablet,SD,KR,0,friend_share
VEW000690,USR0058,MOV0092,2026-05-18T09:58:09Z,2026-05-18T10:40:09Z,36,32,abandoned,tablet,HD,KR,0,home_recommendation
VEW000691,USR0058,MOV0196,2026-02-24T09:37:09Z,2026-02-24T11:14:09Z,92,76,abandoned,mobile,FHD,KR,0,trending
VEW000692,USR0058,MOV0105,2026-05-24T01:38:20Z,2026-05-24T02:40:20Z,48,43,abandoned,web,HD,KR,0,home_recommendation
VEW000693,USR0058,MOV0121,2026-06-13T08:18:22Z,2026-06-13T09:31:22Z,63,53,abandoned,game_console,4K,KR,0,search
VEW000694,USR0058,MOV0137,2026-06-13T15:33:24Z,2026-06-13T16:46:24Z,69,75,abandoned,mobile,FHD,KR,0,trending
VEW000695,USR0058,MOV0159,2026-07-08T07:36:29Z,2026-07-08T08:45:29Z,69,51,abandoned,mobile,FHD,KR,0,watchlist
VEW000696,USR0058,MOV0153,2026-06-04T06:14:09Z,2026-06-04T08:27:09Z,127,88,completed,smart_tv,FHD,KR,0,trending
VEW000697,USR0059,MOV0178,2026-07-05T06:41:31Z,2026-07-05T08:48:31Z,116,100,completed,mobile,HD,KR,0,watchlist
VEW000698,USR0059,MOV0126,2026-05-13T02:42:54Z,2026-05-13T05:24:54Z,146,97,completed,tablet,FHD,KR,0,home_recommendation
VEW000699,USR0059,MOV0196,2026-06-25T15:44:00Z,2026-06-25T17:39:00Z,108,89,completed,smart_tv,4K,KR,0,home_recommendation
VEW000700,USR0059,MOV0040,2025-09-06T08:06:55Z,2025-09-06T10:08:55Z,105,95,completed,smart_tv,4K,KR,0,search
VEW000701,USR0059,MOV0108,2026-07-12T19:16:52Z,2026-07-12T20:03:52Z,35,30,abandoned,tablet,HD,KR,0,friend_share
VEW000702,USR0059,MOV0028,2026-02-23T04:47:01Z,2026-02-23T06:05:01Z,60,57,abandoned,smart_tv,4K,KR,0,trending
VEW000703,USR0059,MOV0078,2025-12-07T13:55:09Z,2025-12-07T15:28:09Z,78,68,abandoned,smart_tv,HD,KR,0,home_recommendation
VEW000704,USR0059,MOV0022,2026-02-15T08:00:39Z,2026-02-15T09:46:39Z,90,97,completed,web,4K,KR,0,watchlist
VEW000705,USR0059,MOV0145,2026-01-10T05:47:06Z,2026-01-10T06:22:06Z,34,25,abandoned,smart_tv,HD,KR,0,trending
VEW000706,USR0059,MOV0057,2025-09-07T15:28:46Z,2025-09-07T16:02:46Z,30,30,abandoned,game_console,FHD,KR,0,friend_share
VEW000707,USR0059,MOV0131,2026-02-01T19:27:17Z,2026-02-01T21:17:17Z,102,94,completed,web,FHD,KR,0,friend_share
VEW000708,USR0059,MOV0054,2025-07-22T18:42:04Z,2025-07-22T20:12:04Z,77,72,abandoned,web,4K,KR,0,home_recommendation
VEW000709,USR0060,MOV0089,2026-04-07T15:20:24Z,2026-04-07T17:26:24Z,114,88,completed,smart_tv,4K,KR,0,home_recommendation
VEW000710,USR0060,MOV0112,2023-09-19T06:15:33Z,2023-09-19T08:01:33Z,106,98,completed,smart_tv,HD,KR,0,friend_share
VEW000711,USR0060,MOV0051,2025-12-16T12:54:22Z,2025-12-16T14:53:22Z,102,88,completed,web,HD,KR,0,friend_share
VEW000712,USR0060,MOV0015,2025-05-10T10:48:13Z,2025-05-10T13:22:13Z,150,96,completed,tablet,SD,KR,0,home_recommendation
VEW000713,USR0060,MOV0062,2026-06-30T02:49:25Z,2026-06-30T03:40:25Z,48,32,abandoned,mobile,FHD,KR,0,friend_share
VEW000714,USR0060,MOV0037,2025-04-04T02:01:29Z,2025-04-04T02:47:29Z,35,37,abandoned,tablet,SD,KR,0,home_recommendation
VEW000715,USR0060,MOV0169,2026-04-30T07:21:16Z,2026-04-30T08:02:16Z,32,21,abandoned,tablet,FHD,KR,0,trending
VEW000716,USR0060,MOV0176,2024-03-08T10:39:35Z,2024-03-08T11:59:35Z,65,45,abandoned,tablet,4K,KR,0,friend_share
VEW000717,USR0060,MOV0016,2025-10-07T09:50:33Z,2025-10-07T11:03:33Z,63,44,abandoned,tablet,FHD,KR,0,friend_share
VEW000718,USR0060,MOV0050,2026-01-25T18:12:40Z,2026-01-25T19:21:40Z,54,38,abandoned,web,FHD,KR,0,trending
VEW000719,USR0060,MOV0173,2023-09-24T06:25:59Z,2023-09-24T08:17:59Z,106,78,abandoned,smart_tv,FHD,KR,0,home_recommendation
VEW000720,USR0060,MOV0111,2023-01-30T08:22:13Z,2023-01-30T09:26:13Z,49,49,abandoned,tablet,SD,KR,0,watchlist
VEW000721,USR0061,MOV0106,2026-03-05T02:27:30Z,2026-03-05T04:21:30Z,103,88,completed,mobile,FHD,KR,0,friend_share
VEW000722,USR0061,MOV0137,2026-02-15T19:35:07Z,2026-02-15T21:16:07Z,87,95,completed,mobile,4K,KR,0,friend_share
VEW000723,USR0061,MOV0087,2025-02-27T05:55:07Z,2025-02-27T07:42:07Z,93,95,completed,web,4K,KR,0,search
VEW000724,USR0061,MOV0192,2023-09-05T07:53:58Z,2023-09-05T09:35:58Z,88,94,completed,web,4K,KR,0,home_recommendation
VEW000725,USR0061,MOV0008,2026-02-14T01:18:09Z,2026-02-14T02:19:09Z,54,63,abandoned,tablet,SD,KR,0,search
VEW000726,USR0061,MOV0091,2026-02-09T19:01:56Z,2026-02-09T20:44:56Z,98,85,completed,game_console,HD,KR,0,trending
VEW000727,USR0061,MOV0193,2026-02-15T06:21:18Z,2026-02-15T07:48:18Z,80,59,abandoned,game_console,4K,KR,0,watchlist
VEW000728,USR0061,MOV0189,2026-05-20T23:07:19Z,2026-05-21T00:00:19Z,35,23,abandoned,game_console,FHD,KR,0,trending
VEW000729,USR0061,MOV0049,2024-07-07T22:58:00Z,2024-07-08T01:16:00Z,124,86,completed,web,SD,KR,0,home_recommendation
VEW000730,USR0061,MOV0018,2026-02-14T10:41:36Z,2026-02-14T12:16:36Z,91,79,abandoned,smart_tv,FHD,KR,0,friend_share
VEW000731,USR0061,MOV0164,2025-06-02T06:15:46Z,2025-06-02T08:23:46Z,112,86,completed,tablet,FHD,KR,0,trending
VEW000732,USR0061,MOV0078,2026-04-07T09:47:13Z,2026-04-07T10:51:13Z,63,55,abandoned,web,SD,KR,0,search
VEW000733,USR0062,MOV0097,2026-05-03T21:47:07Z,2026-05-03T23:09:07Z,66,88,completed,game_console,FHD,KR,0,watchlist
VEW000734,USR0062,MOV0143,2025-10-14T22:43:35Z,2025-10-15T00:17:35Z,93,89,completed,mobile,SD,KR,0,watchlist
VEW000735,USR0062,MOV0027,2023-11-21T10:32:57Z,2023-11-21T12:09:57Z,96,93,completed,game_console,FHD,KR,0,trending
VEW000736,USR0062,MOV0023,2025-01-18T10:34:36Z,2025-01-18T13:08:36Z,137,91,completed,web,4K,KR,0,search
VEW000737,USR0062,MOV0021,2025-04-02T06:08:30Z,2025-04-02T08:40:30Z,148,92,completed,web,4K,KR,0,trending
VEW000738,USR0062,MOV0081,2025-08-16T19:54:45Z,2025-08-16T20:50:45Z,54,33,abandoned,web,4K,KR,0,watchlist
VEW000739,USR0062,MOV0085,2026-07-18T22:01:14Z,2026-07-18T22:37:14Z,33,26,abandoned,tablet,SD,KR,0,home_recommendation
VEW000740,USR0062,MOV0166,2026-01-28T01:12:50Z,2026-01-28T03:25:50Z,118,82,abandoned,mobile,SD,KR,0,home_recommendation
VEW000741,USR0062,MOV0001,2026-03-25T02:14:00Z,2026-03-25T03:13:00Z,43,30,abandoned,mobile,4K,KR,0,trending
VEW000742,USR0062,MOV0162,2026-01-20T22:00:40Z,2026-01-20T23:52:40Z,112,78,abandoned,web,FHD,KR,0,search
VEW000743,USR0062,MOV0161,2026-06-01T13:16:28Z,2026-06-01T14:04:28Z,33,22,abandoned,smart_tv,HD,KR,0,watchlist
VEW000744,USR0062,MOV0177,2024-10-30T12:32:47Z,2024-10-30T13:24:47Z,46,65,abandoned,smart_tv,4K,KR,0,friend_share
VEW000745,USR0063,MOV0114,2025-09-21T07:18:49Z,2025-09-21T09:20:49Z,107,97,completed,smart_tv,FHD,KR,0,friend_share
VEW000746,USR0063,MOV0183,2025-07-15T11:40:36Z,2025-07-15T13:39:36Z,105,95,completed,tablet,FHD,KR,0,trending
VEW000747,USR0063,MOV0194,2025-12-20T05:30:55Z,2025-12-20T07:05:55Z,89,88,completed,tablet,HD,KR,0,trending
VEW000748,USR0063,MOV0098,2026-03-05T21:39:41Z,2026-03-05T23:32:41Z,104,98,completed,web,HD,KR,0,watchlist
VEW000749,USR0063,MOV0029,2024-01-26T18:45:48Z,2024-01-26T20:53:48Z,114,97,completed,game_console,HD,KR,0,trending
VEW000750,USR0063,MOV0150,2025-09-17T14:14:13Z,2025-09-17T15:55:13Z,93,75,abandoned,mobile,HD,KR,0,home_recommendation
VEW000751,USR0063,MOV0089,2025-08-07T01:22:04Z,2025-08-07T02:18:04Z,55,42,abandoned,tablet,FHD,KR,0,search
VEW000752,USR0063,MOV0062,2026-06-25T22:01:34Z,2026-06-25T23:44:34Z,85,57,abandoned,mobile,HD,KR,0,home_recommendation
VEW000753,USR0063,MOV0081,2026-06-17T19:00:25Z,2026-06-17T19:43:25Z,37,23,abandoned,smart_tv,SD,KR,0,watchlist
VEW000754,USR0063,MOV0120,2025-09-03T02:28:23Z,2025-09-03T03:59:23Z,91,97,completed,web,FHD,KR,0,trending
VEW000755,USR0063,MOV0127,2023-12-07T07:28:45Z,2023-12-07T09:07:45Z,82,80,abandoned,mobile,FHD,KR,0,home_recommendation
VEW000756,USR0063,MOV0015,2026-06-25T00:50:12Z,2026-06-25T02:50:12Z,120,77,abandoned,web,HD,KR,0,home_recommendation
VEW000757,USR0064,MOV0163,2025-09-26T05:51:21Z,2025-09-26T07:53:21Z,120,97,completed,mobile,HD,KR,0,friend_share
VEW000758,USR0064,MOV0104,2026-03-03T08:24:03Z,2026-03-03T11:14:03Z,155,95,completed,web,FHD,KR,0,friend_share
VEW000759,USR0064,MOV0014,2024-12-25T12:51:50Z,2024-12-25T15:03:50Z,124,91,completed,smart_tv,FHD,KR,0,friend_share
VEW000760,USR0064,MOV0058,2022-08-14T05:10:02Z,2022-08-14T07:14:02Z,114,99,completed,smart_tv,FHD,KR,0,trending
VEW000761,USR0064,MOV0171,2026-05-17T15:54:35Z,2026-05-17T16:58:35Z,56,44,abandoned,smart_tv,HD,KR,0,watchlist
VEW000762,USR0064,MOV0042,2026-06-02T17:15:18Z,2026-06-02T18:34:18Z,65,51,abandoned,smart_tv,HD,KR,0,home_recommendation
VEW000763,USR0064,MOV0185,2026-04-02T01:14:37Z,2026-04-02T02:33:37Z,71,46,abandoned,game_console,FHD,KR,0,trending
VEW000764,USR0064,MOV0196,2026-03-10T05:06:04Z,2026-03-10T06:47:04Z,87,72,abandoned,web,FHD,KR,0,home_recommendation
VEW000765,USR0064,MOV0066,2024-07-11T03:32:05Z,2024-07-11T05:28:05Z,115,73,abandoned,tablet,4K,KR,0,watchlist
VEW000766,USR0064,MOV0105,2026-05-13T05:18:07Z,2026-05-13T06:12:07Z,52,46,abandoned,web,4K,KR,0,home_recommendation
VEW000767,USR0064,MOV0026,2025-07-23T09:30:02Z,2025-07-23T10:47:02Z,72,77,abandoned,game_console,FHD,KR,0,home_recommendation
VEW000768,USR0064,MOV0065,2026-02-10T02:40:34Z,2026-02-10T04:10:34Z,72,56,abandoned,tablet,SD,KR,0,search
VEW000769,USR0065,MOV0077,2025-10-01T13:37:20Z,2025-10-01T15:05:20Z,85,89,completed,mobile,HD,KR,0,home_recommendation
VEW000770,USR0065,MOV0014,2024-06-23T19:55:08Z,2024-06-23T22:05:08Z,128,94,completed,tablet,FHD,KR,0,watchlist
VEW000771,USR0065,MOV0145,2024-10-26T02:33:12Z,2024-10-26T04:35:12Z,120,88,completed,web,4K,KR,0,friend_share
VEW000772,USR0065,MOV0175,2025-08-14T02:06:47Z,2025-08-14T04:14:47Z,112,98,completed,game_console,SD,KR,0,friend_share
VEW000773,USR0065,MOV0142,2025-02-03T18:38:21Z,2025-02-03T20:26:21Z,97,69,abandoned,web,SD,KR,0,home_recommendation
VEW000774,USR0065,MOV0082,2023-10-28T13:24:43Z,2023-10-28T14:26:43Z,60,42,abandoned,smart_tv,FHD,KR,0,friend_share
VEW000775,USR0065,MOV0100,2026-04-06T18:50:31Z,2026-04-06T20:41:31Z,97,85,completed,mobile,4K,KR,0,search
VEW000776,USR0065,MOV0177,2025-10-14T15:10:05Z,2025-10-14T15:44:05Z,34,48,abandoned,tablet,SD,KR,0,home_recommendation
VEW000777,USR0065,MOV0138,2023-11-27T12:19:27Z,2023-11-27T13:02:27Z,43,48,abandoned,web,HD,KR,0,trending
VEW000778,USR0065,MOV0176,2025-11-30T15:30:48Z,2025-11-30T16:30:48Z,52,36,abandoned,smart_tv,SD,KR,0,trending
VEW000779,USR0065,MOV0040,2024-09-17T04:57:27Z,2024-09-17T06:31:27Z,78,71,abandoned,game_console,4K,KR,0,search
VEW000780,USR0065,MOV0028,2023-01-03T08:20:42Z,2023-01-03T10:05:42Z,89,84,abandoned,mobile,4K,KR,0,trending
VEW000781,USR0066,MOV0167,2023-02-21T02:04:56Z,2023-02-21T03:16:56Z,72,93,completed,web,HD,KR,0,trending
VEW000782,USR0066,MOV0158,2025-05-15T22:28:36Z,2025-05-16T00:13:36Z,97,99,completed,game_console,SD,KR,0,trending
VEW000783,USR0066,MOV0102,2026-01-18T00:20:48Z,2026-01-18T01:56:48Z,84,91,completed,web,SD,KR,0,home_recommendation
VEW000784,USR0066,MOV0096,2025-10-01T18:36:32Z,2025-10-01T20:32:32Z,101,89,completed,smart_tv,FHD,KR,0,home_recommendation
VEW000785,USR0066,MOV0075,2024-10-15T05:57:47Z,2024-10-15T07:17:47Z,72,62,abandoned,tablet,4K,KR,0,search
VEW000786,USR0066,MOV0008,2026-03-07T18:19:15Z,2026-03-07T18:54:15Z,26,30,abandoned,mobile,HD,KR,0,search
VEW000787,USR0066,MOV0107,2025-05-19T14:08:10Z,2025-05-19T15:40:10Z,75,77,abandoned,mobile,SD,KR,0,watchlist
VEW000788,USR0066,MOV0001,2026-02-19T08:32:16Z,2026-02-19T09:51:16Z,68,48,abandoned,game_console,SD,KR,0,home_recommendation
VEW000789,USR0066,MOV0153,2024-11-01T15:12:10Z,2024-11-01T16:50:10Z,91,63,abandoned,web,HD,KR,0,search
VEW000790,USR0066,MOV0104,2026-06-12T20:44:34Z,2026-06-12T21:43:34Z,51,31,abandoned,web,FHD,KR,0,trending
VEW000791,USR0066,MOV0002,2026-06-13T20:36:53Z,2026-06-13T21:14:53Z,35,34,abandoned,smart_tv,HD,KR,0,trending
VEW000792,USR0066,MOV0023,2025-04-13T20:07:05Z,2025-04-13T22:31:05Z,143,95,completed,mobile,FHD,KR,0,watchlist
VEW000793,USR0067,MOV0018,2024-05-20T19:43:30Z,2024-05-20T21:31:30Z,107,93,completed,web,FHD,KR,0,home_recommendation
VEW000794,USR0067,MOV0059,2024-06-23T19:00:39Z,2024-06-23T21:21:39Z,124,90,completed,tablet,FHD,KR,0,watchlist
VEW000795,USR0067,MOV0113,2025-12-03T22:20:23Z,2025-12-04T00:50:23Z,145,99,completed,mobile,FHD,KR,0,watchlist
VEW000796,USR0067,MOV0053,2026-05-17T07:08:25Z,2026-05-17T08:55:25Z,93,95,completed,smart_tv,4K,KR,0,watchlist
VEW000797,USR0067,MOV0189,2026-07-02T02:31:18Z,2026-07-02T05:10:18Z,145,94,completed,tablet,HD,KR,0,friend_share
VEW000798,USR0067,MOV0062,2026-05-31T19:38:36Z,2026-05-31T20:47:36Z,58,39,abandoned,tablet,FHD,KR,0,search
VEW000799,USR0067,MOV0196,2025-05-02T18:35:12Z,2025-05-02T19:20:12Z,42,35,abandoned,smart_tv,FHD,KR,0,watchlist
VEW000800,USR0067,MOV0104,2026-03-20T15:51:43Z,2026-03-20T17:23:43Z,77,47,abandoned,tablet,SD,KR,0,watchlist
VEW000801,USR0067,MOV0097,2025-12-10T09:47:00Z,2025-12-10T11:00:00Z,56,74,abandoned,mobile,SD,KR,0,friend_share
VEW000802,USR0067,MOV0025,2025-12-21T19:40:54Z,2025-12-21T22:03:54Z,141,90,completed,smart_tv,FHD,KR,0,trending
VEW000803,USR0067,MOV0148,2025-05-04T11:43:48Z,2025-05-04T13:29:48Z,99,86,completed,web,4K,KR,0,home_recommendation
VEW000804,USR0067,MOV0192,2023-12-27T10:30:41Z,2023-12-27T12:15:41Z,94,100,completed,mobile,SD,KR,0,trending
VEW000805,USR0068,MOV0070,2026-04-20T17:25:01Z,2026-04-20T19:26:01Z,107,99,completed,mobile,FHD,KR,0,search
VEW000806,USR0068,MOV0012,2026-06-06T17:50:46Z,2026-06-06T20:10:46Z,130,96,completed,game_console,4K,KR,0,watchlist
VEW000807,USR0068,MOV0146,2026-02-26T04:46:20Z,2026-02-26T07:00:20Z,133,92,completed,mobile,FHD,KR,0,watchlist
VEW000808,USR0068,MOV0153,2026-02-21T15:15:24Z,2026-02-21T17:47:24Z,138,96,completed,mobile,HD,KR,0,friend_share
VEW000809,USR0068,MOV0128,2025-12-08T01:03:58Z,2025-12-08T02:36:58Z,75,82,abandoned,game_console,4K,KR,0,home_recommendation
VEW000810,USR0068,MOV0002,2026-06-25T21:54:18Z,2026-06-25T22:29:18Z,21,20,abandoned,game_console,FHD,KR,0,watchlist
VEW000811,USR0068,MOV0056,2026-04-14T00:22:39Z,2026-04-14T01:39:39Z,73,65,abandoned,smart_tv,4K,KR,0,friend_share
VEW000812,USR0068,MOV0126,2026-02-22T19:28:39Z,2026-02-22T20:37:39Z,62,41,abandoned,tablet,SD,KR,0,watchlist
VEW000813,USR0068,MOV0037,2025-10-26T11:19:46Z,2025-10-26T11:51:46Z,22,23,abandoned,web,FHD,KR,0,search
VEW000814,USR0068,MOV0091,2026-03-02T16:06:39Z,2026-03-02T17:40:39Z,82,71,abandoned,game_console,FHD,KR,0,search
VEW000815,USR0068,MOV0179,2026-01-12T22:03:57Z,2026-01-12T23:38:57Z,95,73,abandoned,web,FHD,KR,0,trending
VEW000816,USR0068,MOV0152,2025-12-26T09:24:04Z,2025-12-26T11:33:04Z,121,97,completed,web,SD,KR,0,home_recommendation
VEW000817,USR0069,MOV0061,2026-06-29T11:45:29Z,2026-06-29T13:42:29Z,109,95,completed,mobile,4K,KR,0,watchlist
VEW000818,USR0069,MOV0048,2024-06-20T12:36:52Z,2024-06-20T13:58:52Z,72,93,completed,game_console,HD,KR,0,trending
VEW000819,USR0069,MOV0149,2024-04-30T22:46:47Z,2024-05-01T01:12:47Z,141,99,completed,web,FHD,KR,0,home_recommendation
VEW000820,USR0069,MOV0067,2025-12-08T12:59:53Z,2025-12-08T14:46:53Z,105,96,completed,game_console,HD,KR,0,friend_share
VEW000821,USR0069,MOV0046,2024-10-29T03:30:35Z,2024-10-29T04:08:35Z,25,20,abandoned,smart_tv,HD,KR,0,trending
VEW000822,USR0069,MOV0156,2022-10-30T07:12:11Z,2022-10-30T08:20:11Z,56,58,abandoned,smart_tv,HD,KR,0,search
VEW000823,USR0069,MOV0029,2022-05-31T06:50:54Z,2022-05-31T07:21:54Z,30,25,abandoned,web,SD,KR,0,search
VEW000824,USR0069,MOV0125,2026-03-04T08:35:51Z,2026-03-04T09:10:51Z,28,31,abandoned,game_console,FHD,KR,0,friend_share
VEW000825,USR0069,MOV0069,2023-07-13T09:44:00Z,2023-07-13T10:43:00Z,42,45,abandoned,game_console,HD,KR,0,friend_share
VEW000826,USR0069,MOV0172,2026-07-16T19:34:38Z,2026-07-16T20:57:38Z,81,60,abandoned,smart_tv,SD,KR,0,home_recommendation
VEW000827,USR0069,MOV0155,2026-04-28T16:04:26Z,2026-04-28T17:13:26Z,54,44,abandoned,mobile,HD,KR,0,search
VEW000828,USR0069,MOV0140,2025-11-08T09:25:12Z,2025-11-08T10:40:12Z,71,57,abandoned,tablet,HD,KR,0,friend_share
VEW000829,USR0070,MOV0060,2026-07-13T16:39:59Z,2026-07-13T18:59:59Z,135,90,completed,web,SD,KR,0,friend_share
VEW000830,USR0070,MOV0050,2026-04-02T10:19:16Z,2026-04-02T12:35:16Z,125,88,completed,smart_tv,4K,KR,0,trending
VEW000831,USR0070,MOV0187,2025-04-13T01:55:31Z,2025-04-13T03:30:31Z,82,94,completed,web,HD,KR,0,home_recommendation
VEW000832,USR0070,MOV0028,2025-12-27T13:45:23Z,2025-12-27T15:47:23Z,104,98,completed,game_console,4K,KR,0,friend_share
VEW000833,USR0070,MOV0089,2025-12-07T13:54:57Z,2025-12-07T14:45:57Z,35,27,abandoned,web,SD,KR,0,trending
VEW000834,USR0070,MOV0015,2026-04-22T18:58:43Z,2026-04-22T20:14:43Z,72,46,abandoned,tablet,HD,KR,0,search
VEW000835,USR0070,MOV0167,2026-06-28T15:04:28Z,2026-06-28T15:52:28Z,45,58,abandoned,mobile,SD,KR,0,search
VEW000836,USR0070,MOV0021,2025-06-06T10:12:55Z,2025-06-06T12:09:55Z,100,62,abandoned,web,FHD,KR,0,home_recommendation
VEW000837,USR0070,MOV0099,2026-05-02T21:58:28Z,2026-05-02T23:23:28Z,72,55,abandoned,game_console,FHD,KR,0,trending
VEW000838,USR0070,MOV0111,2025-05-20T23:40:08Z,2025-05-21T01:11:08Z,90,89,completed,web,SD,KR,0,trending
VEW000839,USR0070,MOV0192,2026-06-02T00:53:49Z,2026-06-02T02:34:49Z,88,94,completed,smart_tv,HD,KR,0,search
VEW000840,USR0070,MOV0098,2026-06-26T20:25:08Z,2026-06-26T21:47:08Z,68,64,abandoned,mobile,SD,KR,0,home_recommendation
VEW000841,USR0071,MOV0003,2026-02-27T17:11:45Z,2026-02-27T19:15:45Z,113,100,completed,tablet,4K,KR,0,watchlist
VEW000842,USR0071,MOV0183,2025-08-25T07:19:53Z,2025-08-25T09:18:53Z,104,94,completed,tablet,FHD,KR,0,watchlist
VEW000843,USR0071,MOV0034,2025-07-18T09:01:11Z,2025-07-18T10:46:11Z,97,96,completed,tablet,4K,KR,0,watchlist
VEW000844,USR0071,MOV0009,2025-12-14T07:24:13Z,2025-12-14T09:46:13Z,133,97,completed,web,SD,KR,0,trending
VEW000845,USR0071,MOV0129,2026-07-16T09:46:58Z,2026-07-16T11:55:58Z,126,95,completed,mobile,4K,KR,0,trending
VEW000846,USR0071,MOV0112,2024-10-03T21:11:54Z,2024-10-03T22:15:54Z,52,48,abandoned,tablet,4K,KR,0,friend_share
VEW000847,USR0071,MOV0150,2026-04-27T06:24:58Z,2026-04-27T07:08:58Z,41,33,abandoned,mobile,4K,KR,0,search
VEW000848,USR0071,MOV0133,2025-07-27T19:19:23Z,2025-07-27T20:53:23Z,78,54,abandoned,smart_tv,HD,KR,0,home_recommendation
VEW000849,USR0071,MOV0016,2025-12-26T07:54:13Z,2025-12-26T09:09:13Z,69,48,abandoned,mobile,HD,KR,0,friend_share
VEW000850,USR0071,MOV0015,2026-02-13T17:37:40Z,2026-02-13T20:18:40Z,145,93,completed,smart_tv,SD,KR,0,watchlist
VEW000851,USR0071,MOV0187,2025-11-10T19:45:24Z,2025-11-10T21:13:24Z,80,92,completed,tablet,FHD,KR,0,friend_share
VEW000852,USR0071,MOV0004,2024-10-16T19:30:22Z,2024-10-16T20:50:22Z,71,55,abandoned,game_console,HD,KR,0,trending
VEW000853,USR0072,MOV0039,2024-07-20T01:57:56Z,2024-07-20T04:20:56Z,140,88,completed,mobile,SD,KR,0,watchlist
VEW000854,USR0072,MOV0068,2026-01-07T22:25:29Z,2026-01-08T00:34:29Z,113,97,completed,web,HD,KR,0,search
VEW000855,USR0072,MOV0161,2025-08-22T12:07:16Z,2025-08-22T14:39:16Z,139,92,completed,web,HD,KR,0,home_recommendation
VEW000856,USR0072,MOV0035,2026-05-17T05:53:40Z,2026-05-17T07:53:40Z,105,93,completed,web,HD,KR,0,friend_share
VEW000857,USR0072,MOV0192,2023-11-10T19:05:53Z,2023-11-10T20:15:53Z,53,56,abandoned,smart_tv,4K,KR,0,watchlist
VEW000858,USR0072,MOV0051,2026-01-04T12:22:10Z,2026-01-04T13:23:10Z,43,37,abandoned,web,SD,KR,0,home_recommendation
VEW000859,USR0072,MOV0113,2026-03-10T05:47:44Z,2026-03-10T06:55:44Z,53,36,abandoned,game_console,FHD,KR,0,home_recommendation
VEW000860,USR0072,MOV0108,2026-06-27T08:36:27Z,2026-06-27T09:56:27Z,66,56,abandoned,tablet,HD,KR,0,search
VEW000861,USR0072,MOV0112,2023-06-27T10:43:55Z,2023-06-27T12:43:55Z,103,95,completed,game_console,SD,KR,0,friend_share
VEW000862,USR0072,MOV0053,2026-04-29T17:45:04Z,2026-04-29T18:54:04Z,69,70,abandoned,smart_tv,FHD,KR,0,home_recommendation
VEW000863,USR0072,MOV0062,2026-05-26T11:01:47Z,2026-05-26T12:20:47Z,63,42,abandoned,mobile,4K,KR,0,home_recommendation
VEW000864,USR0072,MOV0130,2023-07-30T21:32:36Z,2023-07-30T22:59:36Z,87,69,abandoned,game_console,4K,KR,0,search
VEW000865,USR0073,MOV0043,2025-07-17T13:46:54Z,2025-07-17T15:37:54Z,97,97,completed,web,4K,KR,0,watchlist
VEW000866,USR0073,MOV0151,2026-06-29T07:48:27Z,2026-06-29T09:35:27Z,91,98,completed,web,FHD,KR,0,watchlist
VEW000867,USR0073,MOV0090,2026-01-04T09:23:11Z,2026-01-04T11:30:11Z,116,97,completed,web,FHD,KR,0,watchlist
VEW000868,USR0073,MOV0092,2026-05-25T16:58:25Z,2026-05-25T18:57:25Z,114,100,completed,web,FHD,KR,0,search
VEW000869,USR0073,MOV0115,2024-09-25T22:05:49Z,2024-09-25T23:25:49Z,77,53,abandoned,mobile,SD,KR,0,search
VEW000870,USR0073,MOV0110,2026-04-11T08:21:07Z,2026-04-11T09:28:07Z,55,35,abandoned,mobile,FHD,KR,0,watchlist
VEW000871,USR0073,MOV0103,2025-01-12T23:05:28Z,2025-01-13T00:33:28Z,73,72,abandoned,tablet,SD,KR,0,watchlist
VEW000872,USR0073,MOV0114,2026-01-05T22:28:14Z,2026-01-06T00:26:14Z,108,98,completed,mobile,FHD,KR,0,watchlist
VEW000873,USR0073,MOV0079,2024-06-11T14:56:21Z,2024-06-11T17:45:21Z,153,100,completed,mobile,FHD,KR,0,watchlist
VEW000874,USR0073,MOV0149,2024-12-22T01:06:01Z,2024-12-22T02:15:01Z,62,44,abandoned,tablet,4K,KR,0,friend_share
VEW000875,USR0073,MOV0067,2026-07-13T18:14:36Z,2026-07-13T18:37:36Z,20,18,abandoned,smart_tv,SD,KR,0,watchlist
VEW000876,USR0073,MOV0125,2024-12-21T18:33:41Z,2024-12-21T19:27:41Z,38,42,abandoned,web,HD,KR,0,home_recommendation
VEW000877,USR0074,MOV0038,2026-07-07T22:04:04Z,2026-07-07T23:57:04Z,109,97,completed,mobile,SD,KR,0,trending
VEW000878,USR0074,MOV0195,2026-02-16T20:24:12Z,2026-02-16T22:40:12Z,136,89,completed,game_console,FHD,KR,0,home_recommendation
VEW000879,USR0074,MOV0098,2026-05-13T04:20:22Z,2026-05-13T06:17:22Z,104,98,completed,game_console,HD,KR,0,home_recommendation
VEW000880,USR0074,MOV0028,2025-05-26T00:07:37Z,2025-05-26T02:01:37Z,105,99,completed,game_console,SD,KR,0,home_recommendation
VEW000881,USR0074,MOV0004,2025-11-13T12:50:44Z,2025-11-13T15:03:44Z,123,95,completed,mobile,HD,KR,0,trending
VEW000882,USR0074,MOV0095,2026-07-16T12:04:10Z,2026-07-16T13:26:10Z,64,70,abandoned,mobile,4K,KR,0,home_recommendation
VEW000883,USR0074,MOV0089,2025-02-16T05:02:23Z,2025-02-16T06:24:23Z,69,53,abandoned,tablet,4K,KR,0,trending
VEW000884,USR0074,MOV0184,2023-09-16T17:43:03Z,2023-09-16T18:30:03Z,35,34,abandoned,game_console,HD,KR,0,friend_share
VEW000885,USR0074,MOV0010,2025-10-14T12:57:04Z,2025-10-14T14:18:04Z,74,57,abandoned,smart_tv,FHD,KR,0,home_recommendation
VEW000886,USR0074,MOV0058,2023-05-02T17:43:37Z,2023-05-02T18:08:37Z,25,22,abandoned,smart_tv,FHD,KR,0,watchlist
VEW000887,USR0074,MOV0154,2024-01-22T13:41:20Z,2024-01-22T15:14:20Z,81,66,abandoned,mobile,FHD,KR,0,home_recommendation
VEW000888,USR0074,MOV0174,2025-05-16T06:26:08Z,2025-05-16T08:38:08Z,115,89,completed,tablet,SD,KR,0,friend_share
VEW000889,USR0075,MOV0031,2024-09-17T07:05:21Z,2024-09-17T08:51:21Z,93,97,completed,smart_tv,FHD,KR,0,trending
VEW000890,USR0075,MOV0066,2025-07-10T19:16:08Z,2025-07-10T21:52:08Z,145,92,completed,mobile,FHD,KR,0,search
VEW000891,USR0075,MOV0078,2026-06-05T12:31:24Z,2026-06-05T14:17:24Z,100,88,completed,game_console,4K,KR,0,search
VEW000892,USR0075,MOV0164,2026-07-14T03:34:13Z,2026-07-14T05:45:13Z,124,95,completed,tablet,HD,KR,0,trending
VEW000893,USR0075,MOV0126,2026-05-23T08:01:06Z,2026-05-23T08:34:06Z,29,19,abandoned,game_console,SD,KR,0,trending
VEW000894,USR0075,MOV0162,2025-06-06T04:50:05Z,2025-06-06T06:53:05Z,114,80,abandoned,tablet,SD,KR,0,home_recommendation
VEW000895,USR0075,MOV0195,2026-05-07T01:36:29Z,2026-05-07T02:24:29Z,41,27,abandoned,mobile,4K,KR,0,trending
VEW000896,USR0075,MOV0063,2023-12-05T15:40:45Z,2023-12-05T17:32:45Z,96,83,abandoned,tablet,SD,KR,0,friend_share
VEW000897,USR0075,MOV0189,2026-05-08T21:51:31Z,2026-05-08T23:49:31Z,111,72,abandoned,web,SD,KR,0,search
VEW000898,USR0075,MOV0010,2024-04-21T03:04:31Z,2024-04-21T04:44:31Z,92,71,abandoned,game_console,FHD,KR,0,search
VEW000899,USR0075,MOV0008,2026-02-04T19:17:27Z,2026-02-04T19:41:27Z,20,23,abandoned,tablet,4K,KR,0,home_recommendation
VEW000900,USR0075,MOV0133,2025-09-21T15:18:02Z,2025-09-21T17:46:02Z,131,91,completed,tablet,SD,KR,0,trending
VEW000901,USR0076,MOV0037,2026-01-15T05:51:39Z,2026-01-15T07:38:39Z,94,99,completed,web,HD,KR,0,trending
VEW000902,USR0076,MOV0049,2026-01-24T09:41:06Z,2026-01-24T12:04:06Z,127,88,completed,web,FHD,KR,0,search
VEW000903,USR0076,MOV0005,2025-12-19T22:01:34Z,2025-12-19T23:42:34Z,88,88,completed,smart_tv,FHD,KR,0,trending
VEW000904,USR0076,MOV0176,2026-04-27T23:22:19Z,2026-04-28T01:53:19Z,144,99,completed,web,4K,KR,0,trending
VEW000905,USR0076,MOV0172,2026-07-10T05:04:18Z,2026-07-10T06:52:18Z,101,75,abandoned,web,4K,KR,0,friend_share
VEW000906,USR0076,MOV0092,2026-05-20T13:43:43Z,2026-05-20T14:39:43Z,40,35,abandoned,mobile,SD,KR,0,search
VEW000907,USR0076,MOV0165,2026-01-21T05:36:05Z,2026-01-21T06:08:05Z,26,21,abandoned,tablet,HD,KR,0,watchlist
VEW000908,USR0076,MOV0097,2026-06-25T04:58:48Z,2026-06-25T06:19:48Z,67,89,completed,game_console,FHD,KR,0,watchlist
VEW000909,USR0076,MOV0121,2026-05-29T21:19:10Z,2026-05-29T23:14:10Z,105,88,completed,web,FHD,KR,0,trending
VEW000910,USR0076,MOV0048,2026-05-09T05:25:04Z,2026-05-09T06:32:04Z,58,75,abandoned,tablet,HD,KR,0,trending
VEW000911,USR0076,MOV0171,2026-06-25T07:50:28Z,2026-06-25T09:21:28Z,84,66,abandoned,smart_tv,HD,KR,0,search
VEW000912,USR0076,MOV0160,2025-11-09T20:20:31Z,2025-11-09T21:58:31Z,80,75,abandoned,mobile,FHD,KR,0,home_recommendation
VEW000913,USR0077,MOV0045,2025-08-02T16:49:21Z,2025-08-02T19:24:21Z,139,100,completed,mobile,HD,KR,0,friend_share
VEW000914,USR0077,MOV0163,2026-01-08T01:43:17Z,2026-01-08T03:56:17Z,122,98,completed,tablet,FHD,KR,0,home_recommendation
VEW000915,USR0077,MOV0005,2024-02-18T17:55:49Z,2024-02-18T19:41:49Z,89,89,completed,web,HD,KR,0,home_recommendation
VEW000916,USR0077,MOV0074,2023-06-10T04:10:02Z,2023-06-10T06:32:02Z,136,97,completed,smart_tv,HD,KR,0,trending
VEW000917,USR0077,MOV0112,2023-08-15T01:02:44Z,2023-08-15T02:29:44Z,83,77,abandoned,mobile,HD,KR,0,search
VEW000918,USR0077,MOV0053,2026-03-27T21:03:58Z,2026-03-27T22:26:58Z,83,85,completed,tablet,4K,KR,0,trending
VEW000919,USR0077,MOV0030,2023-09-10T07:06:19Z,2023-09-10T08:50:19Z,87,76,abandoned,mobile,4K,KR,0,friend_share
VEW000920,USR0077,MOV0054,2025-08-14T04:05:31Z,2025-08-14T04:58:31Z,44,41,abandoned,tablet,FHD,KR,0,search
VEW000921,USR0077,MOV0099,2025-12-15T03:15:05Z,2025-12-15T04:47:05Z,82,63,abandoned,mobile,4K,KR,0,home_recommendation
VEW000922,USR0077,MOV0194,2026-06-18T23:24:14Z,2026-06-19T00:01:14Z,30,30,abandoned,game_console,FHD,KR,0,friend_share
VEW000923,USR0077,MOV0126,2026-01-10T17:27:39Z,2026-01-10T19:44:39Z,127,84,abandoned,smart_tv,HD,KR,0,friend_share
VEW000924,USR0077,MOV0062,2026-06-11T05:45:49Z,2026-06-11T07:21:49Z,91,61,abandoned,smart_tv,FHD,KR,0,watchlist
VEW000925,USR0078,MOV0030,2025-02-12T18:54:37Z,2025-02-12T20:45:37Z,105,92,completed,tablet,SD,KR,0,home_recommendation
VEW000926,USR0078,MOV0037,2024-12-17T07:48:04Z,2024-12-17T09:18:04Z,90,95,completed,game_console,FHD,KR,0,trending
VEW000927,USR0078,MOV0125,2026-05-11T12:15:21Z,2026-05-11T13:58:21Z,90,99,completed,smart_tv,HD,KR,0,trending
VEW000928,USR0078,MOV0016,2026-02-12T05:25:56Z,2026-02-12T08:02:56Z,139,97,completed,game_console,FHD,KR,0,friend_share
VEW000929,USR0078,MOV0097,2026-05-30T20:38:15Z,2026-05-30T21:33:15Z,42,56,abandoned,tablet,HD,KR,0,watchlist
VEW000930,USR0078,MOV0051,2026-07-17T19:26:07Z,2026-07-17T20:05:07Z,39,34,abandoned,web,FHD,KR,0,watchlist
VEW000931,USR0078,MOV0170,2023-05-28T06:19:03Z,2023-05-28T08:05:03Z,99,91,completed,mobile,4K,KR,0,home_recommendation
VEW000932,USR0078,MOV0050,2026-04-23T02:09:15Z,2026-04-23T03:32:15Z,80,56,abandoned,web,HD,KR,0,search
VEW000933,USR0078,MOV0145,2026-07-11T04:46:38Z,2026-07-11T05:24:38Z,30,22,abandoned,mobile,4K,KR,0,friend_share
VEW000934,USR0078,MOV0020,2024-09-07T17:01:53Z,2024-09-07T18:04:53Z,52,49,abandoned,mobile,HD,KR,0,trending
VEW000935,USR0078,MOV0182,2024-06-16T04:21:32Z,2024-06-16T05:04:32Z,41,31,abandoned,game_console,SD,KR,0,home_recommendation
VEW000936,USR0078,MOV0094,2024-01-23T02:42:55Z,2024-01-23T03:52:55Z,54,42,abandoned,game_console,HD,KR,0,watchlist
VEW000937,USR0079,MOV0137,2026-01-30T08:24:03Z,2026-01-30T10:04:03Z,85,92,completed,tablet,FHD,KR,0,home_recommendation
VEW000938,USR0079,MOV0133,2025-11-18T07:33:02Z,2025-11-18T09:58:02Z,128,89,completed,mobile,HD,KR,0,home_recommendation
VEW000939,USR0079,MOV0196,2026-04-22T18:58:08Z,2026-04-22T21:15:08Z,121,100,completed,tablet,FHD,KR,0,watchlist
VEW000940,USR0079,MOV0082,2024-10-07T23:16:14Z,2024-10-08T01:30:14Z,134,93,completed,web,SD,KR,0,home_recommendation
VEW000941,USR0079,MOV0003,2026-01-16T11:42:12Z,2026-01-16T13:03:12Z,70,62,abandoned,game_console,4K,KR,0,home_recommendation
VEW000942,USR0079,MOV0041,2026-05-13T00:17:08Z,2026-05-13T01:40:08Z,83,54,abandoned,tablet,SD,KR,0,home_recommendation
VEW000943,USR0079,MOV0011,2024-10-09T20:58:47Z,2024-10-09T21:50:47Z,52,47,abandoned,web,FHD,KR,0,watchlist
VEW000944,USR0079,MOV0200,2026-03-17T05:05:54Z,2026-03-17T06:25:54Z,76,83,abandoned,game_console,SD,KR,0,friend_share
VEW000945,USR0079,MOV0152,2026-06-27T21:20:50Z,2026-06-27T22:58:50Z,94,75,abandoned,smart_tv,SD,KR,0,trending
VEW000946,USR0079,MOV0160,2024-12-13T19:11:12Z,2024-12-13T20:03:12Z,38,36,abandoned,game_console,SD,KR,0,friend_share
VEW000947,USR0079,MOV0069,2024-10-30T09:47:24Z,2024-10-30T10:29:24Z,38,41,abandoned,game_console,HD,KR,0,home_recommendation
VEW000948,USR0079,MOV0034,2024-12-07T10:52:45Z,2024-12-07T11:36:45Z,34,34,abandoned,mobile,SD,KR,0,home_recommendation
VEW000949,USR0080,MOV0200,2026-02-08T08:58:20Z,2026-02-08T10:43:20Z,91,99,completed,web,SD,KR,0,friend_share
VEW000950,USR0080,MOV0052,2026-03-10T03:56:13Z,2026-03-10T06:34:13Z,156,97,completed,web,SD,KR,0,friend_share
VEW000951,USR0080,MOV0197,2026-01-03T14:44:25Z,2026-01-03T16:27:25Z,103,97,completed,web,4K,KR,0,search
VEW000952,USR0080,MOV0017,2024-05-05T01:06:56Z,2024-05-05T02:49:56Z,95,92,completed,web,HD,KR,0,trending
VEW000953,USR0080,MOV0098,2026-04-27T08:27:28Z,2026-04-27T09:05:28Z,28,26,abandoned,smart_tv,HD,KR,0,trending
VEW000954,USR0080,MOV0136,2024-07-12T22:19:06Z,2024-07-12T23:33:06Z,62,43,abandoned,game_console,HD,KR,0,home_recommendation
VEW000955,USR0080,MOV0077,2024-11-15T11:48:26Z,2024-11-15T12:19:26Z,25,26,abandoned,smart_tv,SD,KR,0,search
VEW000956,USR0080,MOV0150,2025-07-08T07:48:50Z,2025-07-08T08:28:50Z,31,25,abandoned,tablet,4K,KR,0,trending
VEW000957,USR0080,MOV0030,2025-06-04T16:05:33Z,2025-06-04T17:36:33Z,81,71,abandoned,tablet,FHD,KR,0,search
VEW000958,USR0080,MOV0085,2026-06-18T22:34:25Z,2026-06-18T23:55:25Z,78,62,abandoned,mobile,SD,KR,0,search
VEW000959,USR0080,MOV0185,2026-03-31T14:52:42Z,2026-03-31T16:55:42Z,113,73,abandoned,web,FHD,KR,0,trending
VEW000960,USR0080,MOV0157,2023-04-24T14:02:08Z,2023-04-24T14:38:08Z,23,30,abandoned,mobile,4K,KR,0,trending
VEW000961,USR0081,MOV0006,2025-10-25T04:54:30Z,2025-10-25T07:18:30Z,128,88,completed,web,SD,KR,0,search
VEW000962,USR0081,MOV0002,2026-03-04T20:35:23Z,2026-03-04T22:11:23Z,93,90,completed,smart_tv,FHD,KR,0,friend_share
VEW000963,USR0081,MOV0078,2026-03-21T23:04:49Z,2026-03-22T00:51:49Z,106,93,completed,mobile,FHD,KR,0,search
VEW000964,USR0081,MOV0190,2025-12-13T22:05:15Z,2025-12-14T00:48:15Z,147,92,completed,game_console,FHD,KR,0,home_recommendation
VEW000965,USR0081,MOV0116,2025-10-03T01:46:44Z,2025-10-03T02:47:44Z,58,51,abandoned,web,FHD,KR,0,friend_share
VEW000966,USR0081,MOV0183,2026-02-22T16:55:33Z,2026-02-22T18:38:33Z,94,85,completed,web,4K,KR,0,friend_share
VEW000967,USR0081,MOV0023,2026-06-24T02:26:55Z,2026-06-24T04:55:55Z,138,92,completed,web,4K,KR,0,trending
VEW000968,USR0081,MOV0133,2025-10-21T13:18:36Z,2025-10-21T15:07:36Z,92,64,abandoned,smart_tv,4K,KR,0,watchlist
VEW000969,USR0081,MOV0117,2025-10-09T11:23:21Z,2025-10-09T12:12:21Z,38,47,abandoned,mobile,SD,KR,0,friend_share
VEW000970,USR0081,MOV0003,2025-11-13T12:59:58Z,2025-11-13T13:27:58Z,20,18,abandoned,tablet,FHD,KR,0,friend_share
VEW000971,USR0081,MOV0040,2026-05-13T03:58:12Z,2026-05-13T05:12:12Z,66,60,abandoned,tablet,4K,KR,0,trending
VEW000972,USR0081,MOV0152,2025-12-23T10:49:24Z,2025-12-23T11:51:24Z,45,36,abandoned,smart_tv,SD,KR,0,home_recommendation
VEW000973,USR0082,MOV0152,2025-12-21T06:56:00Z,2025-12-21T09:12:00Z,125,100,completed,game_console,FHD,KR,0,home_recommendation
VEW000974,USR0082,MOV0093,2025-04-06T12:43:41Z,2025-04-06T14:39:41Z,107,94,completed,mobile,SD,KR,0,home_recommendation
VEW000975,USR0082,MOV0023,2026-06-01T09:48:26Z,2026-06-01T12:20:26Z,135,90,completed,smart_tv,HD,KR,0,watchlist
VEW000976,USR0082,MOV0048,2025-12-31T03:23:32Z,2025-12-31T04:37:32Z,68,88,completed,tablet,FHD,KR,0,friend_share
VEW000977,USR0082,MOV0146,2026-05-31T04:09:12Z,2026-05-31T06:23:12Z,120,83,abandoned,web,FHD,KR,0,watchlist
VEW000978,USR0082,MOV0161,2026-01-02T13:32:00Z,2026-01-02T15:40:00Z,124,82,abandoned,game_console,SD,KR,0,home_recommendation
VEW000979,USR0082,MOV0171,2025-10-20T05:21:44Z,2025-10-20T06:14:44Z,49,38,abandoned,web,SD,KR,0,watchlist
VEW000980,USR0082,MOV0177,2025-06-12T11:02:00Z,2025-06-12T11:40:00Z,31,43,abandoned,mobile,FHD,KR,0,watchlist
VEW000981,USR0082,MOV0200,2026-06-29T07:04:02Z,2026-06-29T08:03:02Z,48,52,abandoned,web,FHD,KR,0,search
VEW000982,USR0082,MOV0127,2026-06-10T20:54:05Z,2026-06-10T21:49:05Z,43,42,abandoned,web,4K,KR,0,home_recommendation
VEW000983,USR0082,MOV0026,2025-05-09T01:35:49Z,2025-05-09T03:04:49Z,82,88,completed,web,4K,KR,0,trending
VEW000984,USR0082,MOV0131,2025-04-17T16:51:28Z,2025-04-17T18:19:28Z,70,64,abandoned,tablet,HD,KR,0,search
VEW000985,USR0083,MOV0048,2024-04-27T13:13:42Z,2024-04-27T14:37:42Z,73,95,completed,game_console,SD,KR,0,trending
VEW000986,USR0083,MOV0118,2026-04-26T04:45:23Z,2026-04-26T06:18:23Z,91,88,completed,tablet,FHD,KR,0,search
VEW000987,USR0083,MOV0024,2024-06-05T01:22:55Z,2024-06-05T03:26:55Z,108,88,completed,web,HD,KR,0,home_recommendation
VEW000988,USR0083,MOV0111,2024-12-12T01:55:16Z,2024-12-12T03:33:16Z,92,91,completed,mobile,FHD,KR,0,friend_share
VEW000989,USR0083,MOV0012,2025-02-17T02:24:03Z,2025-02-17T03:20:03Z,42,31,abandoned,smart_tv,HD,KR,0,friend_share
VEW000990,USR0083,MOV0027,2026-02-03T15:40:34Z,2026-02-03T16:43:34Z,50,49,abandoned,mobile,FHD,KR,0,search
VEW000991,USR0083,MOV0144,2025-11-01T00:43:59Z,2025-11-01T03:26:59Z,152,93,completed,game_console,SD,KR,0,trending
VEW000992,USR0083,MOV0021,2024-09-04T18:44:57Z,2024-09-04T21:19:57Z,137,85,completed,mobile,FHD,KR,0,search
VEW000993,USR0083,MOV0087,2026-03-28T08:57:46Z,2026-03-28T09:26:46Z,26,27,abandoned,mobile,SD,KR,0,friend_share
VEW000994,USR0083,MOV0015,2025-03-07T22:21:37Z,2025-03-08T01:02:37Z,145,93,completed,mobile,FHD,KR,0,trending
VEW000995,USR0083,MOV0107,2025-05-10T08:53:54Z,2025-05-10T10:46:54Z,96,98,completed,mobile,FHD,KR,0,search
VEW000996,USR0083,MOV0078,2026-04-11T01:23:26Z,2026-04-11T02:13:26Z,40,35,abandoned,mobile,SD,KR,0,search
VEW000997,USR0084,MOV0144,2026-07-03T14:22:29Z,2026-07-03T17:15:29Z,155,95,completed,game_console,FHD,KR,0,trending
VEW000998,USR0084,MOV0014,2026-05-12T14:03:49Z,2026-05-12T16:36:49Z,135,99,completed,web,SD,KR,0,home_recommendation
VEW000999,USR0084,MOV0059,2026-03-27T02:29:05Z,2026-03-27T04:45:05Z,127,92,completed,smart_tv,SD,KR,0,trending
VEW001000,USR0084,MOV0183,2026-07-06T09:58:34Z,2026-07-06T11:54:34Z,108,97,completed,web,4K,KR,0,search
VEW001001,USR0084,MOV0011,2022-07-05T23:17:05Z,2022-07-06T00:10:05Z,36,32,abandoned,tablet,SD,KR,0,friend_share
VEW001002,USR0084,MOV0134,2022-08-18T17:22:09Z,2022-08-18T19:05:09Z,92,91,completed,tablet,4K,KR,0,friend_share
VEW001003,USR0084,MOV0198,2025-10-05T12:14:16Z,2025-10-05T13:50:16Z,96,84,abandoned,smart_tv,FHD,KR,0,watchlist
VEW001004,USR0084,MOV0104,2026-03-06T10:50:15Z,2026-03-06T12:45:15Z,98,60,abandoned,tablet,SD,KR,0,trending
VEW001005,USR0084,MOV0159,2024-11-18T08:47:08Z,2024-11-18T09:59:08Z,54,40,abandoned,mobile,SD,KR,0,search
VEW001006,USR0084,MOV0194,2025-08-16T03:22:26Z,2025-08-16T03:49:26Z,24,24,abandoned,smart_tv,SD,KR,0,home_recommendation
VEW001007,USR0084,MOV0181,2023-10-08T08:22:30Z,2023-10-08T09:16:30Z,51,35,abandoned,game_console,4K,KR,0,watchlist
VEW001008,USR0084,MOV0141,2025-09-07T17:03:11Z,2025-09-07T17:55:11Z,52,53,abandoned,web,FHD,KR,0,search
VEW001009,USR0085,MOV0048,2024-07-18T12:25:22Z,2024-07-18T13:39:22Z,73,95,completed,game_console,FHD,KR,0,trending
VEW001010,USR0085,MOV0199,2026-06-18T13:16:53Z,2026-06-18T15:09:53Z,99,90,completed,mobile,SD,KR,0,friend_share
VEW001011,USR0085,MOV0166,2026-05-17T15:27:06Z,2026-05-17T17:40:06Z,130,90,completed,tablet,FHD,KR,0,home_recommendation
VEW001012,USR0085,MOV0131,2026-05-30T09:39:45Z,2026-05-30T11:38:45Z,101,93,completed,game_console,HD,KR,0,friend_share
VEW001013,USR0085,MOV0052,2026-07-12T16:53:27Z,2026-07-12T18:35:27Z,101,63,abandoned,tablet,SD,KR,0,friend_share
VEW001014,USR0085,MOV0049,2025-04-20T20:51:16Z,2025-04-20T21:30:16Z,30,21,abandoned,tablet,HD,KR,0,search
VEW001015,USR0085,MOV0077,2026-02-06T16:27:28Z,2026-02-06T17:03:28Z,27,28,abandoned,smart_tv,SD,KR,0,trending
VEW001016,USR0085,MOV0198,2024-06-26T17:59:52Z,2024-06-26T19:03:52Z,47,41,abandoned,game_console,HD,KR,0,home_recommendation
VEW001017,USR0085,MOV0182,2026-05-06T08:27:32Z,2026-05-06T10:14:32Z,90,68,abandoned,mobile,HD,KR,0,watchlist
VEW001018,USR0085,MOV0005,2025-08-04T04:18:14Z,2025-08-04T05:50:14Z,77,77,abandoned,mobile,4K,KR,0,home_recommendation
VEW001019,USR0085,MOV0069,2025-11-10T22:21:12Z,2025-11-10T23:46:12Z,70,75,abandoned,game_console,SD,KR,0,friend_share
VEW001020,USR0085,MOV0082,2025-12-02T16:21:12Z,2025-12-02T17:29:12Z,53,37,abandoned,smart_tv,FHD,KR,0,trending
VEW001021,USR0086,MOV0175,2025-09-15T20:04:30Z,2025-09-15T22:03:30Z,107,94,completed,mobile,FHD,KR,0,watchlist
VEW001022,USR0086,MOV0092,2023-11-15T19:29:55Z,2023-11-15T21:18:55Z,105,92,completed,tablet,HD,KR,0,home_recommendation
VEW001023,USR0086,MOV0097,2025-12-16T09:42:55Z,2025-12-16T11:06:55Z,73,97,completed,game_console,SD,KR,0,home_recommendation
VEW001024,USR0086,MOV0110,2026-07-09T00:00:40Z,2026-07-09T02:44:40Z,150,96,completed,mobile,SD,KR,0,watchlist
VEW001025,USR0086,MOV0149,2025-04-05T13:08:00Z,2025-04-05T14:03:00Z,45,32,abandoned,mobile,SD,KR,0,trending
VEW001026,USR0086,MOV0030,2023-03-09T15:40:43Z,2023-03-09T16:11:43Z,24,21,abandoned,mobile,SD,KR,0,watchlist
VEW001027,USR0086,MOV0113,2025-12-15T15:20:58Z,2025-12-15T16:40:58Z,64,44,abandoned,mobile,HD,KR,0,search
VEW001028,USR0086,MOV0036,2026-03-01T13:20:14Z,2026-03-01T13:57:14Z,31,29,abandoned,web,4K,KR,0,friend_share
VEW001029,USR0086,MOV0034,2024-10-08T15:23:38Z,2024-10-08T17:07:38Z,87,86,completed,web,FHD,KR,0,search
VEW001030,USR0086,MOV0151,2023-06-18T06:05:15Z,2023-06-18T07:00:15Z,43,46,abandoned,smart_tv,FHD,KR,0,search
VEW001031,USR0086,MOV0171,2024-06-25T05:52:15Z,2024-06-25T06:23:15Z,23,18,abandoned,game_console,4K,KR,0,search
VEW001032,USR0086,MOV0120,2023-10-07T02:03:47Z,2023-10-07T03:31:47Z,78,83,abandoned,mobile,FHD,KR,0,friend_share
VEW001033,USR0087,MOV0061,2026-03-03T06:50:46Z,2026-03-03T08:32:46Z,101,88,completed,tablet,HD,KR,0,friend_share
VEW001034,USR0087,MOV0112,2024-07-07T04:31:14Z,2024-07-07T06:30:14Z,105,97,completed,smart_tv,FHD,KR,0,trending
VEW001035,USR0087,MOV0036,2025-08-26T04:05:17Z,2025-08-26T05:55:17Z,94,89,completed,mobile,HD,KR,0,watchlist
VEW001036,USR0087,MOV0016,2025-09-05T06:27:05Z,2025-09-05T08:42:05Z,134,94,completed,web,FHD,KR,0,friend_share
VEW001037,USR0087,MOV0024,2024-08-14T05:00:18Z,2024-08-14T06:38:18Z,95,77,abandoned,tablet,HD,KR,0,watchlist
VEW001038,USR0087,MOV0099,2025-07-19T13:14:18Z,2025-07-19T13:57:18Z,27,21,abandoned,web,4K,KR,0,search
VEW001039,USR0087,MOV0068,2026-01-02T20:08:08Z,2026-01-02T21:27:08Z,76,65,abandoned,web,4K,KR,0,trending
VEW001040,USR0087,MOV0160,2025-07-15T00:10:53Z,2025-07-15T01:22:53Z,70,66,abandoned,game_console,SD,KR,0,home_recommendation
VEW001041,USR0087,MOV0079,2025-02-21T22:54:37Z,2025-02-22T00:22:37Z,86,56,abandoned,mobile,FHD,KR,0,home_recommendation
VEW001042,USR0087,MOV0008,2026-05-12T07:41:10Z,2026-05-12T08:25:10Z,38,44,abandoned,mobile,FHD,KR,0,search
VEW001043,USR0087,MOV0139,2025-12-10T11:06:07Z,2025-12-10T12:53:07Z,98,92,completed,smart_tv,HD,KR,0,home_recommendation
VEW001044,USR0087,MOV0046,2025-09-15T13:39:50Z,2025-09-15T15:20:50Z,91,74,abandoned,mobile,4K,KR,0,watchlist
VEW001045,USR0088,MOV0064,2025-03-12T03:18:04Z,2025-03-12T05:23:04Z,119,90,completed,tablet,4K,KR,0,watchlist
VEW001046,USR0088,MOV0076,2026-07-10T06:18:56Z,2026-07-10T08:47:56Z,145,96,completed,web,4K,KR,0,watchlist
VEW001047,USR0088,MOV0187,2024-06-29T05:36:33Z,2024-06-29T07:12:33Z,79,91,completed,smart_tv,FHD,KR,0,trending
VEW001048,USR0088,MOV0173,2025-10-17T22:40:40Z,2025-10-18T00:55:40Z,129,95,completed,web,4K,KR,0,trending
VEW001049,USR0088,MOV0033,2023-03-28T09:19:11Z,2023-03-28T10:18:11Z,47,53,abandoned,game_console,HD,KR,0,friend_share
VEW001050,USR0088,MOV0094,2024-07-23T03:28:03Z,2024-07-23T04:55:03Z,79,62,abandoned,smart_tv,FHD,KR,0,watchlist
VEW001051,USR0088,MOV0040,2025-09-25T21:26:30Z,2025-09-25T22:14:30Z,41,37,abandoned,smart_tv,4K,KR,0,trending
VEW001052,USR0088,MOV0183,2025-09-16T18:34:38Z,2025-09-16T20:42:38Z,110,99,completed,web,FHD,KR,0,search
VEW001053,USR0088,MOV0057,2026-02-19T00:38:44Z,2026-02-19T01:45:44Z,58,59,abandoned,tablet,4K,KR,0,home_recommendation
VEW001054,USR0088,MOV0149,2023-10-06T00:17:45Z,2023-10-06T01:53:45Z,84,59,abandoned,smart_tv,HD,KR,0,home_recommendation
VEW001055,USR0088,MOV0196,2026-06-06T12:23:38Z,2026-06-06T14:21:38Z,114,94,completed,game_console,HD,KR,0,watchlist
VEW001056,USR0088,MOV0032,2025-09-07T07:25:36Z,2025-09-07T09:58:36Z,141,93,completed,smart_tv,4K,KR,0,search
VEW001057,USR0089,MOV0028,2025-09-08T22:22:44Z,2025-09-09T00:03:44Z,94,89,completed,game_console,HD,KR,0,home_recommendation
VEW001058,USR0089,MOV0068,2025-12-27T04:33:58Z,2025-12-27T06:31:58Z,117,100,completed,tablet,HD,KR,0,search
VEW001059,USR0089,MOV0139,2025-08-07T00:06:44Z,2025-08-07T01:50:44Z,104,97,completed,smart_tv,FHD,KR,0,search
VEW001060,USR0089,MOV0062,2026-05-11T08:58:25Z,2026-05-11T11:18:25Z,140,94,completed,mobile,HD,KR,0,friend_share
VEW001061,USR0089,MOV0111,2025-05-21T08:05:24Z,2025-05-21T09:58:24Z,97,96,completed,web,4K,KR,0,search
VEW001062,USR0089,MOV0194,2026-05-28T00:05:27Z,2026-05-28T00:39:27Z,28,28,abandoned,tablet,HD,KR,0,friend_share
VEW001063,USR0089,MOV0146,2025-08-09T04:36:04Z,2025-08-09T05:16:04Z,33,23,abandoned,web,4K,KR,0,home_recommendation
VEW001064,USR0089,MOV0010,2025-08-26T11:54:03Z,2025-08-26T13:52:03Z,114,88,completed,tablet,FHD,KR,0,search
VEW001065,USR0089,MOV0190,2025-06-09T22:02:22Z,2025-06-10T00:25:22Z,141,88,completed,web,FHD,KR,0,watchlist
VEW001066,USR0089,MOV0006,2025-08-19T21:37:22Z,2025-08-20T00:11:22Z,138,95,completed,web,HD,KR,0,friend_share
VEW001067,USR0089,MOV0138,2025-05-20T05:54:57Z,2025-05-20T07:09:57Z,69,77,abandoned,mobile,HD,KR,0,trending
VEW001068,USR0089,MOV0150,2025-10-25T02:14:34Z,2025-10-25T04:04:34Z,98,79,abandoned,game_console,HD,KR,0,watchlist
VEW001069,USR0090,MOV0064,2026-06-26T18:00:50Z,2026-06-26T20:22:50Z,129,98,completed,web,HD,KR,0,watchlist
VEW001070,USR0090,MOV0118,2026-05-31T06:19:37Z,2026-05-31T08:06:37Z,94,91,completed,mobile,4K,KR,0,watchlist
VEW001071,USR0090,MOV0019,2023-11-03T17:06:01Z,2023-11-03T18:50:01Z,93,96,completed,web,SD,KR,0,friend_share
VEW001072,USR0090,MOV0065,2025-11-13T19:16:22Z,2025-11-13T21:40:22Z,126,98,completed,mobile,4K,KR,0,watchlist
VEW001073,USR0090,MOV0176,2024-10-02T10:29:17Z,2024-10-02T12:06:17Z,81,56,abandoned,smart_tv,4K,KR,0,trending
VEW001074,USR0090,MOV0161,2024-02-21T13:23:28Z,2024-02-21T14:40:28Z,76,50,abandoned,game_console,FHD,KR,0,trending
VEW001075,USR0090,MOV0020,2026-05-09T09:11:38Z,2026-05-09T10:39:38Z,79,74,abandoned,mobile,FHD,KR,0,watchlist
VEW001076,USR0090,MOV0018,2024-02-21T10:34:10Z,2024-02-21T12:24:10Z,94,82,abandoned,tablet,4K,KR,0,watchlist
VEW001077,USR0090,MOV0079,2025-05-03T11:58:46Z,2025-05-03T14:19:46Z,125,82,abandoned,mobile,HD,KR,0,watchlist
VEW001078,USR0090,MOV0061,2025-05-03T22:05:46Z,2025-05-03T22:37:46Z,23,20,abandoned,web,HD,KR,0,trending
VEW001079,USR0090,MOV0189,2026-05-22T08:19:51Z,2026-05-22T10:16:51Z,111,72,abandoned,web,4K,KR,0,search
VEW001080,USR0090,MOV0080,2025-10-12T13:47:09Z,2025-10-12T14:31:09Z,42,28,abandoned,smart_tv,4K,KR,0,search
VEW001081,USR0091,MOV0003,2026-01-24T19:17:35Z,2026-01-24T21:18:35Z,108,96,completed,tablet,SD,KR,0,search
VEW001082,USR0091,MOV0129,2025-12-30T07:40:42Z,2025-12-30T10:04:42Z,133,100,completed,web,SD,KR,0,watchlist
VEW001083,USR0091,MOV0049,2025-11-22T14:57:51Z,2025-11-22T17:15:51Z,135,94,completed,mobile,4K,KR,0,home_recommendation
VEW001084,USR0091,MOV0097,2026-02-25T08:51:20Z,2026-02-25T09:58:20Z,66,88,completed,web,SD,KR,0,friend_share
VEW001085,USR0091,MOV0078,2026-07-15T02:23:22Z,2026-07-15T04:19:22Z,100,88,completed,web,FHD,KR,0,home_recommendation
VEW001086,USR0091,MOV0058,2025-07-06T00:02:01Z,2025-07-06T02:00:01Z,106,92,completed,web,4K,KR,0,watchlist
VEW001087,USR0091,MOV0115,2026-04-11T20:32:08Z,2026-04-11T21:59:08Z,72,49,abandoned,tablet,HD,KR,0,search
VEW001088,USR0091,MOV0018,2025-05-25T22:40:53Z,2025-05-26T00:52:53Z,115,100,completed,tablet,4K,KR,0,friend_share
VEW001089,USR0091,MOV0170,2025-02-28T02:56:45Z,2025-02-28T03:46:45Z,45,41,abandoned,tablet,HD,KR,0,friend_share
VEW001090,USR0091,MOV0074,2025-12-13T09:13:39Z,2025-12-13T11:32:39Z,139,99,completed,smart_tv,4K,KR,0,home_recommendation
VEW001091,USR0091,MOV0034,2026-05-13T13:00:30Z,2026-05-13T13:38:30Z,21,21,abandoned,web,4K,KR,0,trending
VEW001092,USR0091,MOV0005,2025-07-16T07:20:39Z,2025-07-16T07:58:39Z,26,26,abandoned,game_console,HD,KR,0,search
VEW001093,USR0092,MOV0140,2026-01-06T18:09:39Z,2026-01-06T20:15:39Z,110,88,completed,tablet,4K,KR,0,watchlist
VEW001094,USR0092,MOV0178,2026-05-06T13:12:39Z,2026-05-06T15:10:39Z,102,88,completed,game_console,SD,KR,0,trending
VEW001095,USR0092,MOV0054,2026-05-08T23:52:36Z,2026-05-09T01:46:36Z,105,98,completed,web,HD,KR,0,trending
VEW001096,USR0092,MOV0123,2024-02-13T16:37:51Z,2024-02-13T18:30:51Z,102,99,completed,web,SD,KR,0,trending
VEW001097,USR0092,MOV0042,2026-06-22T01:55:10Z,2026-06-22T03:44:10Z,100,79,abandoned,mobile,FHD,KR,0,search
VEW001098,USR0092,MOV0118,2026-07-03T20:00:55Z,2026-07-03T21:45:55Z,89,86,completed,mobile,HD,KR,0,friend_share
VEW001099,USR0092,MOV0036,2026-05-06T18:58:25Z,2026-05-06T20:24:25Z,80,75,abandoned,tablet,FHD,KR,0,watchlist
VEW001100,USR0092,MOV0065,2026-03-18T14:46:13Z,2026-03-18T15:21:13Z,35,27,abandoned,tablet,4K,KR,0,search
VEW001101,USR0092,MOV0183,2025-07-30T22:08:00Z,2025-07-30T22:59:00Z,33,30,abandoned,web,HD,KR,0,home_recommendation
VEW001102,USR0092,MOV0051,2026-05-12T15:44:49Z,2026-05-12T16:34:49Z,39,34,abandoned,web,FHD,KR,0,home_recommendation
VEW001103,USR0092,MOV0093,2025-12-15T03:38:58Z,2025-12-15T05:37:58Z,114,100,completed,web,SD,KR,0,search
VEW001104,USR0092,MOV0083,2025-03-07T02:25:16Z,2025-03-07T04:04:16Z,83,57,abandoned,tablet,4K,KR,0,search
VEW001105,USR0093,MOV0019,2025-12-05T21:52:43Z,2025-12-05T23:24:43Z,86,89,completed,tablet,FHD,KR,0,friend_share
VEW001106,USR0093,MOV0095,2025-11-02T08:45:47Z,2025-11-02T10:21:47Z,83,90,completed,smart_tv,HD,KR,0,friend_share
VEW001107,USR0093,MOV0004,2023-05-22T08:55:18Z,2023-05-22T11:06:18Z,128,99,completed,tablet,4K,KR,0,friend_share
VEW001108,USR0093,MOV0032,2025-12-30T20:09:45Z,2025-12-30T22:34:45Z,141,93,completed,smart_tv,HD,KR,0,trending
VEW001109,USR0093,MOV0199,2026-06-19T00:59:53Z,2026-06-19T01:38:53Z,33,30,abandoned,mobile,4K,KR,0,trending
VEW001110,USR0093,MOV0061,2024-11-24T14:20:57Z,2024-11-24T15:46:57Z,78,68,abandoned,game_console,SD,KR,0,trending
VEW001111,USR0093,MOV0098,2026-05-12T20:09:26Z,2026-05-12T21:56:26Z,99,93,completed,tablet,SD,KR,0,friend_share
VEW001112,USR0093,MOV0113,2026-03-21T03:17:23Z,2026-03-21T04:10:23Z,47,32,abandoned,mobile,4K,KR,0,trending
VEW001113,USR0093,MOV0085,2026-07-08T14:38:32Z,2026-07-08T16:52:32Z,123,98,completed,web,FHD,KR,0,home_recommendation
VEW001114,USR0093,MOV0163,2025-10-25T15:26:00Z,2025-10-25T16:50:00Z,76,61,abandoned,game_console,SD,KR,0,watchlist
VEW001115,USR0093,MOV0126,2026-04-30T07:23:46Z,2026-04-30T09:57:46Z,136,90,completed,game_console,HD,KR,0,search
VEW001116,USR0093,MOV0132,2024-01-06T15:58:25Z,2024-01-06T16:31:25Z,17,18,abandoned,web,FHD,KR,0,home_recommendation
VEW001117,USR0094,MOV0190,2022-12-01T02:38:01Z,2022-12-01T05:06:01Z,147,92,completed,game_console,SD,KR,0,watchlist
VEW001118,USR0094,MOV0100,2025-06-26T04:56:26Z,2025-06-26T06:45:26Z,108,95,completed,web,SD,KR,0,friend_share
VEW001119,USR0094,MOV0200,2025-12-21T07:28:12Z,2025-12-21T09:01:12Z,83,90,completed,smart_tv,FHD,KR,0,trending
VEW001120,USR0094,MOV0079,2026-01-16T11:44:33Z,2026-01-16T14:35:33Z,153,100,completed,game_console,4K,KR,0,home_recommendation
VEW001121,USR0094,MOV0152,2026-04-03T08:36:57Z,2026-04-03T09:44:57Z,66,53,abandoned,tablet,4K,KR,0,trending
VEW001122,USR0094,MOV0078,2026-03-23T13:25:36Z,2026-03-23T15:00:36Z,87,76,abandoned,mobile,4K,KR,0,trending
VEW001123,USR0094,MOV0005,2025-09-30T08:29:21Z,2025-09-30T09:44:21Z,65,65,abandoned,web,4K,KR,0,friend_share
VEW001124,USR0094,MOV0040,2025-12-17T08:44:46Z,2025-12-17T10:00:46Z,62,56,abandoned,mobile,4K,KR,0,search
VEW001125,USR0094,MOV0072,2024-11-19T00:47:55Z,2024-11-19T02:12:55Z,67,58,abandoned,mobile,4K,KR,0,trending
VEW001126,USR0094,MOV0009,2025-11-03T02:59:44Z,2025-11-03T03:52:44Z,36,26,abandoned,web,4K,KR,0,trending
VEW001127,USR0094,MOV0133,2025-01-10T12:19:48Z,2025-01-10T13:28:48Z,65,45,abandoned,smart_tv,HD,KR,0,watchlist
VEW001128,USR0094,MOV0141,2026-05-09T18:07:55Z,2026-05-09T18:51:55Z,40,40,abandoned,tablet,4K,KR,0,friend_share
VEW001129,USR0095,MOV0007,2024-10-18T12:49:25Z,2024-10-18T14:33:25Z,89,95,completed,smart_tv,4K,KR,0,watchlist
VEW001130,USR0095,MOV0130,2023-07-13T08:18:37Z,2023-07-13T10:27:37Z,113,90,completed,web,SD,KR,0,watchlist
VEW001131,USR0095,MOV0183,2026-01-12T15:10:46Z,2026-01-12T17:13:46Z,108,97,completed,smart_tv,HD,KR,0,watchlist
VEW001132,USR0095,MOV0019,2023-08-29T17:35:09Z,2023-08-29T19:18:09Z,92,95,completed,game_console,FHD,KR,0,watchlist
VEW001133,USR0095,MOV0118,2026-05-31T08:38:10Z,2026-05-31T10:29:10Z,103,100,completed,smart_tv,SD,KR,0,friend_share
VEW001134,USR0095,MOV0018,2024-10-23T15:47:29Z,2024-10-23T16:39:29Z,38,33,abandoned,game_console,4K,KR,0,friend_share
VEW001135,USR0095,MOV0127,2025-09-04T00:45:02Z,2025-09-04T02:18:02Z,89,86,completed,web,SD,KR,0,search
VEW001136,USR0095,MOV0111,2026-02-12T07:36:37Z,2026-02-12T09:17:37Z,85,84,abandoned,smart_tv,SD,KR,0,trending
VEW001137,USR0095,MOV0035,2026-03-24T14:03:03Z,2026-03-24T15:11:03Z,66,58,abandoned,smart_tv,FHD,KR,0,search
VEW001138,USR0095,MOV0032,2025-12-18T11:48:40Z,2025-12-18T14:33:40Z,152,100,completed,smart_tv,SD,KR,0,search
VEW001139,USR0095,MOV0169,2026-04-17T17:13:07Z,2026-04-17T19:30:07Z,128,84,abandoned,smart_tv,HD,KR,0,watchlist
VEW001140,USR0095,MOV0031,2025-03-04T23:49:12Z,2025-03-05T01:02:12Z,60,63,abandoned,web,FHD,KR,0,friend_share
VEW001141,USR0096,MOV0042,2026-02-22T00:01:18Z,2026-02-22T02:09:18Z,121,95,completed,tablet,SD,KR,0,home_recommendation
VEW001142,USR0096,MOV0114,2026-07-03T16:14:57Z,2026-07-03T18:00:57Z,98,89,completed,web,HD,KR,0,friend_share
VEW001143,USR0096,MOV0035,2025-03-29T11:09:55Z,2025-03-29T12:51:55Z,101,89,completed,game_console,SD,KR,0,watchlist
VEW001144,USR0096,MOV0045,2025-09-05T11:42:05Z,2025-09-05T14:00:05Z,125,90,completed,smart_tv,FHD,KR,0,friend_share
VEW001145,USR0096,MOV0055,2026-02-11T08:36:23Z,2026-02-11T09:21:23Z,28,21,abandoned,game_console,HD,KR,0,trending
VEW001146,USR0096,MOV0079,2025-12-24T07:40:37Z,2025-12-24T09:58:37Z,127,83,abandoned,tablet,HD,KR,0,search
VEW001147,USR0096,MOV0090,2024-08-31T11:08:23Z,2024-08-31T13:01:23Z,109,91,completed,web,HD,KR,0,watchlist
VEW001148,USR0096,MOV0101,2025-01-04T21:35:58Z,2025-01-04T23:05:58Z,79,53,abandoned,game_console,HD,KR,0,home_recommendation
VEW001149,USR0096,MOV0054,2026-02-24T16:22:00Z,2026-02-24T17:22:00Z,51,48,abandoned,smart_tv,HD,KR,0,home_recommendation
VEW001150,USR0096,MOV0192,2025-05-26T19:37:27Z,2025-05-26T21:19:27Z,92,98,completed,web,HD,KR,0,trending
VEW001151,USR0096,MOV0169,2026-05-14T17:08:28Z,2026-05-14T18:48:28Z,88,58,abandoned,web,4K,KR,0,friend_share
VEW001152,USR0096,MOV0086,2025-12-05T06:03:55Z,2025-12-05T07:08:55Z,60,46,abandoned,tablet,4K,KR,0,trending
VEW001153,USR0097,MOV0122,2025-12-06T18:11:07Z,2025-12-06T20:21:07Z,119,90,completed,game_console,4K,KR,0,watchlist
VEW001154,USR0097,MOV0137,2026-05-28T19:37:19Z,2026-05-28T21:17:19Z,91,99,completed,web,FHD,KR,0,search
VEW001155,USR0097,MOV0134,2025-01-14T08:25:21Z,2025-01-14T10:15:21Z,94,93,completed,tablet,FHD,KR,0,home_recommendation
VEW001156,USR0097,MOV0167,2023-07-10T22:19:04Z,2023-07-10T23:52:04Z,75,97,completed,mobile,4K,KR,0,watchlist
VEW001157,USR0097,MOV0096,2025-02-23T01:47:06Z,2025-02-23T03:09:06Z,64,56,abandoned,web,HD,KR,0,friend_share
VEW001158,USR0097,MOV0044,2026-04-25T05:44:53Z,2026-04-25T08:25:53Z,150,93,completed,web,FHD,KR,0,friend_share
VEW001159,USR0097,MOV0078,2025-12-14T07:30:05Z,2025-12-14T08:50:05Z,73,64,abandoned,tablet,HD,KR,0,search
VEW001160,USR0097,MOV0038,2026-03-03T12:29:18Z,2026-03-03T14:11:18Z,102,91,completed,game_console,SD,KR,0,search
VEW001161,USR0097,MOV0051,2026-06-06T08:52:30Z,2026-06-06T09:40:30Z,38,33,abandoned,web,SD,KR,0,trending
VEW001162,USR0097,MOV0031,2022-12-06T23:04:05Z,2022-12-07T00:40:05Z,80,83,abandoned,smart_tv,HD,KR,0,watchlist
VEW001163,USR0097,MOV0052,2026-06-10T20:46:04Z,2026-06-10T22:05:04Z,76,47,abandoned,game_console,HD,KR,0,home_recommendation
VEW001164,USR0097,MOV0172,2026-04-28T23:38:21Z,2026-04-29T01:49:21Z,113,84,abandoned,web,4K,KR,0,trending
VEW001165,USR0098,MOV0018,2025-07-04T15:39:26Z,2025-07-04T17:33:26Z,107,93,completed,smart_tv,4K,KR,0,trending
VEW001166,USR0098,MOV0028,2025-06-01T00:07:10Z,2025-06-01T01:44:10Z,96,91,completed,mobile,4K,KR,0,home_recommendation
VEW001167,USR0098,MOV0013,2023-10-11T18:16:45Z,2023-10-11T20:24:45Z,125,89,completed,game_console,SD,KR,0,friend_share
VEW001168,USR0098,MOV0056,2023-05-31T06:36:27Z,2023-05-31T08:17:27Z,101,90,completed,tablet,4K,KR,0,trending
VEW001169,USR0098,MOV0030,2025-04-22T22:17:49Z,2025-04-23T00:13:49Z,100,88,completed,tablet,SD,KR,0,friend_share
VEW001170,USR0098,MOV0006,2023-06-08T10:35:26Z,2023-06-08T11:43:26Z,65,45,abandoned,web,SD,KR,0,home_recommendation
VEW001171,USR0098,MOV0157,2026-02-26T03:51:20Z,2026-02-26T04:33:20Z,24,32,abandoned,smart_tv,SD,KR,0,home_recommendation
VEW001172,USR0098,MOV0054,2025-06-24T01:55:22Z,2025-06-24T03:32:22Z,81,76,abandoned,web,4K,KR,0,home_recommendation
VEW001173,USR0098,MOV0081,2025-05-13T13:48:10Z,2025-05-13T14:40:10Z,34,21,abandoned,tablet,FHD,KR,0,search
VEW001174,USR0098,MOV0141,2025-12-17T23:32:26Z,2025-12-18T00:12:26Z,24,24,abandoned,tablet,HD,KR,0,friend_share
VEW001175,USR0098,MOV0186,2026-04-10T23:42:46Z,2026-04-11T01:41:46Z,116,77,abandoned,mobile,4K,KR,0,home_recommendation
VEW001176,USR0098,MOV0153,2022-09-15T02:46:27Z,2022-09-15T04:52:27Z,125,87,completed,smart_tv,4K,KR,0,friend_share
VEW001177,USR0099,MOV0080,2023-05-15T22:15:49Z,2023-05-16T00:56:49Z,145,97,completed,smart_tv,SD,KR,0,friend_share
VEW001178,USR0099,MOV0104,2026-03-19T13:31:17Z,2026-03-19T16:07:17Z,152,93,completed,game_console,FHD,KR,0,home_recommendation
VEW001179,USR0099,MOV0200,2026-03-28T12:58:15Z,2026-03-28T14:34:15Z,82,89,completed,web,4K,KR,0,trending
VEW001180,USR0099,MOV0054,2025-11-19T10:47:58Z,2025-11-19T12:33:58Z,103,96,completed,game_console,FHD,KR,0,trending
VEW001181,USR0099,MOV0128,2025-01-20T08:04:50Z,2025-01-20T09:00:50Z,39,43,abandoned,mobile,FHD,KR,0,friend_share
VEW001182,USR0099,MOV0030,2024-04-12T03:00:30Z,2024-04-12T04:31:30Z,90,79,abandoned,mobile,HD,KR,0,search
VEW001183,USR0099,MOV0038,2026-05-28T01:12:40Z,2026-05-28T01:59:40Z,47,42,abandoned,mobile,SD,KR,0,home_recommendation
VEW001184,USR0099,MOV0082,2023-01-08T11:22:33Z,2023-01-08T12:29:33Z,60,42,abandoned,game_console,FHD,KR,0,friend_share
VEW001185,USR0099,MOV0113,2026-02-10T20:33:39Z,2026-02-10T22:30:39Z,108,74,abandoned,game_console,SD,KR,0,trending
VEW001186,USR0099,MOV0184,2025-04-18T19:30:56Z,2025-04-18T20:48:56Z,63,62,abandoned,game_console,FHD,KR,0,friend_share
VEW001187,USR0099,MOV0012,2024-09-06T23:05:10Z,2024-09-07T01:14:10Z,111,82,abandoned,smart_tv,4K,KR,0,search
VEW001188,USR0099,MOV0197,2025-02-28T10:58:39Z,2025-02-28T12:50:39Z,99,93,completed,smart_tv,FHD,KR,0,trending
VEW001189,USR0100,MOV0142,2026-04-19T06:43:02Z,2026-04-19T08:58:02Z,134,95,completed,web,FHD,KR,0,friend_share
VEW001190,USR0100,MOV0172,2026-05-24T02:46:56Z,2026-05-24T04:59:56Z,128,95,completed,mobile,4K,KR,0,home_recommendation
VEW001191,USR0100,MOV0108,2026-06-25T04:12:53Z,2026-06-25T06:07:53Z,111,95,completed,web,FHD,KR,0,trending
VEW001192,USR0100,MOV0137,2025-05-23T00:47:16Z,2025-05-23T02:29:16Z,91,99,completed,web,SD,KR,0,watchlist
VEW001193,USR0100,MOV0037,2025-08-22T08:35:22Z,2025-08-22T09:13:22Z,32,34,abandoned,mobile,4K,KR,0,friend_share
VEW001194,USR0100,MOV0076,2023-06-07T01:46:43Z,2023-06-07T02:30:43Z,30,20,abandoned,tablet,HD,KR,0,watchlist
VEW001195,USR0100,MOV0084,2026-04-27T03:16:33Z,2026-04-27T05:38:33Z,133,89,completed,web,FHD,KR,0,search
VEW001196,USR0100,MOV0123,2026-04-02T11:47:09Z,2026-04-02T13:26:09Z,99,96,completed,mobile,FHD,KR,0,friend_share
VEW001197,USR0100,MOV0002,2026-03-27T08:44:50Z,2026-03-27T09:43:50Z,55,53,abandoned,game_console,FHD,KR,0,search
VEW001198,USR0100,MOV0196,2026-02-03T05:32:53Z,2026-02-03T05:59:53Z,27,22,abandoned,smart_tv,SD,KR,0,search
VEW001199,USR0100,MOV0103,2025-10-03T19:20:48Z,2025-10-03T20:06:48Z,31,31,abandoned,smart_tv,HD,KR,0,friend_share
VEW001200,USR0100,MOV0060,2026-04-15T08:20:58Z,2026-04-15T10:40:58Z,122,81,abandoned,tablet,4K,KR,0,search
VEW001201,USR0101,MOV0014,2025-10-23T14:51:05Z,2025-10-23T17:10:05Z,121,89,completed,smart_tv,SD,KR,0,friend_share
VEW001202,USR0101,MOV0148,2025-09-08T04:01:58Z,2025-09-08T05:54:58Z,102,89,completed,mobile,HD,KR,0,trending
VEW001203,USR0101,MOV0197,2025-11-23T06:09:46Z,2025-11-23T08:04:46Z,106,100,completed,mobile,4K,KR,0,home_recommendation
VEW001204,USR0101,MOV0131,2026-01-05T10:19:36Z,2026-01-05T11:09:36Z,37,34,abandoned,tablet,HD,KR,0,friend_share
VEW001205,USR0101,MOV0153,2025-09-06T22:54:07Z,2025-09-07T01:15:07Z,124,86,completed,smart_tv,SD,KR,0,trending
VEW001206,USR0101,MOV0099,2025-12-05T00:13:45Z,2025-12-05T00:47:45Z,23,18,abandoned,game_console,HD,KR,0,watchlist
VEW001207,USR0101,MOV0012,2026-05-23T11:13:30Z,2026-05-23T12:51:30Z,86,64,abandoned,tablet,4K,KR,0,search
VEW001208,USR0101,MOV0165,2026-05-12T16:04:26Z,2026-05-12T17:03:26Z,45,37,abandoned,smart_tv,4K,KR,0,search
VEW001209,USR0101,MOV0074,2026-01-31T11:45:53Z,2026-01-31T12:33:53Z,41,29,abandoned,smart_tv,FHD,KR,0,watchlist
VEW001210,USR0101,MOV0067,2025-10-14T05:12:05Z,2025-10-14T06:43:05Z,74,68,abandoned,web,4K,KR,0,home_recommendation
VEW001211,USR0101,MOV0155,2025-12-07T01:08:55Z,2025-12-07T02:19:55Z,63,52,abandoned,web,HD,KR,0,watchlist
VEW001212,USR0101,MOV0034,2026-05-02T09:43:00Z,2026-05-02T10:24:00Z,37,37,abandoned,game_console,SD,KR,0,friend_share
VEW001213,USR0102,MOV0194,2026-01-09T06:13:21Z,2026-01-09T07:46:21Z,91,90,completed,tablet,SD,KR,0,trending
VEW001214,USR0102,MOV0106,2026-03-02T00:57:55Z,2026-03-02T02:48:55Z,110,94,completed,web,FHD,KR,0,watchlist
VEW001215,USR0102,MOV0102,2025-05-18T22:08:56Z,2025-05-18T23:34:56Z,86,93,completed,web,FHD,KR,0,home_recommendation
VEW001216,USR0102,MOV0190,2025-06-09T11:36:57Z,2025-06-09T12:43:57Z,53,33,abandoned,mobile,4K,KR,0,friend_share
VEW001217,USR0102,MOV0181,2026-07-15T17:31:35Z,2026-07-15T19:38:35Z,126,87,completed,web,FHD,KR,0,watchlist
VEW001218,USR0102,MOV0187,2024-11-16T15:07:06Z,2024-11-16T16:15:06Z,58,67,abandoned,web,HD,KR,0,friend_share
VEW001219,USR0102,MOV0053,2026-02-23T05:17:38Z,2026-02-23T06:39:38Z,69,70,abandoned,game_console,HD,KR,0,friend_share
VEW001220,USR0102,MOV0010,2023-09-14T11:02:55Z,2023-09-14T12:09:55Z,66,51,abandoned,smart_tv,FHD,KR,0,trending
VEW001221,USR0102,MOV0052,2026-04-10T17:44:51Z,2026-04-10T18:57:51Z,68,42,abandoned,tablet,FHD,KR,0,search
VEW001222,USR0102,MOV0079,2025-09-18T06:16:33Z,2025-09-18T08:17:33Z,115,75,abandoned,web,FHD,KR,0,trending
VEW001223,USR0102,MOV0068,2025-12-04T03:39:34Z,2025-12-04T04:44:34Z,64,55,abandoned,tablet,SD,KR,0,search
VEW001224,USR0102,MOV0113,2026-03-26T05:54:50Z,2026-03-26T08:22:50Z,145,99,completed,game_console,SD,KR,0,friend_share
VEW001225,USR0103,MOV0175,2025-02-22T19:30:02Z,2025-02-22T21:41:02Z,114,100,completed,game_console,HD,KR,0,trending
VEW001226,USR0103,MOV0090,2025-11-09T08:02:14Z,2025-11-09T10:07:14Z,114,95,completed,tablet,SD,KR,0,search
VEW001227,USR0103,MOV0057,2026-04-03T09:15:26Z,2026-04-03T11:09:26Z,98,99,completed,game_console,FHD,KR,0,friend_share
VEW001228,USR0103,MOV0162,2025-09-13T20:37:13Z,2025-09-13T22:44:13Z,119,83,abandoned,tablet,4K,KR,0,friend_share
VEW001229,USR0103,MOV0082,2025-03-17T01:21:44Z,2025-03-17T03:10:44Z,95,66,abandoned,game_console,FHD,KR,0,watchlist
VEW001230,USR0103,MOV0064,2025-09-03T21:01:03Z,2025-09-03T22:17:03Z,75,57,abandoned,smart_tv,SD,KR,0,home_recommendation
VEW001231,USR0103,MOV0169,2026-07-04T00:39:25Z,2026-07-04T02:31:25Z,100,66,abandoned,web,HD,KR,0,home_recommendation
VEW001232,USR0103,MOV0133,2026-02-21T21:44:45Z,2026-02-21T23:18:45Z,88,61,abandoned,web,SD,KR,0,search
VEW001233,USR0103,MOV0024,2026-05-10T21:58:23Z,2026-05-10T23:01:23Z,63,51,abandoned,mobile,HD,KR,0,friend_share
VEW001234,USR0103,MOV0001,2026-06-25T03:53:51Z,2026-06-25T05:25:51Z,84,59,abandoned,game_console,4K,KR,0,search
VEW001235,USR0103,MOV0088,2025-09-24T03:02:15Z,2025-09-24T03:49:15Z,46,45,abandoned,web,FHD,KR,0,watchlist
VEW001236,USR0103,MOV0179,2025-09-04T11:17:23Z,2025-09-04T12:11:23Z,44,34,abandoned,web,SD,KR,0,trending
VEW001237,USR0104,MOV0177,2026-07-14T04:34:42Z,2026-07-14T05:44:42Z,68,96,completed,web,HD,KR,0,watchlist
VEW001238,USR0104,MOV0108,2026-05-19T10:21:40Z,2026-05-19T12:25:40Z,112,96,completed,tablet,HD,KR,0,watchlist
VEW001239,USR0104,MOV0153,2026-06-01T05:24:59Z,2026-06-01T07:58:59Z,140,97,completed,smart_tv,4K,KR,0,friend_share
VEW001240,USR0104,MOV0157,2026-05-08T13:16:09Z,2026-05-08T13:50:09Z,25,33,abandoned,mobile,4K,KR,0,trending
VEW001241,USR0104,MOV0100,2025-10-30T04:22:52Z,2025-10-30T05:36:52Z,74,65,abandoned,web,FHD,KR,0,search
VEW001242,USR0104,MOV0014,2025-11-18T16:28:54Z,2025-11-18T18:48:54Z,135,99,completed,web,SD,KR,0,search
VEW001243,USR0104,MOV0083,2025-10-08T01:20:52Z,2025-10-08T02:16:52Z,44,30,abandoned,mobile,HD,KR,0,watchlist
VEW001244,USR0104,MOV0145,2026-01-12T15:55:45Z,2026-01-12T17:15:45Z,69,51,abandoned,web,4K,KR,0,friend_share
VEW001245,USR0104,MOV0015,2026-06-23T10:06:26Z,2026-06-23T11:40:26Z,90,58,abandoned,smart_tv,4K,KR,0,friend_share
VEW001246,USR0104,MOV0078,2026-04-12T07:48:58Z,2026-04-12T08:47:58Z,48,42,abandoned,web,4K,KR,0,search
VEW001247,USR0104,MOV0127,2026-03-28T02:10:41Z,2026-03-28T04:08:41Z,103,100,completed,web,FHD,KR,0,friend_share
VEW001248,USR0104,MOV0114,2026-03-10T03:21:59Z,2026-03-10T03:57:59Z,32,29,abandoned,smart_tv,4K,KR,0,friend_share
VEW001249,USR0105,MOV0091,2025-12-10T07:19:18Z,2025-12-10T09:22:18Z,114,99,completed,game_console,HD,KR,0,search
VEW001250,USR0105,MOV0001,2025-07-08T01:40:17Z,2025-07-08T03:53:17Z,131,92,completed,game_console,FHD,KR,0,friend_share
VEW001251,USR0105,MOV0064,2026-07-08T15:07:32Z,2026-07-08T17:25:32Z,123,93,completed,web,HD,KR,0,watchlist
VEW001252,USR0105,MOV0101,2025-06-01T07:21:31Z,2025-06-01T09:45:31Z,133,89,completed,web,FHD,KR,0,search
VEW001253,USR0105,MOV0189,2026-07-18T17:16:23Z,2026-07-18T19:48:23Z,142,92,completed,tablet,4K,KR,0,friend_share
VEW001254,USR0105,MOV0157,2024-05-09T18:14:48Z,2024-05-09T19:36:48Z,73,97,completed,game_console,4K,KR,0,friend_share
VEW001255,USR0105,MOV0020,2025-09-09T03:31:22Z,2025-09-09T04:48:22Z,68,64,abandoned,smart_tv,HD,KR,0,trending
VEW001256,USR0105,MOV0139,2023-11-30T14:21:19Z,2023-11-30T15:39:19Z,78,73,abandoned,web,FHD,KR,0,search
VEW001257,USR0105,MOV0165,2026-01-06T08:18:06Z,2026-01-06T09:07:06Z,48,39,abandoned,smart_tv,4K,KR,0,home_recommendation
VEW001258,USR0105,MOV0133,2023-09-04T19:47:35Z,2023-09-04T20:29:35Z,29,20,abandoned,mobile,4K,KR,0,trending
VEW001259,USR0105,MOV0007,2025-10-22T08:41:12Z,2025-10-22T10:09:12Z,70,74,abandoned,smart_tv,HD,KR,0,search
VEW001260,USR0105,MOV0128,2023-12-25T00:48:07Z,2023-12-25T01:28:07Z,22,24,abandoned,smart_tv,SD,KR,0,search
VEW001261,USR0106,MOV0103,2024-10-23T01:23:32Z,2024-10-23T03:12:32Z,98,97,completed,smart_tv,4K,KR,0,friend_share
VEW001262,USR0106,MOV0033,2024-09-22T17:01:52Z,2024-09-22T18:26:52Z,78,89,completed,mobile,FHD,KR,0,trending
VEW001263,USR0106,MOV0049,2024-05-07T22:44:39Z,2024-05-08T01:11:39Z,131,91,completed,web,HD,KR,0,home_recommendation
VEW001264,USR0106,MOV0055,2026-06-13T15:17:35Z,2026-06-13T17:15:35Z,116,86,completed,smart_tv,FHD,KR,0,watchlist
VEW001265,USR0106,MOV0184,2026-07-05T19:29:52Z,2026-07-05T20:19:52Z,47,46,abandoned,smart_tv,SD,KR,0,search
VEW001266,USR0106,MOV0139,2023-06-06T01:52:34Z,2023-06-06T03:33:34Z,91,85,completed,tablet,HD,KR,0,home_recommendation
VEW001267,USR0106,MOV0002,2026-01-28T23:29:18Z,2026-01-29T01:25:18Z,102,99,completed,tablet,FHD,KR,0,trending
VEW001268,USR0106,MOV0068,2026-05-01T07:45:09Z,2026-05-01T08:21:09Z,30,26,abandoned,smart_tv,HD,KR,0,friend_share
VEW001269,USR0106,MOV0144,2023-09-08T07:34:40Z,2023-09-08T09:27:40Z,103,63,abandoned,tablet,HD,KR,0,friend_share
VEW001270,USR0106,MOV0178,2026-05-27T10:20:41Z,2026-05-27T11:10:41Z,38,33,abandoned,game_console,SD,KR,0,search
VEW001271,USR0106,MOV0030,2024-07-14T11:05:22Z,2024-07-14T12:02:22Z,49,43,abandoned,tablet,4K,KR,0,search
VEW001272,USR0106,MOV0012,2025-06-04T02:23:51Z,2025-06-04T04:09:51Z,101,75,abandoned,game_console,SD,KR,0,friend_share
VEW001273,USR0107,MOV0026,2025-12-19T05:21:50Z,2025-12-19T06:53:50Z,84,90,completed,game_console,SD,KR,0,friend_share
VEW001274,USR0107,MOV0048,2026-01-18T04:23:46Z,2026-01-18T05:44:46Z,72,94,completed,web,FHD,KR,0,home_recommendation
VEW001275,USR0107,MOV0176,2026-04-09T22:01:07Z,2026-04-10T00:25:07Z,135,93,completed,mobile,FHD,KR,0,friend_share
VEW001276,USR0107,MOV0057,2025-06-24T19:34:47Z,2025-06-24T20:58:47Z,77,78,abandoned,game_console,FHD,KR,0,search
VEW001277,USR0107,MOV0083,2026-04-15T08:30:45Z,2026-04-15T10:56:45Z,140,96,completed,mobile,HD,KR,0,home_recommendation
VEW001278,USR0107,MOV0074,2026-05-29T02:04:16Z,2026-05-29T04:05:16Z,113,81,abandoned,mobile,FHD,KR,0,home_recommendation
VEW001279,USR0107,MOV0153,2026-05-26T01:13:39Z,2026-05-26T02:55:39Z,94,65,abandoned,smart_tv,4K,KR,0,friend_share
VEW001280,USR0107,MOV0052,2026-01-17T02:33:36Z,2026-01-17T04:17:36Z,98,61,abandoned,mobile,SD,KR,0,search
VEW001281,USR0107,MOV0061,2026-05-01T18:33:30Z,2026-05-01T19:26:30Z,45,39,abandoned,tablet,HD,KR,0,trending
VEW001282,USR0107,MOV0134,2026-04-13T15:29:08Z,2026-04-13T16:24:08Z,49,49,abandoned,game_console,4K,KR,0,watchlist
VEW001283,USR0107,MOV0014,2025-07-18T21:01:14Z,2025-07-18T23:05:14Z,116,85,completed,mobile,4K,KR,0,search
VEW001284,USR0107,MOV0092,2026-06-10T04:34:47Z,2026-06-10T05:22:47Z,46,40,abandoned,web,4K,KR,0,trending
VEW001285,USR0108,MOV0092,2025-01-18T10:05:36Z,2025-01-18T12:06:36Z,106,93,completed,smart_tv,SD,KR,0,watchlist
VEW001286,USR0108,MOV0123,2026-04-09T23:43:19Z,2026-04-10T01:19:19Z,91,88,completed,web,HD,KR,0,home_recommendation
VEW001287,USR0108,MOV0139,2024-05-16T13:00:00Z,2024-05-16T14:45:00Z,104,97,completed,game_console,HD,KR,0,trending
VEW001288,USR0108,MOV0023,2023-05-31T01:21:52Z,2023-05-31T03:25:52Z,108,72,abandoned,smart_tv,HD,KR,0,watchlist
VEW001289,USR0108,MOV0162,2025-10-06T07:36:45Z,2025-10-06T08:42:45Z,49,34,abandoned,smart_tv,SD,KR,0,home_recommendation
VEW001290,USR0108,MOV0061,2024-06-08T23:58:07Z,2024-06-09T01:28:07Z,89,77,abandoned,tablet,SD,KR,0,trending
VEW001291,USR0108,MOV0059,2025-12-29T16:12:36Z,2025-12-29T18:35:36Z,131,95,completed,web,HD,KR,0,search
VEW001292,USR0108,MOV0040,2025-07-30T00:29:58Z,2025-07-30T01:43:58Z,70,64,abandoned,smart_tv,HD,KR,0,home_recommendation
VEW001293,USR0108,MOV0030,2025-07-29T10:35:40Z,2025-07-29T11:40:40Z,54,47,abandoned,game_console,HD,KR,0,friend_share
VEW001294,USR0108,MOV0135,2026-06-13T01:39:01Z,2026-06-13T02:22:01Z,37,27,abandoned,game_console,SD,KR,0,home_recommendation
VEW001295,USR0108,MOV0012,2025-12-21T04:50:32Z,2025-12-21T07:12:32Z,130,96,completed,game_console,SD,KR,0,trending
VEW001296,USR0108,MOV0035,2026-01-28T00:27:24Z,2026-01-28T01:35:24Z,55,49,abandoned,game_console,4K,KR,0,trending
VEW001297,USR0109,MOV0011,2025-12-12T02:44:06Z,2025-12-12T04:29:06Z,100,90,completed,game_console,HD,KR,0,search
VEW001298,USR0109,MOV0051,2025-12-23T08:24:36Z,2025-12-23T10:28:36Z,109,94,completed,smart_tv,FHD,KR,0,search
VEW001299,USR0109,MOV0158,2026-03-23T16:20:32Z,2026-03-23T18:02:32Z,87,89,completed,mobile,FHD,KR,0,home_recommendation
VEW001300,USR0109,MOV0024,2026-04-07T06:39:06Z,2026-04-07T08:42:06Z,118,96,completed,mobile,HD,KR,0,watchlist
VEW001301,USR0109,MOV0019,2026-03-31T11:58:20Z,2026-03-31T12:49:20Z,34,35,abandoned,game_console,SD,KR,0,trending
VEW001302,USR0109,MOV0022,2026-06-10T22:07:01Z,2026-06-10T23:05:01Z,54,58,abandoned,mobile,SD,KR,0,trending
VEW001303,USR0109,MOV0176,2026-02-25T23:24:01Z,2026-02-26T01:16:01Z,96,66,abandoned,tablet,FHD,KR,0,home_recommendation
VEW001304,USR0109,MOV0173,2026-05-29T15:03:58Z,2026-05-29T16:42:58Z,83,61,abandoned,smart_tv,4K,KR,0,watchlist
VEW001305,USR0109,MOV0110,2026-06-20T12:18:18Z,2026-06-20T13:44:18Z,86,55,abandoned,game_console,SD,KR,0,trending
VEW001306,USR0109,MOV0135,2026-02-16T00:18:18Z,2026-02-16T00:55:18Z,26,19,abandoned,mobile,HD,KR,0,watchlist
VEW001307,USR0109,MOV0077,2026-05-14T23:41:05Z,2026-05-15T00:36:05Z,43,45,abandoned,web,FHD,KR,0,trending
VEW001308,USR0109,MOV0076,2026-04-24T19:42:44Z,2026-04-24T22:04:44Z,125,83,abandoned,mobile,HD,KR,0,friend_share
VEW001309,USR0110,MOV0193,2026-07-01T21:27:20Z,2026-07-01T23:59:20Z,134,99,completed,web,SD,KR,0,friend_share
VEW001310,USR0110,MOV0059,2025-04-17T07:53:15Z,2025-04-17T10:22:15Z,132,96,completed,mobile,SD,KR,0,search
VEW001311,USR0110,MOV0156,2026-06-14T22:14:40Z,2026-06-15T00:04:40Z,95,98,completed,tablet,HD,KR,0,friend_share
VEW001312,USR0110,MOV0096,2026-02-08T01:22:18Z,2026-02-08T02:01:18Z,33,29,abandoned,tablet,SD,KR,0,trending
VEW001313,USR0110,MOV0171,2025-07-17T12:22:33Z,2025-07-17T14:16:33Z,99,77,abandoned,mobile,SD,KR,0,trending
VEW001314,USR0110,MOV0037,2026-03-07T14:10:40Z,2026-03-07T15:32:40Z,69,73,abandoned,tablet,4K,KR,0,trending
VEW001315,USR0110,MOV0139,2026-03-07T04:08:06Z,2026-03-07T05:47:06Z,87,81,abandoned,web,HD,KR,0,home_recommendation
VEW001316,USR0110,MOV0169,2026-05-22T20:30:08Z,2026-05-22T21:17:08Z,46,30,abandoned,game_console,FHD,KR,0,trending
VEW001317,USR0110,MOV0023,2023-07-08T04:06:33Z,2023-07-08T05:58:33Z,104,69,abandoned,game_console,SD,KR,0,home_recommendation
VEW001318,USR0110,MOV0041,2026-06-08T22:40:46Z,2026-06-08T23:19:46Z,35,23,abandoned,web,FHD,KR,0,friend_share
VEW001319,USR0110,MOV0116,2025-12-31T05:51:28Z,2025-12-31T07:09:28Z,64,56,abandoned,tablet,4K,KR,0,home_recommendation
VEW001320,USR0110,MOV0181,2026-05-14T10:52:36Z,2026-05-14T11:39:36Z,45,31,abandoned,smart_tv,HD,KR,0,friend_share
VEW001321,USR0111,MOV0194,2025-04-22T16:00:18Z,2025-04-22T17:48:18Z,93,92,completed,game_console,HD,KR,0,search
VEW001322,USR0111,MOV0027,2023-04-09T03:24:48Z,2023-04-09T05:21:48Z,103,100,completed,tablet,SD,KR,0,trending
VEW001323,USR0111,MOV0073,2025-11-03T05:14:03Z,2025-11-03T07:38:03Z,144,89,completed,mobile,HD,KR,0,home_recommendation
VEW001324,USR0111,MOV0101,2023-11-05T21:59:11Z,2023-11-05T23:33:11Z,88,59,abandoned,tablet,FHD,KR,0,watchlist
VEW001325,USR0111,MOV0167,2023-04-02T06:44:50Z,2023-04-02T07:58:50Z,57,74,abandoned,smart_tv,HD,KR,0,search
VEW001326,USR0111,MOV0176,2024-06-26T03:09:58Z,2024-06-26T04:26:58Z,59,41,abandoned,game_console,FHD,KR,0,trending
VEW001327,USR0111,MOV0152,2024-02-17T02:18:53Z,2024-02-17T04:21:53Z,110,88,completed,tablet,SD,KR,0,friend_share
VEW001328,USR0111,MOV0082,2024-09-27T21:45:39Z,2024-09-28T00:19:39Z,140,97,completed,smart_tv,HD,KR,0,watchlist
VEW001329,USR0111,MOV0158,2025-04-05T16:50:01Z,2025-04-05T17:24:01Z,20,20,abandoned,game_console,FHD,KR,0,search
VEW001330,USR0111,MOV0183,2026-02-13T13:52:26Z,2026-02-13T15:13:26Z,69,62,abandoned,mobile,FHD,KR,0,search
VEW001331,USR0111,MOV0040,2024-06-14T14:02:27Z,2024-06-14T14:52:27Z,35,32,abandoned,smart_tv,FHD,KR,0,home_recommendation
VEW001332,USR0111,MOV0142,2024-09-20T14:20:10Z,2024-09-20T16:13:10Z,97,69,abandoned,smart_tv,FHD,KR,0,search
VEW001333,USR0112,MOV0097,2026-02-18T22:56:30Z,2026-02-19T00:11:30Z,74,99,completed,game_console,HD,KR,0,friend_share
VEW001334,USR0112,MOV0047,2026-04-21T11:23:37Z,2026-04-21T12:43:37Z,68,96,completed,game_console,4K,KR,0,watchlist
VEW001335,USR0112,MOV0160,2026-02-15T17:54:43Z,2026-02-15T19:42:43Z,95,90,completed,smart_tv,HD,KR,0,watchlist
VEW001336,USR0112,MOV0120,2026-04-21T05:51:22Z,2026-04-21T06:58:22Z,59,63,abandoned,mobile,FHD,KR,0,watchlist
VEW001337,USR0112,MOV0141,2026-05-26T22:53:17Z,2026-05-26T23:30:17Z,20,20,abandoned,web,4K,KR,0,trending
VEW001338,USR0112,MOV0090,2026-01-22T19:52:56Z,2026-01-22T21:40:56Z,106,88,completed,game_console,HD,KR,0,home_recommendation
VEW001339,USR0112,MOV0171,2026-04-29T18:00:32Z,2026-04-29T19:39:32Z,81,63,abandoned,web,4K,KR,0,search
VEW001340,USR0112,MOV0075,2026-03-29T08:16:14Z,2026-03-29T08:52:14Z,31,27,abandoned,game_console,4K,KR,0,watchlist
VEW001341,USR0112,MOV0082,2026-05-03T12:24:11Z,2026-05-03T14:54:11Z,137,95,completed,game_console,HD,KR,0,watchlist
VEW001342,USR0112,MOV0033,2026-02-07T12:06:37Z,2026-02-07T13:47:37Z,85,97,completed,smart_tv,FHD,KR,0,friend_share
VEW001343,USR0112,MOV0139,2026-03-06T10:37:04Z,2026-03-06T11:55:04Z,63,59,abandoned,smart_tv,SD,KR,0,home_recommendation
VEW001344,USR0112,MOV0159,2026-04-16T07:35:20Z,2026-04-16T09:29:20Z,98,72,abandoned,tablet,FHD,KR,0,home_recommendation
VEW001345,USR0113,MOV0127,2025-02-09T03:13:58Z,2025-02-09T05:00:58Z,97,94,completed,tablet,HD,KR,0,home_recommendation
VEW001346,USR0113,MOV0157,2024-08-26T21:27:28Z,2024-08-26T22:49:28Z,72,96,completed,smart_tv,4K,KR,0,friend_share
VEW001347,USR0113,MOV0142,2024-10-22T09:59:16Z,2024-10-22T12:28:16Z,140,99,completed,mobile,4K,KR,0,friend_share
VEW001348,USR0113,MOV0064,2026-05-24T07:43:58Z,2026-05-24T09:24:58Z,99,75,abandoned,smart_tv,SD,KR,0,friend_share
VEW001349,USR0113,MOV0131,2022-12-12T23:06:55Z,2022-12-12T23:56:55Z,49,45,abandoned,mobile,HD,KR,0,trending
VEW001350,USR0113,MOV0151,2022-07-19T12:36:08Z,2022-07-19T13:42:08Z,62,67,abandoned,smart_tv,SD,KR,0,trending
VEW001351,USR0113,MOV0155,2025-03-01T13:46:38Z,2025-03-01T15:01:38Z,66,54,abandoned,mobile,HD,KR,0,friend_share
VEW001352,USR0113,MOV0047,2025-03-19T06:31:06Z,2025-03-19T07:47:06Z,62,87,completed,web,SD,KR,0,watchlist
VEW001353,USR0113,MOV0095,2025-12-23T09:44:38Z,2025-12-23T10:32:38Z,42,46,abandoned,mobile,FHD,KR,0,search
VEW001354,USR0113,MOV0075,2026-05-14T14:08:00Z,2026-05-14T14:56:00Z,46,40,abandoned,smart_tv,FHD,KR,0,search
VEW001355,USR0113,MOV0033,2024-03-13T06:37:42Z,2024-03-13T07:55:42Z,62,71,abandoned,web,4K,KR,0,trending
VEW001356,USR0113,MOV0011,2025-06-25T09:54:36Z,2025-06-25T10:28:36Z,28,25,abandoned,smart_tv,SD,KR,0,search
VEW001357,USR0114,MOV0101,2024-03-13T08:56:46Z,2024-03-13T11:15:46Z,139,93,completed,tablet,HD,KR,0,home_recommendation
VEW001358,USR0114,MOV0129,2025-06-18T19:56:15Z,2025-06-18T22:10:15Z,130,98,completed,mobile,HD,KR,0,watchlist
VEW001359,USR0114,MOV0057,2024-10-20T14:38:55Z,2024-10-20T16:16:55Z,90,91,completed,tablet,FHD,KR,0,trending
VEW001360,USR0114,MOV0031,2022-11-01T19:59:09Z,2022-11-01T21:32:09Z,83,86,completed,game_console,4K,KR,0,home_recommendation
VEW001361,USR0114,MOV0154,2025-11-19T03:08:05Z,2025-11-19T04:52:05Z,97,79,abandoned,web,SD,KR,0,home_recommendation
VEW001362,USR0114,MOV0159,2025-01-17T03:44:04Z,2025-01-17T05:10:04Z,80,59,abandoned,smart_tv,SD,KR,0,friend_share
VEW001363,USR0114,MOV0144,2023-12-11T05:48:47Z,2023-12-11T08:18:47Z,148,91,completed,web,4K,KR,0,watchlist
VEW001364,USR0114,MOV0022,2025-03-25T00:58:50Z,2025-03-25T02:13:50Z,58,62,abandoned,tablet,SD,KR,0,watchlist
VEW001365,USR0114,MOV0146,2026-06-25T19:27:18Z,2026-06-25T21:57:18Z,138,95,completed,smart_tv,FHD,KR,0,trending
VEW001366,USR0114,MOV0046,2025-12-29T15:02:42Z,2025-12-29T16:16:42Z,71,58,abandoned,tablet,FHD,KR,0,search
VEW001367,USR0114,MOV0124,2026-02-08T11:46:35Z,2026-02-08T13:27:35Z,92,96,completed,smart_tv,SD,KR,0,friend_share
VEW001368,USR0114,MOV0055,2026-07-09T15:29:15Z,2026-07-09T16:39:15Z,69,51,abandoned,web,HD,KR,0,search
VEW001369,USR0115,MOV0188,2026-05-25T06:18:37Z,2026-05-25T07:50:37Z,79,91,completed,tablet,4K,KR,0,home_recommendation
VEW001370,USR0115,MOV0156,2024-12-18T12:07:25Z,2024-12-18T13:47:25Z,86,89,completed,tablet,SD,KR,0,home_recommendation
VEW001371,USR0115,MOV0021,2022-02-20T13:36:56Z,2022-02-20T16:08:56Z,151,94,completed,smart_tv,FHD,KR,0,watchlist
VEW001372,USR0115,MOV0191,2025-12-22T08:23:21Z,2025-12-22T10:15:21Z,109,67,abandoned,tablet,SD,KR,0,friend_share
VEW001373,USR0115,MOV0007,2025-02-23T15:55:01Z,2025-02-23T16:19:01Z,23,24,abandoned,web,FHD,KR,0,watchlist
VEW001374,USR0115,MOV0129,2025-06-22T03:41:06Z,2025-06-22T05:57:06Z,130,98,completed,web,HD,KR,0,friend_share
VEW001375,USR0115,MOV0168,2026-05-05T13:38:43Z,2026-05-05T14:32:43Z,39,40,abandoned,web,4K,KR,0,trending
VEW001376,USR0115,MOV0180,2026-01-10T06:02:20Z,2026-01-10T07:15:20Z,60,40,abandoned,mobile,SD,KR,0,search
VEW001377,USR0115,MOV0186,2026-04-08T17:57:34Z,2026-04-08T18:44:34Z,39,26,abandoned,game_console,HD,KR,0,search
VEW001378,USR0115,MOV0130,2023-02-22T09:08:58Z,2023-02-22T11:27:58Z,122,97,completed,tablet,4K,KR,0,friend_share
VEW001379,USR0115,MOV0091,2025-04-14T07:43:14Z,2025-04-14T08:54:14Z,53,46,abandoned,tablet,4K,KR,0,friend_share
VEW001380,USR0115,MOV0070,2026-02-19T11:30:41Z,2026-02-19T12:39:41Z,51,47,abandoned,game_console,4K,KR,0,friend_share
VEW001381,USR0116,MOV0160,2025-10-19T19:55:10Z,2025-10-19T21:39:10Z,96,91,completed,game_console,4K,KR,0,trending
VEW001382,USR0116,MOV0074,2025-12-20T22:58:05Z,2025-12-21T01:21:05Z,130,93,completed,mobile,4K,KR,0,watchlist
VEW001383,USR0116,MOV0065,2025-12-26T20:16:47Z,2025-12-26T22:24:47Z,125,97,completed,smart_tv,HD,KR,0,friend_share
VEW001384,USR0116,MOV0170,2025-10-03T09:31:18Z,2025-10-03T10:27:18Z,53,49,abandoned,mobile,SD,KR,0,watchlist
VEW001385,USR0116,MOV0030,2025-06-06T20:44:41Z,2025-06-06T21:45:41Z,60,53,abandoned,game_console,4K,KR,0,watchlist
VEW001386,USR0116,MOV0022,2025-05-21T20:01:30Z,2025-05-21T21:48:30Z,89,96,completed,web,HD,KR,0,friend_share
VEW001387,USR0116,MOV0157,2026-02-21T22:16:03Z,2026-02-21T22:46:03Z,19,25,abandoned,game_console,HD,KR,0,watchlist
VEW001388,USR0116,MOV0158,2025-05-07T13:17:04Z,2025-05-07T14:33:04Z,74,76,abandoned,smart_tv,FHD,KR,0,watchlist
VEW001389,USR0116,MOV0041,2026-05-09T02:21:41Z,2026-05-09T04:23:41Z,110,72,abandoned,smart_tv,FHD,KR,0,watchlist
VEW001390,USR0116,MOV0150,2026-03-29T10:05:14Z,2026-03-29T12:13:14Z,113,91,completed,smart_tv,FHD,KR,0,search
VEW001391,USR0116,MOV0071,2026-06-23T01:31:49Z,2026-06-23T02:33:49Z,50,48,abandoned,smart_tv,HD,KR,0,search
VEW001392,USR0116,MOV0146,2025-11-05T19:51:37Z,2025-11-05T22:26:37Z,144,99,completed,game_console,HD,KR,0,friend_share
VEW001393,USR0117,MOV0172,2026-06-10T14:32:00Z,2026-06-10T16:58:00Z,131,97,completed,tablet,4K,KR,0,trending
VEW001394,USR0117,MOV0186,2026-05-16T08:44:07Z,2026-05-16T11:12:07Z,145,96,completed,smart_tv,4K,KR,0,friend_share
VEW001395,USR0117,MOV0052,2025-11-22T02:46:22Z,2025-11-22T05:26:22Z,147,91,completed,tablet,HD,KR,0,watchlist
VEW001396,USR0117,MOV0018,2025-05-29T12:43:42Z,2025-05-29T14:28:42Z,89,77,abandoned,mobile,4K,KR,0,watchlist
VEW001397,USR0117,MOV0008,2026-06-25T18:33:45Z,2026-06-25T18:57:45Z,18,21,abandoned,mobile,SD,KR,0,watchlist
VEW001398,USR0117,MOV0035,2025-07-26T11:07:05Z,2025-07-26T11:40:05Z,31,27,abandoned,smart_tv,SD,KR,0,trending
VEW001399,USR0117,MOV0118,2026-07-17T23:09:59Z,2026-07-18T00:31:59Z,69,67,abandoned,web,FHD,KR,0,home_recommendation
VEW001400,USR0117,MOV0015,2025-05-12T03:52:32Z,2025-05-12T05:04:32Z,67,43,abandoned,tablet,SD,KR,0,search
VEW001401,USR0117,MOV0012,2025-04-06T13:34:53Z,2025-04-06T15:31:53Z,103,76,abandoned,mobile,SD,KR,0,trending
VEW001402,USR0117,MOV0153,2025-08-10T08:32:15Z,2025-08-10T10:31:15Z,114,79,abandoned,game_console,FHD,KR,0,home_recommendation
VEW001403,USR0117,MOV0057,2025-08-22T20:51:47Z,2025-08-22T22:30:47Z,90,91,completed,tablet,SD,KR,0,trending
VEW001404,USR0117,MOV0068,2026-05-22T03:35:27Z,2026-05-22T05:36:27Z,115,98,completed,game_console,4K,KR,0,watchlist
VEW001405,USR0118,MOV0155,2024-12-20T09:43:27Z,2024-12-20T11:44:27Z,118,97,completed,mobile,FHD,KR,0,home_recommendation
VEW001406,USR0118,MOV0123,2023-09-29T09:11:08Z,2023-09-29T10:59:08Z,91,88,completed,game_console,HD,KR,0,watchlist
VEW001407,USR0118,MOV0069,2024-10-19T19:09:40Z,2024-10-19T20:43:40Z,88,95,completed,game_console,4K,KR,0,search
VEW001408,USR0118,MOV0030,2023-05-13T10:45:02Z,2023-05-13T11:23:02Z,31,27,abandoned,web,4K,KR,0,watchlist
VEW001409,USR0118,MOV0056,2022-12-14T14:39:23Z,2022-12-14T16:13:23Z,90,80,abandoned,web,HD,KR,0,friend_share
VEW001410,USR0118,MOV0007,2026-05-04T16:36:07Z,2026-05-04T17:34:07Z,47,50,abandoned,tablet,SD,KR,0,watchlist
VEW001411,USR0118,MOV0006,2025-12-16T22:51:37Z,2025-12-17T00:37:37Z,93,64,abandoned,mobile,4K,KR,0,search
VEW001412,USR0118,MOV0047,2025-04-15T22:32:52Z,2025-04-15T23:31:52Z,41,58,abandoned,tablet,HD,KR,0,trending
VEW001413,USR0118,MOV0074,2023-05-12T07:00:52Z,2023-05-12T08:29:52Z,83,59,abandoned,tablet,SD,KR,0,search
VEW001414,USR0118,MOV0016,2025-02-01T08:01:01Z,2025-02-01T09:07:01Z,56,39,abandoned,smart_tv,SD,KR,0,watchlist
VEW001415,USR0118,MOV0103,2025-02-07T07:29:04Z,2025-02-07T08:25:04Z,43,43,abandoned,smart_tv,4K,KR,0,watchlist
VEW001416,USR0118,MOV0120,2023-10-10T09:47:15Z,2023-10-10T11:15:15Z,75,80,abandoned,mobile,FHD,KR,0,watchlist
VEW001417,USR0119,MOV0198,2024-08-12T23:09:56Z,2024-08-13T01:07:56Z,114,100,completed,smart_tv,4K,KR,0,home_recommendation
VEW001418,USR0119,MOV0058,2025-07-25T01:36:15Z,2025-07-25T03:38:15Z,106,92,completed,game_console,4K,KR,0,search
VEW001419,USR0119,MOV0178,2026-05-07T18:31:15Z,2026-05-07T20:28:15Z,109,94,completed,tablet,SD,KR,0,search
VEW001420,USR0119,MOV0182,2025-01-06T06:49:17Z,2025-01-06T08:11:17Z,70,53,abandoned,smart_tv,4K,KR,0,friend_share
VEW001421,USR0119,MOV0060,2026-05-19T16:49:52Z,2026-05-19T17:33:52Z,44,29,abandoned,web,4K,KR,0,home_recommendation
VEW001422,USR0119,MOV0063,2024-03-09T12:11:23Z,2024-03-09T14:13:23Z,115,99,completed,smart_tv,4K,KR,0,search
VEW001423,USR0119,MOV0177,2024-06-12T22:52:12Z,2024-06-13T00:15:12Z,65,92,completed,mobile,HD,KR,0,search
VEW001424,USR0119,MOV0128,2025-05-19T21:29:45Z,2025-05-19T23:06:45Z,88,97,completed,tablet,FHD,KR,0,home_recommendation
VEW001425,USR0119,MOV0196,2026-04-11T17:12:10Z,2026-04-11T17:44:10Z,25,21,abandoned,web,SD,KR,0,trending
VEW001426,USR0119,MOV0170,2025-07-02T02:34:05Z,2025-07-02T03:15:05Z,40,37,abandoned,smart_tv,SD,KR,0,home_recommendation
VEW001427,USR0119,MOV0097,2025-12-07T08:08:22Z,2025-12-07T09:12:22Z,58,77,abandoned,mobile,HD,KR,0,trending
VEW001428,USR0119,MOV0081,2025-02-07T09:21:58Z,2025-02-07T10:35:58Z,70,43,abandoned,smart_tv,SD,KR,0,search
VEW001429,USR0120,MOV0031,2024-12-19T11:44:57Z,2024-12-19T13:30:57Z,91,95,completed,tablet,FHD,KR,0,home_recommendation
VEW001430,USR0120,MOV0108,2026-06-18T23:29:00Z,2026-06-19T01:34:00Z,112,96,completed,smart_tv,HD,KR,0,home_recommendation
VEW001431,USR0120,MOV0009,2025-10-28T19:30:36Z,2025-10-28T21:51:36Z,123,90,completed,tablet,FHD,KR,0,home_recommendation
VEW001432,USR0120,MOV0013,2025-03-05T00:27:32Z,2025-03-05T02:17:32Z,102,73,abandoned,smart_tv,FHD,KR,0,home_recommendation
VEW001433,USR0120,MOV0156,2026-03-20T00:22:15Z,2026-03-20T01:11:15Z,31,32,abandoned,tablet,HD,KR,0,trending
VEW001434,USR0120,MOV0138,2025-11-23T21:35:18Z,2025-11-23T22:21:18Z,28,31,abandoned,smart_tv,HD,KR,0,trending
VEW001435,USR0120,MOV0164,2026-01-10T20:04:53Z,2026-01-10T20:54:53Z,49,38,abandoned,game_console,FHD,KR,0,home_recommendation
VEW001436,USR0120,MOV0104,2026-07-14T04:13:01Z,2026-07-14T06:37:01Z,127,78,abandoned,mobile,FHD,KR,0,home_recommendation
VEW001437,USR0120,MOV0186,2026-04-04T18:51:59Z,2026-04-04T19:30:59Z,30,20,abandoned,mobile,HD,KR,0,search
VEW001438,USR0120,MOV0139,2026-07-09T19:16:56Z,2026-07-09T21:09:56Z,96,90,completed,web,SD,KR,0,watchlist
VEW001439,USR0120,MOV0049,2026-05-07T07:26:28Z,2026-05-07T09:06:28Z,98,68,abandoned,tablet,4K,KR,0,friend_share
VEW001440,USR0120,MOV0001,2025-07-26T15:02:53Z,2025-07-26T16:49:53Z,97,68,abandoned,game_console,HD,KR,0,watchlist
VEW001441,USR0121,MOV0178,2026-05-26T18:16:55Z,2026-05-26T20:15:55Z,115,99,completed,game_console,HD,KR,0,search
VEW001442,USR0121,MOV0112,2025-02-26T12:33:07Z,2025-02-26T14:29:07Z,106,98,completed,tablet,FHD,KR,0,watchlist
VEW001443,USR0121,MOV0102,2024-06-24T23:44:27Z,2024-06-25T01:08:27Z,81,88,completed,smart_tv,4K,KR,0,friend_share
VEW001444,USR0121,MOV0022,2023-01-21T19:22:14Z,2023-01-21T19:59:14Z,20,21,abandoned,game_console,HD,KR,0,home_recommendation
VEW001445,USR0121,MOV0077,2024-07-13T21:51:16Z,2024-07-13T23:21:16Z,88,93,completed,tablet,4K,KR,0,trending
VEW001446,USR0121,MOV0146,2026-04-23T11:51:06Z,2026-04-23T14:26:06Z,142,98,completed,mobile,FHD,KR,0,search
VEW001447,USR0121,MOV0125,2025-06-27T05:09:05Z,2025-06-27T06:29:05Z,80,88,completed,smart_tv,FHD,KR,0,search
VEW001448,USR0121,MOV0036,2025-04-01T13:25:39Z,2025-04-01T14:56:39Z,81,76,abandoned,web,4K,KR,0,trending
VEW001449,USR0121,MOV0054,2025-06-20T15:43:29Z,2025-06-20T17:12:29Z,71,66,abandoned,smart_tv,SD,KR,0,home_recommendation
VEW001450,USR0121,MOV0181,2024-10-05T03:51:19Z,2024-10-05T05:10:19Z,74,51,abandoned,game_console,4K,KR,0,trending
VEW001451,USR0121,MOV0153,2023-08-22T05:51:38Z,2023-08-22T07:38:38Z,99,69,abandoned,web,HD,KR,0,watchlist
VEW001452,USR0121,MOV0013,2024-04-18T15:06:19Z,2024-04-18T15:58:19Z,42,30,abandoned,smart_tv,FHD,KR,0,friend_share
VEW001453,USR0122,MOV0132,2024-01-04T08:00:10Z,2024-01-04T09:30:10Z,84,88,completed,tablet,4K,KR,0,trending
VEW001454,USR0122,MOV0059,2026-06-26T01:12:52Z,2026-06-26T03:32:52Z,135,98,completed,game_console,HD,KR,0,home_recommendation
VEW001455,USR0122,MOV0144,2024-04-02T15:15:09Z,2024-04-02T18:07:09Z,156,96,completed,game_console,FHD,KR,0,search
VEW001456,USR0122,MOV0039,2024-03-24T19:53:06Z,2024-03-24T22:16:06Z,142,89,completed,mobile,HD,KR,0,search
VEW001457,USR0122,MOV0074,2024-05-10T06:27:10Z,2024-05-10T07:23:10Z,56,40,abandoned,smart_tv,FHD,KR,0,friend_share
VEW001458,USR0122,MOV0146,2026-04-26T14:52:31Z,2026-04-26T16:29:31Z,93,64,abandoned,web,4K,KR,0,search
VEW001459,USR0122,MOV0083,2024-02-28T16:37:23Z,2024-02-28T17:15:23Z,31,21,abandoned,web,SD,KR,0,friend_share
VEW001460,USR0122,MOV0155,2025-08-18T04:47:22Z,2025-08-18T06:10:22Z,67,55,abandoned,tablet,FHD,KR,0,watchlist
VEW001461,USR0122,MOV0077,2024-06-30T02:09:03Z,2024-06-30T03:13:03Z,48,50,abandoned,tablet,4K,KR,0,friend_share
VEW001462,USR0122,MOV0193,2026-07-10T03:03:16Z,2026-07-10T04:20:16Z,63,47,abandoned,mobile,4K,KR,0,watchlist
VEW001463,USR0122,MOV0032,2024-01-03T06:10:38Z,2024-01-03T08:36:38Z,143,94,completed,game_console,FHD,KR,0,trending
VEW001464,USR0122,MOV0176,2025-10-26T06:10:07Z,2025-10-26T07:55:07Z,99,68,abandoned,game_console,SD,KR,0,search
VEW001465,USR0123,MOV0130,2025-07-05T05:54:01Z,2025-07-05T08:00:01Z,111,88,completed,game_console,SD,KR,0,friend_share
VEW001466,USR0123,MOV0118,2026-05-22T10:16:46Z,2026-05-22T11:56:46Z,92,89,completed,mobile,SD,KR,0,search
VEW001467,USR0123,MOV0053,2026-07-19T09:45:35Z,2026-07-19T11:36:35Z,95,97,completed,web,SD,KR,0,friend_share
VEW001468,USR0123,MOV0162,2025-12-19T17:45:54Z,2025-12-19T19:24:54Z,89,62,abandoned,smart_tv,FHD,KR,0,trending
VEW001469,USR0123,MOV0185,2025-07-12T01:46:00Z,2025-07-12T02:58:00Z,54,35,abandoned,mobile,SD,KR,0,search
VEW001470,USR0123,MOV0085,2026-03-21T05:13:22Z,2026-03-21T07:03:22Z,92,73,abandoned,mobile,FHD,KR,0,search
VEW001471,USR0123,MOV0019,2026-03-18T05:29:34Z,2026-03-18T06:53:34Z,66,68,abandoned,tablet,4K,KR,0,friend_share
VEW001472,USR0123,MOV0135,2025-11-20T00:46:32Z,2025-11-20T01:49:32Z,61,44,abandoned,tablet,HD,KR,0,home_recommendation
VEW001473,USR0123,MOV0024,2026-04-18T17:42:35Z,2026-04-18T19:27:35Z,98,80,abandoned,tablet,4K,KR,0,home_recommendation
VEW001474,USR0123,MOV0044,2025-07-26T06:28:34Z,2025-07-26T09:07:34Z,159,99,completed,game_console,SD,KR,0,home_recommendation
VEW001475,USR0123,MOV0052,2025-10-21T03:25:28Z,2025-10-21T06:12:28Z,158,98,completed,game_console,4K,KR,0,search
VEW001476,USR0123,MOV0058,2026-04-20T10:16:31Z,2026-04-20T11:23:31Z,59,51,abandoned,mobile,4K,KR,0,search
VEW001477,USR0124,MOV0069,2026-07-01T10:09:12Z,2026-07-01T11:48:12Z,82,88,completed,game_console,SD,KR,0,watchlist
VEW001478,USR0124,MOV0171,2024-11-01T15:59:12Z,2024-11-01T18:04:12Z,114,89,completed,smart_tv,FHD,KR,0,search
VEW001479,USR0124,MOV0064,2025-12-14T20:49:19Z,2025-12-14T22:53:19Z,119,90,completed,tablet,4K,KR,0,trending
VEW001480,USR0124,MOV0099,2025-10-28T17:56:20Z,2025-10-28T19:40:20Z,100,77,abandoned,smart_tv,FHD,KR,0,watchlist
VEW001481,USR0124,MOV0124,2025-05-01T02:04:08Z,2025-05-01T03:08:08Z,63,66,abandoned,smart_tv,SD,KR,0,search
VEW001482,USR0124,MOV0073,2024-07-20T03:32:29Z,2024-07-20T05:03:29Z,75,46,abandoned,tablet,HD,KR,0,watchlist
VEW001483,USR0124,MOV0101,2026-05-18T19:04:27Z,2026-05-18T20:04:27Z,51,34,abandoned,web,SD,KR,0,trending
VEW001484,USR0124,MOV0095,2025-10-10T16:10:31Z,2025-10-10T16:34:31Z,24,26,abandoned,smart_tv,4K,KR,0,watchlist
VEW001485,USR0124,MOV0031,2023-10-11T06:49:44Z,2023-10-11T07:22:44Z,20,21,abandoned,smart_tv,HD,KR,0,friend_share
VEW001486,USR0124,MOV0136,2024-07-14T08:30:00Z,2024-07-14T09:36:00Z,49,34,abandoned,tablet,4K,KR,0,search
VEW001487,USR0124,MOV0078,2026-03-03T11:26:33Z,2026-03-03T12:24:33Z,54,47,abandoned,mobile,FHD,KR,0,home_recommendation
VEW001488,USR0124,MOV0141,2024-12-28T09:08:48Z,2024-12-28T10:44:48Z,87,88,completed,tablet,HD,KR,0,home_recommendation
VEW001489,USR0125,MOV0065,2026-03-09T05:01:09Z,2026-03-09T07:20:09Z,125,97,completed,web,4K,KR,0,search
VEW001490,USR0125,MOV0144,2026-04-15T23:34:56Z,2026-04-16T02:24:56Z,163,100,completed,game_console,4K,KR,0,search
VEW001491,USR0125,MOV0089,2026-01-19T00:28:18Z,2026-01-19T02:49:18Z,129,99,completed,game_console,FHD,KR,0,friend_share
VEW001492,USR0125,MOV0014,2026-06-25T20:04:06Z,2026-06-25T20:39:06Z,33,24,abandoned,smart_tv,SD,KR,0,trending
VEW001493,USR0125,MOV0143,2026-02-06T16:01:10Z,2026-02-06T17:31:10Z,81,77,abandoned,smart_tv,4K,KR,0,watchlist
VEW001494,USR0125,MOV0162,2026-05-15T17:46:22Z,2026-05-15T19:30:22Z,97,68,abandoned,mobile,FHD,KR,0,home_recommendation
VEW001495,USR0125,MOV0027,2026-03-13T04:16:57Z,2026-03-13T05:34:57Z,78,76,abandoned,game_console,FHD,KR,0,watchlist
VEW001496,USR0125,MOV0187,2026-01-29T19:35:49Z,2026-01-29T20:32:49Z,46,53,abandoned,mobile,HD,KR,0,trending
VEW001497,USR0125,MOV0098,2026-04-17T14:46:39Z,2026-04-17T15:26:39Z,28,26,abandoned,web,SD,KR,0,friend_share
VEW001498,USR0125,MOV0155,2026-02-15T06:06:09Z,2026-02-15T08:01:09Z,100,82,abandoned,tablet,FHD,KR,0,trending
VEW001499,USR0125,MOV0056,2026-02-07T09:38:59Z,2026-02-07T10:48:59Z,56,50,abandoned,game_console,FHD,KR,0,friend_share
VEW001500,USR0125,MOV0174,2026-06-29T10:30:35Z,2026-06-29T11:55:35Z,84,65,abandoned,tablet,HD,KR,0,watchlist
VEW001501,USR0126,MOV0166,2026-02-26T06:02:11Z,2026-02-26T08:31:11Z,137,95,completed,mobile,FHD,KR,0,watchlist
VEW001502,USR0126,MOV0082,2025-01-18T16:13:37Z,2025-01-18T18:37:37Z,130,90,completed,game_console,HD,KR,0,home_recommendation
VEW001503,USR0126,MOV0001,2026-04-08T00:13:32Z,2026-04-08T02:23:32Z,129,91,completed,mobile,SD,KR,0,search
VEW001504,USR0126,MOV0157,2024-07-08T03:04:26Z,2024-07-08T03:50:26Z,38,50,abandoned,web,4K,KR,0,watchlist
VEW001505,USR0126,MOV0097,2026-01-06T05:15:11Z,2026-01-06T05:57:11Z,36,48,abandoned,mobile,FHD,KR,0,friend_share
VEW001506,USR0126,MOV0149,2025-11-25T21:49:44Z,2025-11-25T22:41:44Z,48,34,abandoned,smart_tv,HD,KR,0,friend_share
VEW001507,USR0126,MOV0104,2026-01-21T18:37:21Z,2026-01-21T19:42:21Z,57,35,abandoned,tablet,FHD,KR,0,trending
VEW001508,USR0126,MOV0176,2025-02-11T03:47:29Z,2025-02-11T05:24:29Z,97,67,abandoned,tablet,SD,KR,0,trending
VEW001509,USR0126,MOV0073,2025-07-10T17:43:05Z,2025-07-10T19:08:05Z,76,47,abandoned,smart_tv,FHD,KR,0,watchlist
VEW001510,USR0126,MOV0053,2026-03-04T01:49:49Z,2026-03-04T02:24:49Z,31,32,abandoned,smart_tv,4K,KR,0,friend_share
VEW001511,USR0126,MOV0003,2026-05-28T01:51:22Z,2026-05-28T02:49:22Z,49,43,abandoned,game_console,4K,KR,0,search
VEW001512,USR0126,MOV0150,2025-10-20T14:19:05Z,2025-10-20T15:43:05Z,71,57,abandoned,web,FHD,KR,0,trending
VEW001513,USR0127,MOV0123,2026-03-09T08:50:15Z,2026-03-09T10:34:15Z,98,95,completed,game_console,SD,KR,0,friend_share
VEW001514,USR0127,MOV0061,2023-03-13T02:59:41Z,2023-03-13T05:00:41Z,109,95,completed,smart_tv,FHD,KR,0,watchlist
VEW001515,USR0127,MOV0068,2026-05-22T04:07:04Z,2026-05-22T06:07:04Z,104,89,completed,game_console,HD,KR,0,watchlist
VEW001516,USR0127,MOV0082,2025-08-30T02:37:02Z,2025-08-30T04:17:02Z,95,66,abandoned,web,SD,KR,0,search
VEW001517,USR0127,MOV0015,2025-08-06T10:32:44Z,2025-08-06T12:02:44Z,83,53,abandoned,game_console,HD,KR,0,trending
VEW001518,USR0127,MOV0137,2026-04-03T14:07:42Z,2026-04-03T14:53:42Z,45,49,abandoned,tablet,SD,KR,0,trending
VEW001519,USR0127,MOV0150,2026-05-15T18:38:48Z,2026-05-15T20:44:48Z,120,97,completed,game_console,FHD,KR,0,home_recommendation
VEW001520,USR0127,MOV0176,2024-04-10T03:38:20Z,2024-04-10T06:01:20Z,125,86,completed,smart_tv,FHD,KR,0,trending
VEW001521,USR0127,MOV0116,2023-04-12T14:02:23Z,2023-04-12T14:56:23Z,44,39,abandoned,mobile,HD,KR,0,home_recommendation
VEW001522,USR0127,MOV0133,2023-10-26T22:07:55Z,2023-10-26T23:33:55Z,79,55,abandoned,tablet,HD,KR,0,friend_share
VEW001523,USR0127,MOV0085,2026-05-09T21:18:32Z,2026-05-09T22:35:32Z,59,47,abandoned,smart_tv,FHD,KR,0,home_recommendation
VEW001524,USR0127,MOV0200,2025-06-14T18:10:17Z,2025-06-14T19:10:17Z,46,50,abandoned,mobile,FHD,KR,0,watchlist
VEW001525,USR0128,MOV0096,2024-04-01T19:05:13Z,2024-04-01T20:49:13Z,103,90,completed,game_console,SD,KR,0,search
VEW001526,USR0128,MOV0038,2026-02-14T16:53:45Z,2026-02-14T18:39:45Z,99,88,completed,game_console,HD,KR,0,search
VEW001527,USR0128,MOV0009,2026-02-26T14:56:54Z,2026-02-26T17:03:54Z,121,88,completed,mobile,SD,KR,0,trending
VEW001528,USR0128,MOV0083,2025-01-26T15:00:47Z,2025-01-26T15:29:47Z,29,20,abandoned,game_console,SD,KR,0,search
VEW001529,USR0128,MOV0099,2026-04-20T21:20:55Z,2026-04-20T22:17:55Z,49,38,abandoned,tablet,FHD,KR,0,search
VEW001530,USR0128,MOV0146,2026-04-15T03:32:19Z,2026-04-15T04:45:19Z,64,44,abandoned,smart_tv,SD,KR,0,search
VEW001531,USR0128,MOV0123,2025-09-11T11:04:40Z,2025-09-11T12:56:40Z,103,100,completed,web,SD,KR,0,friend_share
VEW001532,USR0128,MOV0074,2025-08-23T23:05:11Z,2025-08-23T23:45:11Z,32,23,abandoned,mobile,4K,KR,0,trending
VEW001533,USR0128,MOV0070,2026-03-26T05:36:08Z,2026-03-26T06:49:08Z,59,55,abandoned,mobile,HD,KR,0,home_recommendation
VEW001534,USR0128,MOV0056,2026-02-04T09:16:53Z,2026-02-04T10:54:53Z,92,82,abandoned,tablet,SD,KR,0,home_recommendation
VEW001535,USR0128,MOV0192,2026-04-02T10:47:59Z,2026-04-02T11:58:59Z,53,56,abandoned,game_console,HD,KR,0,friend_share
VEW001536,USR0128,MOV0051,2026-02-23T09:19:57Z,2026-02-23T10:41:57Z,70,60,abandoned,mobile,SD,KR,0,home_recommendation
VEW001537,USR0129,MOV0078,2026-01-26T18:50:35Z,2026-01-26T20:45:35Z,106,93,completed,game_console,HD,KR,0,search
VEW001538,USR0129,MOV0055,2026-02-09T14:17:15Z,2026-02-09T16:38:15Z,134,99,completed,mobile,4K,KR,0,friend_share
VEW001539,USR0129,MOV0079,2025-04-28T20:29:57Z,2025-04-28T22:49:57Z,135,88,completed,game_console,4K,KR,0,watchlist
VEW001540,USR0129,MOV0159,2026-06-23T21:58:54Z,2026-06-23T22:49:54Z,33,24,abandoned,tablet,4K,KR,0,trending
VEW001541,USR0129,MOV0061,2025-06-28T04:50:30Z,2025-06-28T05:55:30Z,59,51,abandoned,mobile,4K,KR,0,home_recommendation
VEW001542,USR0129,MOV0105,2025-02-06T18:57:07Z,2025-02-06T20:04:07Z,56,50,abandoned,tablet,4K,KR,0,trending
VEW001543,USR0129,MOV0075,2024-05-02T23:58:13Z,2024-05-03T01:35:13Z,90,78,abandoned,smart_tv,HD,KR,0,friend_share
VEW001544,USR0129,MOV0023,2024-02-15T20:07:53Z,2024-02-15T20:52:53Z,33,22,abandoned,web,FHD,KR,0,friend_share
VEW001545,USR0129,MOV0193,2026-04-14T12:39:28Z,2026-04-14T13:48:28Z,58,43,abandoned,web,SD,KR,0,trending
VEW001546,USR0129,MOV0098,2026-02-21T22:10:29Z,2026-02-21T22:41:29Z,29,27,abandoned,smart_tv,HD,KR,0,watchlist
VEW001547,USR0129,MOV0020,2025-02-20T06:54:32Z,2025-02-20T07:46:32Z,46,43,abandoned,smart_tv,HD,KR,0,search
VEW001548,USR0129,MOV0123,2026-06-27T12:07:41Z,2026-06-27T13:20:41Z,55,53,abandoned,web,FHD,KR,0,friend_share
VEW001549,USR0130,MOV0080,2026-05-22T07:12:40Z,2026-05-22T09:48:40Z,139,93,completed,game_console,4K,KR,0,friend_share
VEW001550,USR0130,MOV0138,2025-08-16T11:11:16Z,2025-08-16T12:34:16Z,79,89,completed,smart_tv,SD,KR,0,watchlist
VEW001551,USR0130,MOV0057,2025-01-30T19:40:14Z,2025-01-30T21:25:14Z,87,88,completed,smart_tv,4K,KR,0,friend_share
VEW001552,USR0130,MOV0179,2024-01-13T22:46:09Z,2024-01-13T23:53:09Z,60,46,abandoned,web,4K,KR,0,friend_share
VEW001553,USR0130,MOV0160,2025-06-18T00:51:56Z,2025-06-18T02:01:56Z,60,57,abandoned,web,FHD,KR,0,friend_share
VEW001554,USR0130,MOV0006,2026-06-18T00:55:32Z,2026-06-18T03:13:32Z,129,89,completed,tablet,HD,KR,0,home_recommendation
VEW001555,USR0130,MOV0156,2023-03-01T10:38:39Z,2023-03-01T11:24:39Z,36,37,abandoned,tablet,4K,KR,0,trending
VEW001556,USR0130,MOV0056,2023-12-28T01:40:11Z,2023-12-28T02:47:11Z,54,48,abandoned,smart_tv,FHD,KR,0,home_recommendation
VEW001557,USR0130,MOV0068,2026-07-15T00:44:24Z,2026-07-15T01:41:24Z,46,39,abandoned,smart_tv,4K,KR,0,trending
VEW001558,USR0130,MOV0016,2026-03-17T01:53:06Z,2026-03-17T03:33:06Z,90,63,abandoned,mobile,HD,KR,0,home_recommendation
VEW001559,USR0130,MOV0032,2025-01-30T21:21:02Z,2025-01-30T23:02:02Z,91,60,abandoned,mobile,4K,KR,0,search
VEW001560,USR0130,MOV0173,2026-01-22T00:06:03Z,2026-01-22T01:11:03Z,63,46,abandoned,smart_tv,HD,KR,0,friend_share
VEW001561,USR0131,MOV0057,2026-01-22T12:33:11Z,2026-01-22T14:18:11Z,91,92,completed,smart_tv,SD,KR,0,trending
VEW001562,USR0131,MOV0083,2026-03-08T02:09:24Z,2026-03-08T04:44:24Z,139,95,completed,mobile,4K,KR,0,watchlist
VEW001563,USR0131,MOV0105,2026-05-14T04:20:28Z,2026-05-14T06:15:28Z,109,97,completed,web,FHD,KR,0,trending
VEW001564,USR0131,MOV0100,2026-05-11T22:38:42Z,2026-05-11T23:22:42Z,31,27,abandoned,tablet,4K,KR,0,home_recommendation
VEW001565,USR0131,MOV0194,2026-02-19T00:30:35Z,2026-02-19T02:11:35Z,90,89,completed,web,FHD,KR,0,watchlist
VEW001566,USR0131,MOV0030,2026-07-14T18:22:27Z,2026-07-14T20:17:27Z,101,89,completed,game_console,FHD,KR,0,search
VEW001567,USR0131,MOV0123,2026-04-23T13:47:06Z,2026-04-23T15:11:06Z,70,68,abandoned,web,4K,KR,0,friend_share
VEW001568,USR0131,MOV0142,2025-10-30T19:02:30Z,2025-10-30T20:47:30Z,96,68,abandoned,game_console,FHD,KR,0,home_recommendation
VEW001569,USR0131,MOV0132,2025-10-31T11:06:58Z,2025-10-31T11:56:58Z,38,40,abandoned,smart_tv,4K,KR,0,home_recommendation
VEW001570,USR0131,MOV0127,2025-11-27T15:49:57Z,2025-11-27T17:03:57Z,61,59,abandoned,smart_tv,SD,KR,0,home_recommendation
VEW001571,USR0131,MOV0130,2026-03-15T02:51:22Z,2026-03-15T04:18:22Z,71,56,abandoned,game_console,HD,KR,0,trending
VEW001572,USR0131,MOV0005,2026-05-14T13:53:32Z,2026-05-14T14:48:32Z,37,37,abandoned,smart_tv,4K,KR,0,search
VEW001573,USR0132,MOV0120,2025-03-06T02:49:33Z,2025-03-06T04:32:33Z,85,90,completed,tablet,SD,KR,0,home_recommendation
VEW001574,USR0132,MOV0081,2025-02-03T08:29:39Z,2025-02-03T11:04:39Z,143,88,completed,web,4K,KR,0,trending
VEW001575,USR0132,MOV0176,2026-04-05T12:46:01Z,2026-04-05T15:11:01Z,132,91,completed,web,FHD,KR,0,friend_share
VEW001576,USR0132,MOV0034,2025-11-23T08:31:00Z,2025-11-23T10:05:00Z,92,91,completed,web,4K,KR,0,watchlist
VEW001577,USR0132,MOV0096,2025-06-12T07:49:13Z,2025-06-12T08:55:13Z,50,44,abandoned,web,4K,KR,0,trending
VEW001578,USR0132,MOV0041,2026-05-14T00:16:18Z,2026-05-14T01:03:18Z,29,19,abandoned,smart_tv,FHD,KR,0,trending
VEW001579,USR0132,MOV0159,2026-04-01T19:51:16Z,2026-04-01T22:17:16Z,129,95,completed,game_console,SD,KR,0,home_recommendation
VEW001580,USR0132,MOV0057,2026-02-10T13:43:00Z,2026-02-10T15:35:00Z,96,97,completed,mobile,FHD,KR,0,search
VEW001581,USR0132,MOV0139,2023-08-15T19:37:26Z,2023-08-15T21:13:26Z,79,74,abandoned,game_console,HD,KR,0,trending
VEW001582,USR0132,MOV0033,2023-11-09T03:35:34Z,2023-11-09T04:31:34Z,49,56,abandoned,tablet,HD,KR,0,trending
VEW001583,USR0132,MOV0118,2026-06-07T09:28:34Z,2026-06-07T11:06:34Z,94,91,completed,tablet,4K,KR,0,search
VEW001584,USR0132,MOV0119,2026-05-18T04:11:11Z,2026-05-18T06:29:11Z,135,99,completed,mobile,FHD,KR,0,search
VEW001585,USR0133,MOV0001,2024-11-20T14:38:44Z,2024-11-20T17:04:44Z,136,96,completed,web,SD,KR,0,trending
VEW001586,USR0133,MOV0083,2022-12-22T16:07:37Z,2022-12-22T18:34:37Z,130,89,completed,tablet,4K,KR,0,trending
VEW001587,USR0133,MOV0012,2025-03-23T02:30:17Z,2025-03-23T04:46:17Z,127,94,completed,mobile,FHD,KR,0,trending
VEW001588,USR0133,MOV0087,2025-04-06T07:06:40Z,2025-04-06T08:34:40Z,75,77,abandoned,game_console,SD,KR,0,home_recommendation
VEW001589,USR0133,MOV0032,2024-09-29T13:53:03Z,2024-09-29T15:41:03Z,93,61,abandoned,mobile,4K,KR,0,home_recommendation
VEW001590,USR0133,MOV0177,2025-01-20T00:21:19Z,2025-01-20T01:36:19Z,70,98,completed,tablet,SD,KR,0,friend_share
VEW001591,USR0133,MOV0109,2025-09-26T00:30:57Z,2025-09-26T02:18:57Z,101,79,abandoned,mobile,FHD,KR,0,home_recommendation
VEW001592,USR0133,MOV0151,2023-02-11T05:06:14Z,2023-02-11T06:16:14Z,52,56,abandoned,mobile,SD,KR,0,home_recommendation
VEW001593,USR0133,MOV0050,2026-03-18T03:22:52Z,2026-03-18T04:17:52Z,41,29,abandoned,web,HD,KR,0,friend_share
VEW001594,USR0133,MOV0056,2026-05-20T20:04:09Z,2026-05-20T21:50:09Z,96,86,completed,tablet,4K,KR,0,trending
VEW001595,USR0133,MOV0034,2025-02-14T17:59:12Z,2025-02-14T18:42:12Z,43,43,abandoned,smart_tv,SD,KR,0,trending
VEW001596,USR0133,MOV0069,2025-04-21T20:27:55Z,2025-04-21T21:48:55Z,78,84,abandoned,web,HD,KR,0,home_recommendation
VEW001597,USR0134,MOV0108,2026-07-01T17:12:25Z,2026-07-01T19:14:25Z,106,91,completed,game_console,SD,KR,0,home_recommendation
VEW001598,USR0134,MOV0071,2024-11-06T01:14:40Z,2024-11-06T03:01:40Z,103,98,completed,mobile,4K,KR,0,trending
VEW001599,USR0134,MOV0163,2026-02-17T17:31:36Z,2026-02-17T19:34:36Z,122,98,completed,smart_tv,SD,KR,0,trending
VEW001600,USR0134,MOV0013,2021-12-28T14:20:12Z,2021-12-28T16:45:12Z,127,91,completed,web,4K,KR,0,watchlist
VEW001601,USR0134,MOV0050,2026-06-05T01:21:44Z,2026-06-05T02:11:44Z,48,34,abandoned,mobile,FHD,KR,0,search
VEW001602,USR0134,MOV0160,2025-10-17T22:52:09Z,2025-10-18T00:41:09Z,92,87,completed,game_console,SD,KR,0,search
VEW001603,USR0134,MOV0100,2026-04-26T20:41:49Z,2026-04-26T22:09:49Z,80,70,abandoned,tablet,4K,KR,0,watchlist
VEW001604,USR0134,MOV0164,2024-09-09T00:09:54Z,2024-09-09T01:10:54Z,60,46,abandoned,tablet,FHD,KR,0,home_recommendation
VEW001605,USR0134,MOV0152,2026-06-03T16:06:00Z,2026-06-03T17:31:00Z,70,56,abandoned,game_console,FHD,KR,0,search
VEW001606,USR0134,MOV0003,2025-12-14T16:40:30Z,2025-12-14T18:35:30Z,98,87,completed,web,4K,KR,0,home_recommendation
VEW001607,USR0134,MOV0106,2026-01-12T03:45:06Z,2026-01-12T04:30:06Z,29,25,abandoned,game_console,HD,KR,0,trending
VEW001608,USR0134,MOV0086,2026-07-04T17:06:53Z,2026-07-04T18:59:53Z,98,75,abandoned,mobile,HD,KR,0,search
VEW001609,USR0135,MOV0126,2026-07-18T14:41:41Z,2026-07-18T17:12:41Z,148,98,completed,web,HD,KR,0,home_recommendation
VEW001610,USR0135,MOV0119,2026-06-20T22:12:06Z,2026-06-21T00:19:06Z,120,88,completed,game_console,FHD,KR,0,friend_share
VEW001611,USR0135,MOV0062,2026-05-24T03:58:59Z,2026-05-24T06:33:59Z,145,97,completed,web,SD,KR,0,trending
VEW001612,USR0135,MOV0168,2025-09-12T22:35:05Z,2025-09-12T23:51:05Z,65,67,abandoned,mobile,4K,KR,0,home_recommendation
VEW001613,USR0135,MOV0105,2026-03-08T14:40:53Z,2026-03-08T16:36:53Z,111,99,completed,smart_tv,SD,KR,0,home_recommendation
VEW001614,USR0135,MOV0166,2026-02-17T17:43:32Z,2026-02-17T19:02:32Z,62,43,abandoned,smart_tv,HD,KR,0,home_recommendation
VEW001615,USR0135,MOV0161,2026-03-03T12:04:12Z,2026-03-03T13:53:12Z,104,69,abandoned,smart_tv,SD,KR,0,trending
VEW001616,USR0135,MOV0102,2026-03-18T19:33:24Z,2026-03-18T20:02:24Z,28,30,abandoned,web,HD,KR,0,friend_share
VEW001617,USR0135,MOV0059,2026-03-19T02:08:40Z,2026-03-19T03:40:40Z,91,66,abandoned,mobile,SD,KR,0,watchlist
VEW001618,USR0135,MOV0081,2026-07-07T05:36:28Z,2026-07-07T06:42:28Z,49,30,abandoned,web,4K,KR,0,friend_share
VEW001619,USR0135,MOV0197,2025-12-25T15:45:59Z,2025-12-25T16:37:59Z,46,43,abandoned,web,4K,KR,0,search
VEW001620,USR0135,MOV0185,2025-07-20T15:59:50Z,2025-07-20T18:19:50Z,136,88,completed,smart_tv,4K,KR,0,watchlist
VEW001621,USR0136,MOV0196,2025-07-06T14:47:16Z,2025-07-06T16:48:16Z,109,90,completed,game_console,4K,KR,0,watchlist
VEW001622,USR0136,MOV0121,2026-05-24T07:18:09Z,2026-05-24T09:25:09Z,111,93,completed,mobile,SD,KR,0,search
VEW001623,USR0136,MOV0158,2026-06-16T13:08:19Z,2026-06-16T14:56:19Z,92,94,completed,tablet,FHD,KR,0,trending
VEW001624,USR0136,MOV0007,2026-03-28T05:33:29Z,2026-03-28T06:55:29Z,79,84,abandoned,mobile,SD,KR,0,search
VEW001625,USR0136,MOV0094,2025-03-06T04:18:46Z,2025-03-06T05:54:46Z,96,75,abandoned,mobile,SD,KR,0,trending
VEW001626,USR0136,MOV0037,2025-10-24T09:42:37Z,2025-10-24T11:21:37Z,84,88,completed,mobile,FHD,KR,0,watchlist
VEW001627,USR0136,MOV0157,2025-11-14T20:46:08Z,2025-11-14T21:11:08Z,18,24,abandoned,mobile,FHD,KR,0,watchlist
VEW001628,USR0136,MOV0134,2023-09-10T14:56:08Z,2023-09-10T15:59:08Z,46,46,abandoned,web,HD,KR,0,trending
VEW001629,USR0136,MOV0081,2025-01-07T20:40:09Z,2025-01-07T22:17:09Z,96,59,abandoned,game_console,4K,KR,0,search
VEW001630,USR0136,MOV0159,2026-07-03T13:30:16Z,2026-07-03T15:23:16Z,98,72,abandoned,game_console,4K,KR,0,home_recommendation
VEW001631,USR0136,MOV0143,2026-01-01T00:48:14Z,2026-01-01T02:32:14Z,99,94,completed,mobile,HD,KR,0,trending
VEW001632,USR0136,MOV0087,2025-07-23T12:16:26Z,2025-07-23T13:29:26Z,66,67,abandoned,tablet,HD,KR,0,friend_share
VEW001633,USR0137,MOV0016,2026-04-27T20:08:45Z,2026-04-27T22:33:45Z,143,100,completed,tablet,4K,KR,0,home_recommendation
VEW001634,USR0137,MOV0200,2025-09-13T12:51:52Z,2025-09-13T14:20:52Z,82,89,completed,web,HD,KR,0,watchlist
VEW001635,USR0137,MOV0169,2026-06-25T09:30:46Z,2026-06-25T11:50:46Z,134,88,completed,smart_tv,HD,KR,0,search
VEW001636,USR0137,MOV0137,2025-07-16T23:34:07Z,2025-07-17T01:04:07Z,77,84,abandoned,tablet,FHD,KR,0,home_recommendation
VEW001637,USR0137,MOV0079,2025-05-03T19:33:58Z,2025-05-03T20:40:58Z,61,40,abandoned,smart_tv,SD,KR,0,home_recommendation
VEW001638,USR0137,MOV0043,2025-09-27T07:02:39Z,2025-09-27T08:24:39Z,82,82,abandoned,mobile,FHD,KR,0,search
VEW001639,USR0137,MOV0143,2026-06-30T06:28:05Z,2026-06-30T07:09:05Z,23,22,abandoned,web,SD,KR,0,trending
VEW001640,USR0137,MOV0163,2025-12-03T20:25:50Z,2025-12-03T22:28:50Z,120,97,completed,smart_tv,FHD,KR,0,watchlist
VEW001641,USR0137,MOV0147,2025-09-12T01:23:47Z,2025-09-12T02:41:47Z,73,88,completed,game_console,HD,KR,0,trending
VEW001642,USR0137,MOV0082,2026-01-18T20:25:06Z,2026-01-18T21:24:06Z,45,31,abandoned,tablet,SD,KR,0,watchlist
VEW001643,USR0137,MOV0161,2025-11-06T22:37:46Z,2025-11-07T01:06:46Z,145,96,completed,mobile,HD,KR,0,trending
VEW001644,USR0137,MOV0031,2026-02-25T20:17:39Z,2026-02-25T21:10:39Z,49,51,abandoned,mobile,SD,KR,0,home_recommendation
VEW001645,USR0138,MOV0084,2026-05-23T11:15:40Z,2026-05-23T13:39:40Z,137,92,completed,web,4K,KR,0,friend_share
VEW001646,USR0138,MOV0002,2026-05-13T08:04:43Z,2026-05-13T09:52:43Z,102,99,completed,tablet,4K,KR,0,watchlist
VEW001647,USR0138,MOV0170,2025-08-12T05:17:30Z,2025-08-12T07:02:30Z,96,88,completed,game_console,SD,KR,0,friend_share
VEW001648,USR0138,MOV0037,2025-08-29T21:57:54Z,2025-08-29T22:37:54Z,33,35,abandoned,web,SD,KR,0,friend_share
VEW001649,USR0138,MOV0059,2025-11-25T13:57:23Z,2025-11-25T15:57:23Z,102,74,abandoned,game_console,FHD,KR,0,trending
VEW001650,USR0138,MOV0055,2026-02-01T02:24:38Z,2026-02-01T04:52:38Z,130,96,completed,web,SD,KR,0,home_recommendation
VEW001651,USR0138,MOV0047,2025-09-23T19:40:03Z,2025-09-23T19:57:03Z,14,20,abandoned,tablet,FHD,KR,0,friend_share
VEW001652,USR0138,MOV0022,2025-09-16T21:49:56Z,2025-09-16T23:37:56Z,92,99,completed,mobile,SD,KR,0,friend_share
VEW001653,USR0138,MOV0181,2026-01-16T03:41:01Z,2026-01-16T05:30:01Z,100,69,abandoned,mobile,FHD,KR,0,watchlist
VEW001654,USR0138,MOV0053,2026-07-15T00:26:36Z,2026-07-15T01:57:36Z,80,82,abandoned,game_console,FHD,KR,0,trending
VEW001655,USR0138,MOV0016,2025-08-09T11:38:26Z,2025-08-09T12:53:26Z,59,41,abandoned,smart_tv,FHD,KR,0,friend_share
VEW001656,USR0138,MOV0061,2026-01-24T23:19:22Z,2026-01-24T23:49:22Z,24,21,abandoned,web,4K,KR,0,friend_share
VEW001657,USR0139,MOV0161,2026-06-24T23:48:27Z,2026-06-25T02:28:27Z,149,99,completed,smart_tv,HD,KR,0,watchlist
VEW001658,USR0139,MOV0043,2026-04-30T05:42:31Z,2026-04-30T07:29:31Z,93,93,completed,game_console,4K,KR,0,home_recommendation
VEW001659,USR0139,MOV0027,2025-11-12T22:32:38Z,2025-11-13T00:11:38Z,94,91,completed,game_console,SD,KR,0,watchlist
VEW001660,USR0139,MOV0025,2025-05-08T13:09:43Z,2025-05-08T13:46:43Z,31,20,abandoned,tablet,FHD,KR,0,home_recommendation
VEW001661,USR0139,MOV0162,2026-03-21T18:44:53Z,2026-03-21T20:07:53Z,72,50,abandoned,mobile,FHD,KR,0,watchlist
VEW001662,USR0139,MOV0132,2026-01-08T14:46:37Z,2026-01-08T15:57:37Z,69,72,abandoned,web,4K,KR,0,watchlist
VEW001663,USR0139,MOV0024,2026-05-17T00:38:41Z,2026-05-17T01:45:41Z,64,52,abandoned,web,HD,KR,0,search
VEW001664,USR0139,MOV0174,2025-12-29T06:07:19Z,2025-12-29T06:49:19Z,31,24,abandoned,game_console,4K,KR,0,watchlist
VEW001665,USR0139,MOV0115,2025-12-24T12:56:31Z,2025-12-24T15:13:31Z,126,86,completed,game_console,HD,KR,0,watchlist
VEW001666,USR0139,MOV0175,2026-01-30T13:20:30Z,2026-01-30T15:02:30Z,99,87,completed,smart_tv,FHD,KR,0,trending
VEW001667,USR0139,MOV0188,2026-03-14T10:19:37Z,2026-03-14T11:52:37Z,80,92,completed,web,SD,KR,0,watchlist
VEW001668,USR0139,MOV0093,2026-06-01T09:48:48Z,2026-06-01T10:31:48Z,39,34,abandoned,smart_tv,4K,KR,0,trending
VEW001669,USR0140,MOV0135,2026-02-18T07:29:10Z,2026-02-18T09:51:10Z,126,91,completed,game_console,FHD,KR,0,friend_share
VEW001670,USR0140,MOV0136,2025-08-31T12:45:59Z,2025-08-31T15:12:59Z,133,92,completed,mobile,FHD,KR,0,search
VEW001671,USR0140,MOV0130,2026-05-01T11:27:51Z,2026-05-01T13:41:51Z,120,95,completed,tablet,4K,KR,0,search
VEW001672,USR0140,MOV0091,2025-08-29T16:43:31Z,2025-08-29T18:10:31Z,85,74,abandoned,tablet,SD,KR,0,trending
VEW001673,USR0140,MOV0048,2026-04-25T10:57:23Z,2026-04-25T12:12:23Z,57,74,abandoned,smart_tv,SD,KR,0,home_recommendation
VEW001674,USR0140,MOV0079,2025-06-04T10:18:57Z,2025-06-04T11:25:57Z,49,32,abandoned,mobile,4K,KR,0,friend_share
VEW001675,USR0140,MOV0023,2026-02-02T17:36:33Z,2026-02-02T18:46:33Z,56,37,abandoned,web,SD,KR,0,search
VEW001676,USR0140,MOV0176,2026-03-17T03:07:29Z,2026-03-17T03:50:29Z,30,21,abandoned,web,SD,KR,0,search
VEW001677,USR0140,MOV0059,2025-11-02T12:45:52Z,2025-11-02T15:05:52Z,126,91,completed,mobile,HD,KR,0,watchlist
VEW001678,USR0140,MOV0155,2026-01-17T23:52:32Z,2026-01-18T00:36:32Z,40,33,abandoned,web,FHD,KR,0,search
VEW001679,USR0140,MOV0172,2026-06-19T14:09:44Z,2026-06-19T16:26:44Z,135,100,completed,mobile,4K,KR,0,watchlist
VEW001680,USR0140,MOV0012,2026-05-12T09:28:51Z,2026-05-12T11:03:51Z,80,59,abandoned,tablet,SD,KR,0,search
VEW001681,USR0141,MOV0197,2025-07-04T08:06:42Z,2025-07-04T09:58:42Z,106,100,completed,mobile,4K,KR,0,trending
VEW001682,USR0141,MOV0122,2026-01-27T06:20:54Z,2026-01-27T08:27:54Z,123,93,completed,tablet,FHD,KR,0,friend_share
VEW001683,USR0141,MOV0166,2026-05-08T04:16:42Z,2026-05-08T06:48:42Z,144,100,completed,smart_tv,FHD,KR,0,trending
VEW001684,USR0141,MOV0174,2025-12-01T11:56:12Z,2025-12-01T13:29:12Z,86,67,abandoned,web,4K,KR,0,friend_share
VEW001685,USR0141,MOV0180,2025-02-13T07:40:03Z,2025-02-13T10:18:03Z,149,100,completed,mobile,SD,KR,0,friend_share
VEW001686,USR0141,MOV0060,2026-05-24T13:39:13Z,2026-05-24T15:07:13Z,74,49,abandoned,web,HD,KR,0,friend_share
VEW001687,USR0141,MOV0144,2026-05-30T14:43:07Z,2026-05-30T17:23:07Z,152,93,completed,smart_tv,4K,KR,0,search
VEW001688,USR0141,MOV0090,2025-12-08T09:41:26Z,2025-12-08T11:56:26Z,118,98,completed,smart_tv,FHD,KR,0,home_recommendation
VEW001689,USR0141,MOV0102,2026-07-04T20:20:13Z,2026-07-04T20:46:13Z,17,18,abandoned,web,4K,KR,0,trending
VEW001690,USR0141,MOV0108,2026-06-19T08:23:06Z,2026-06-19T09:33:06Z,67,57,abandoned,smart_tv,FHD,KR,0,friend_share
VEW001691,USR0141,MOV0018,2026-03-12T07:58:33Z,2026-03-12T09:49:33Z,94,82,abandoned,smart_tv,HD,KR,0,trending
VEW001692,USR0141,MOV0151,2025-05-07T06:04:26Z,2025-05-07T06:35:26Z,24,26,abandoned,web,4K,KR,0,home_recommendation
VEW001693,USR0142,MOV0018,2025-03-21T10:35:23Z,2025-03-21T12:35:23Z,107,93,completed,mobile,FHD,KR,0,watchlist
VEW001694,USR0142,MOV0160,2025-08-17T23:45:52Z,2025-08-18T01:25:52Z,93,88,completed,tablet,HD,KR,0,home_recommendation
VEW001695,USR0142,MOV0092,2025-07-27T15:42:38Z,2025-07-27T17:32:38Z,106,93,completed,game_console,4K,KR,0,home_recommendation
VEW001696,USR0142,MOV0087,2026-06-05T17:57:34Z,2026-06-05T19:03:34Z,50,51,abandoned,mobile,HD,KR,0,friend_share
VEW001697,USR0142,MOV0075,2026-05-05T03:31:26Z,2026-05-05T05:12:26Z,99,85,completed,smart_tv,SD,KR,0,search
VEW001698,USR0142,MOV0179,2024-12-23T16:26:16Z,2024-12-23T18:11:16Z,99,76,abandoned,smart_tv,HD,KR,0,home_recommendation
VEW001699,USR0142,MOV0135,2025-06-23T16:35:24Z,2025-06-23T17:46:24Z,62,45,abandoned,smart_tv,4K,KR,0,watchlist
VEW001700,USR0142,MOV0046,2025-11-02T14:46:16Z,2025-11-02T15:43:16Z,42,34,abandoned,game_console,SD,KR,0,home_recommendation
VEW001701,USR0142,MOV0042,2025-06-11T20:14:22Z,2025-06-11T21:08:22Z,51,40,abandoned,smart_tv,4K,KR,0,home_recommendation
VEW001702,USR0142,MOV0105,2024-04-05T16:21:38Z,2024-04-05T17:46:38Z,81,72,abandoned,game_console,4K,KR,0,home_recommendation
VEW001703,USR0142,MOV0020,2025-10-17T11:08:36Z,2025-10-17T11:59:36Z,50,47,abandoned,game_console,SD,KR,0,search
VEW001704,USR0142,MOV0064,2025-03-08T10:49:07Z,2025-03-08T12:21:07Z,83,63,abandoned,smart_tv,HD,KR,0,friend_share
VEW001705,USR0143,MOV0036,2025-05-25T15:13:04Z,2025-05-25T16:54:04Z,101,95,completed,tablet,4K,KR,0,trending
VEW001706,USR0143,MOV0047,2025-03-16T22:57:43Z,2025-03-17T00:12:43Z,65,92,completed,game_console,HD,KR,0,friend_share
VEW001707,USR0143,MOV0100,2025-03-15T10:05:24Z,2025-03-15T12:02:24Z,111,97,completed,tablet,HD,KR,0,home_recommendation
VEW001708,USR0143,MOV0051,2026-03-20T18:55:47Z,2026-03-20T20:34:47Z,97,84,abandoned,web,FHD,KR,0,trending
VEW001709,USR0143,MOV0037,2026-02-05T21:48:43Z,2026-02-05T22:33:43Z,30,32,abandoned,mobile,FHD,KR,0,home_recommendation
VEW001710,USR0143,MOV0196,2025-04-04T02:16:09Z,2025-04-04T03:30:09Z,65,54,abandoned,game_console,FHD,KR,0,watchlist
VEW001711,USR0143,MOV0088,2026-01-22T03:27:52Z,2026-01-22T04:07:52Z,32,31,abandoned,mobile,SD,KR,0,trending
VEW001712,USR0143,MOV0154,2025-09-15T19:01:27Z,2025-09-15T20:03:27Z,50,41,abandoned,mobile,FHD,KR,0,trending
VEW001713,USR0143,MOV0167,2025-09-16T15:09:20Z,2025-09-16T16:00:20Z,33,43,abandoned,web,4K,KR,0,friend_share
VEW001714,USR0143,MOV0106,2026-06-21T14:50:51Z,2026-06-21T16:40:51Z,110,94,completed,web,SD,KR,0,trending
VEW001715,USR0143,MOV0175,2025-04-03T12:37:22Z,2025-04-03T13:29:22Z,51,45,abandoned,tablet,HD,KR,0,search
VEW001716,USR0143,MOV0155,2025-11-07T06:51:03Z,2025-11-07T08:31:03Z,85,70,abandoned,game_console,HD,KR,0,friend_share
VEW001717,USR0144,MOV0022,2025-03-03T07:44:29Z,2025-03-03T09:27:29Z,86,92,completed,smart_tv,SD,KR,0,friend_share
VEW001718,USR0144,MOV0111,2025-07-13T10:42:08Z,2025-07-13T12:34:08Z,100,99,completed,game_console,FHD,KR,0,watchlist
VEW001719,USR0144,MOV0083,2026-04-22T16:07:30Z,2026-04-22T18:46:30Z,145,99,completed,game_console,HD,KR,0,search
VEW001720,USR0144,MOV0114,2025-05-20T19:06:48Z,2025-05-20T20:50:48Z,96,87,completed,smart_tv,FHD,KR,0,search
VEW001721,USR0144,MOV0200,2026-01-07T02:51:27Z,2026-01-07T03:41:27Z,37,40,abandoned,web,HD,KR,0,search
VEW001722,USR0144,MOV0065,2025-11-16T20:46:15Z,2025-11-16T22:44:15Z,102,79,abandoned,game_console,FHD,KR,0,home_recommendation
VEW001723,USR0144,MOV0085,2026-06-07T20:52:18Z,2026-06-07T21:24:18Z,23,18,abandoned,mobile,4K,KR,0,friend_share
VEW001724,USR0144,MOV0158,2026-06-29T01:30:00Z,2026-06-29T02:40:00Z,62,63,abandoned,mobile,HD,KR,0,friend_share
VEW001725,USR0144,MOV0151,2025-12-05T12:21:42Z,2025-12-05T12:52:42Z,21,23,abandoned,web,4K,KR,0,friend_share
VEW001726,USR0144,MOV0195,2025-12-30T08:33:31Z,2025-12-30T11:03:31Z,145,95,completed,tablet,4K,KR,0,search
VEW001727,USR0144,MOV0081,2025-03-30T21:04:29Z,2025-03-30T22:46:29Z,85,52,abandoned,tablet,FHD,KR,0,home_recommendation
VEW001728,USR0144,MOV0008,2026-05-27T09:13:20Z,2026-05-27T09:53:20Z,23,27,abandoned,mobile,HD,KR,0,search
VEW001729,USR0145,MOV0133,2024-07-31T03:31:51Z,2024-07-31T05:54:51Z,137,95,completed,game_console,SD,KR,0,friend_share
VEW001730,USR0145,MOV0174,2025-04-22T10:06:54Z,2025-04-22T12:10:54Z,119,92,completed,smart_tv,HD,KR,0,friend_share
VEW001731,USR0145,MOV0168,2026-03-25T04:54:40Z,2026-03-25T06:29:40Z,86,89,completed,game_console,HD,KR,0,trending
VEW001732,USR0145,MOV0007,2026-02-15T15:20:20Z,2026-02-15T16:08:20Z,32,34,abandoned,mobile,SD,KR,0,search
VEW001733,USR0145,MOV0083,2025-01-21T06:18:06Z,2025-01-21T07:46:06Z,70,48,abandoned,mobile,SD,KR,0,friend_share
VEW001734,USR0145,MOV0091,2026-06-09T17:59:31Z,2026-06-09T19:04:31Z,58,50,abandoned,smart_tv,HD,KR,0,watchlist
VEW001735,USR0145,MOV0101,2024-10-20T12:46:44Z,2024-10-20T14:36:44Z,104,70,abandoned,mobile,4K,KR,0,trending
VEW001736,USR0145,MOV0171,2024-06-28T18:44:09Z,2024-06-28T20:56:09Z,118,92,completed,game_console,4K,KR,0,search
VEW001737,USR0145,MOV0153,2026-03-28T19:03:29Z,2026-03-28T21:19:29Z,130,90,completed,mobile,SD,KR,0,home_recommendation
VEW001738,USR0145,MOV0100,2025-08-20T00:10:04Z,2025-08-20T01:03:04Z,48,42,abandoned,mobile,SD,KR,0,home_recommendation
VEW001739,USR0145,MOV0126,2025-12-31T11:40:44Z,2025-12-31T13:36:44Z,107,71,abandoned,tablet,4K,KR,0,trending
VEW001740,USR0145,MOV0067,2026-03-08T11:04:42Z,2026-03-08T12:26:42Z,73,67,abandoned,smart_tv,4K,KR,0,home_recommendation
VEW001741,USR0146,MOV0053,2026-04-26T05:12:14Z,2026-04-26T06:40:14Z,86,88,completed,smart_tv,FHD,KR,0,friend_share
VEW001742,USR0146,MOV0045,2025-07-12T05:57:27Z,2025-07-12T08:23:27Z,132,95,completed,web,HD,KR,0,search
VEW001743,USR0146,MOV0096,2025-05-23T05:33:22Z,2025-05-23T07:25:22Z,109,96,completed,web,SD,KR,0,watchlist
VEW001744,USR0146,MOV0101,2024-10-30T16:00:55Z,2024-10-30T17:53:55Z,113,76,abandoned,tablet,4K,KR,0,search
VEW001745,USR0146,MOV0155,2024-09-29T20:20:56Z,2024-09-29T21:43:56Z,77,63,abandoned,mobile,4K,KR,0,trending
VEW001746,USR0146,MOV0041,2026-07-16T06:06:28Z,2026-07-16T07:50:28Z,101,66,abandoned,mobile,SD,KR,0,trending
VEW001747,USR0146,MOV0006,2024-02-29T00:22:26Z,2024-02-29T01:44:26Z,75,52,abandoned,game_console,FHD,KR,0,watchlist
VEW001748,USR0146,MOV0009,2026-05-27T18:38:16Z,2026-05-27T20:38:16Z,114,83,abandoned,mobile,FHD,KR,0,watchlist
VEW001749,USR0146,MOV0128,2024-11-12T05:20:48Z,2024-11-12T06:36:48Z,72,79,abandoned,web,SD,KR,0,trending
VEW001750,USR0146,MOV0158,2025-05-19T02:47:46Z,2025-05-19T03:45:46Z,47,48,abandoned,game_console,HD,KR,0,search
VEW001751,USR0146,MOV0149,2024-09-12T03:54:31Z,2024-09-12T04:46:31Z,44,31,abandoned,smart_tv,FHD,KR,0,watchlist
VEW001752,USR0146,MOV0084,2026-03-22T16:46:08Z,2026-03-22T17:35:08Z,42,28,abandoned,smart_tv,4K,KR,0,trending
VEW001753,USR0147,MOV0101,2025-09-09T16:50:16Z,2025-09-09T19:24:16Z,146,98,completed,game_console,SD,KR,0,friend_share
VEW001754,USR0147,MOV0199,2026-04-14T14:49:27Z,2026-04-14T16:37:27Z,106,96,completed,mobile,FHD,KR,0,friend_share
VEW001755,USR0147,MOV0062,2026-06-13T10:44:34Z,2026-06-13T13:14:34Z,134,90,completed,mobile,FHD,KR,0,home_recommendation
VEW001756,USR0147,MOV0005,2026-03-24T22:33:28Z,2026-03-24T23:21:28Z,40,40,abandoned,web,HD,KR,0,trending
VEW001757,USR0147,MOV0090,2023-07-14T20:21:30Z,2023-07-14T21:59:30Z,89,74,abandoned,mobile,4K,KR,0,home_recommendation
VEW001758,USR0147,MOV0102,2025-08-25T21:21:10Z,2025-08-25T22:06:10Z,27,29,abandoned,mobile,SD,KR,0,friend_share
VEW001759,USR0147,MOV0117,2025-08-15T03:28:49Z,2025-08-15T04:27:49Z,56,69,abandoned,mobile,HD,KR,0,watchlist
VEW001760,USR0147,MOV0107,2025-02-15T03:47:23Z,2025-02-15T05:36:23Z,93,95,completed,game_console,SD,KR,0,trending
VEW001761,USR0147,MOV0028,2024-11-19T21:50:12Z,2024-11-19T22:50:12Z,48,45,abandoned,tablet,4K,KR,0,search
VEW001762,USR0147,MOV0181,2025-06-27T07:35:26Z,2025-06-27T10:05:26Z,141,97,completed,web,HD,KR,0,search
VEW001763,USR0147,MOV0095,2025-12-01T07:32:03Z,2025-12-01T08:46:03Z,70,76,abandoned,smart_tv,FHD,KR,0,friend_share
VEW001764,USR0147,MOV0187,2024-06-17T18:46:33Z,2024-06-17T19:27:33Z,23,26,abandoned,web,HD,KR,0,trending
VEW001765,USR0148,MOV0175,2025-02-02T13:05:26Z,2025-02-02T14:56:26Z,108,95,completed,tablet,SD,KR,0,friend_share
VEW001766,USR0148,MOV0024,2024-09-28T13:53:20Z,2024-09-28T16:01:20Z,112,91,completed,tablet,SD,KR,0,search
VEW001767,USR0148,MOV0028,2023-04-19T03:15:42Z,2023-04-19T05:01:42Z,96,91,completed,web,4K,KR,0,trending
VEW001768,USR0148,MOV0027,2025-09-05T07:53:50Z,2025-09-05T09:02:50Z,57,55,abandoned,web,FHD,KR,0,watchlist
VEW001769,USR0148,MOV0072,2023-04-20T05:10:06Z,2023-04-20T06:35:06Z,85,74,abandoned,web,SD,KR,0,watchlist
VEW001770,USR0148,MOV0119,2026-06-17T07:52:14Z,2026-06-17T08:54:14Z,46,34,abandoned,game_console,FHD,KR,0,search
VEW001771,USR0148,MOV0052,2026-07-16T21:15:32Z,2026-07-16T22:28:32Z,72,45,abandoned,mobile,HD,KR,0,watchlist
VEW001772,USR0148,MOV0109,2026-01-26T00:13:54Z,2026-01-26T01:16:54Z,49,38,abandoned,smart_tv,HD,KR,0,home_recommendation
VEW001773,USR0148,MOV0041,2026-05-30T19:11:20Z,2026-05-30T21:01:20Z,110,72,abandoned,game_console,FHD,KR,0,home_recommendation
VEW001774,USR0148,MOV0051,2025-12-17T19:44:45Z,2025-12-17T21:33:45Z,107,92,completed,mobile,4K,KR,0,friend_share
VEW001775,USR0148,MOV0110,2026-06-23T13:18:05Z,2026-06-23T14:35:05Z,59,38,abandoned,smart_tv,HD,KR,0,home_recommendation
VEW001776,USR0148,MOV0183,2026-05-02T22:17:46Z,2026-05-03T00:06:46Z,92,83,abandoned,mobile,HD,KR,0,trending
VEW001777,USR0149,MOV0106,2026-05-29T12:27:49Z,2026-05-29T14:20:49Z,109,93,completed,game_console,HD,KR,0,search
VEW001778,USR0149,MOV0117,2025-11-25T23:22:57Z,2025-11-26T00:55:57Z,76,94,completed,smart_tv,HD,KR,0,home_recommendation
VEW001779,USR0149,MOV0167,2025-11-17T01:04:47Z,2025-11-17T02:26:47Z,74,96,completed,smart_tv,SD,KR,0,watchlist
VEW001780,USR0149,MOV0140,2026-02-08T18:45:30Z,2026-02-08T20:48:30Z,105,84,abandoned,tablet,FHD,KR,0,friend_share
VEW001781,USR0149,MOV0180,2025-03-12T06:17:49Z,2025-03-12T08:25:49Z,113,76,abandoned,web,SD,KR,0,watchlist
VEW001782,USR0149,MOV0077,2026-03-15T15:40:27Z,2026-03-15T17:21:27Z,88,93,completed,mobile,4K,KR,0,search
VEW001783,USR0149,MOV0162,2025-02-20T08:14:07Z,2025-02-20T09:03:07Z,41,29,abandoned,mobile,SD,KR,0,trending
VEW001784,USR0149,MOV0113,2026-03-14T14:04:19Z,2026-03-14T14:47:19Z,41,28,abandoned,mobile,FHD,KR,0,trending
VEW001785,USR0149,MOV0124,2025-07-14T15:33:09Z,2025-07-14T16:14:09Z,29,30,abandoned,mobile,SD,KR,0,friend_share
VEW001786,USR0149,MOV0085,2026-06-19T09:43:00Z,2026-06-19T10:17:00Z,28,22,abandoned,smart_tv,4K,KR,0,search
VEW001787,USR0149,MOV0142,2023-12-12T17:25:58Z,2023-12-12T18:25:58Z,56,40,abandoned,mobile,SD,KR,0,search
VEW001788,USR0149,MOV0004,2026-04-05T10:03:29Z,2026-04-05T12:18:29Z,123,95,completed,mobile,SD,KR,0,search
VEW001789,USR0150,MOV0187,2026-01-26T00:06:23Z,2026-01-26T01:39:23Z,86,99,completed,tablet,FHD,KR,0,trending
VEW001790,USR0150,MOV0162,2026-05-30T10:46:11Z,2026-05-30T13:09:11Z,137,96,completed,web,HD,KR,0,search
VEW001791,USR0150,MOV0182,2023-10-21T10:31:37Z,2023-10-21T12:41:37Z,129,98,completed,smart_tv,4K,KR,0,trending
VEW001792,USR0150,MOV0008,2026-03-24T17:30:32Z,2026-03-24T17:58:32Z,16,19,abandoned,web,SD,KR,0,friend_share
VEW001793,USR0150,MOV0003,2026-03-26T13:31:49Z,2026-03-26T15:24:49Z,95,84,abandoned,tablet,HD,KR,0,home_recommendation
VEW001794,USR0150,MOV0154,2025-03-29T17:13:40Z,2025-03-29T18:49:40Z,81,66,abandoned,tablet,SD,KR,0,home_recommendation
VEW001795,USR0150,MOV0198,2024-11-02T12:27:05Z,2024-11-02T13:41:05Z,63,55,abandoned,game_console,4K,KR,0,friend_share
VEW001796,USR0150,MOV0137,2025-05-07T00:24:46Z,2025-05-07T01:31:46Z,49,53,abandoned,web,FHD,KR,0,home_recommendation
VEW001797,USR0150,MOV0073,2024-01-25T14:06:15Z,2024-01-25T16:51:15Z,159,98,completed,web,4K,KR,0,friend_share
VEW001798,USR0150,MOV0075,2024-12-01T06:49:36Z,2024-12-01T08:10:36Z,66,57,abandoned,tablet,FHD,KR,0,watchlist
VEW001799,USR0150,MOV0109,2025-11-04T10:05:56Z,2025-11-04T11:41:56Z,82,64,abandoned,smart_tv,FHD,KR,0,trending
VEW001800,USR0150,MOV0001,2026-01-21T14:52:37Z,2026-01-21T17:05:37Z,133,94,completed,smart_tv,4K,KR,0,watchlist
VEW001801,USR0151,MOV0009,2026-01-12T17:41:27Z,2026-01-12T19:50:27Z,125,91,completed,tablet,SD,KR,0,home_recommendation
VEW001802,USR0151,MOV0178,2026-07-01T12:44:07Z,2026-07-01T14:42:07Z,109,94,completed,game_console,SD,KR,0,watchlist
VEW001803,USR0151,MOV0138,2024-11-21T03:56:55Z,2024-11-21T05:23:55Z,87,98,completed,tablet,4K,KR,0,friend_share
VEW001804,USR0151,MOV0085,2026-07-02T01:57:17Z,2026-07-02T03:09:17Z,66,52,abandoned,mobile,SD,KR,0,home_recommendation
VEW001805,USR0151,MOV0097,2026-05-28T04:46:53Z,2026-05-28T05:19:53Z,25,33,abandoned,game_console,SD,KR,0,search
VEW001806,USR0151,MOV0010,2025-09-28T07:41:07Z,2025-09-28T09:19:07Z,86,67,abandoned,smart_tv,HD,KR,0,watchlist
VEW001807,USR0151,MOV0031,2022-09-18T08:39:54Z,2022-09-18T09:24:54Z,32,33,abandoned,tablet,SD,KR,0,home_recommendation
VEW001808,USR0151,MOV0015,2025-04-17T08:09:09Z,2025-04-17T09:32:09Z,66,42,abandoned,mobile,FHD,KR,0,watchlist
VEW001809,USR0151,MOV0001,2024-09-08T16:56:24Z,2024-09-08T19:20:24Z,136,96,completed,web,FHD,KR,0,trending
VEW001810,USR0151,MOV0143,2025-10-16T09:10:32Z,2025-10-16T10:23:32Z,68,65,abandoned,web,FHD,KR,0,trending
VEW001811,USR0151,MOV0148,2025-08-30T16:31:01Z,2025-08-30T16:52:01Z,21,18,abandoned,smart_tv,FHD,KR,0,trending
VEW001812,USR0151,MOV0016,2025-03-08T09:06:49Z,2025-03-08T10:15:49Z,59,41,abandoned,tablet,FHD,KR,0,friend_share
VEW001813,USR0152,MOV0132,2026-01-02T15:24:10Z,2026-01-02T16:55:10Z,90,94,completed,tablet,HD,KR,0,search
VEW001814,USR0152,MOV0080,2026-04-23T03:03:31Z,2026-04-23T05:28:31Z,143,96,completed,game_console,HD,KR,0,search
VEW001815,USR0152,MOV0043,2025-10-08T15:13:12Z,2025-10-08T17:03:12Z,99,99,completed,smart_tv,4K,KR,0,friend_share
VEW001816,USR0152,MOV0028,2025-11-15T12:14:02Z,2025-11-15T13:39:02Z,77,73,abandoned,mobile,4K,KR,0,trending
VEW001817,USR0152,MOV0106,2026-01-27T14:54:48Z,2026-01-27T15:19:48Z,21,18,abandoned,web,4K,KR,0,search
VEW001818,USR0152,MOV0047,2023-02-01T23:54:06Z,2023-02-02T01:16:06Z,68,96,completed,mobile,4K,KR,0,home_recommendation
VEW001819,USR0152,MOV0024,2024-10-04T20:39:15Z,2024-10-04T22:38:15Z,113,92,completed,mobile,SD,KR,0,watchlist
VEW001820,USR0152,MOV0125,2025-12-25T10:19:18Z,2025-12-25T11:05:18Z,38,42,abandoned,smart_tv,SD,KR,0,home_recommendation
VEW001821,USR0152,MOV0018,2024-04-02T04:49:32Z,2024-04-02T05:32:32Z,38,33,abandoned,game_console,HD,KR,0,search
VEW001822,USR0152,MOV0030,2026-06-16T16:02:51Z,2026-06-16T16:45:51Z,41,36,abandoned,game_console,FHD,KR,0,search
VEW001823,USR0152,MOV0098,2026-07-13T00:24:40Z,2026-07-13T01:09:40Z,40,38,abandoned,web,HD,KR,0,search
VEW001824,USR0152,MOV0124,2026-04-11T20:00:18Z,2026-04-11T21:25:18Z,69,72,abandoned,mobile,SD,KR,0,friend_share
VEW001825,USR0153,MOV0122,2024-10-29T08:53:34Z,2024-10-29T11:05:34Z,128,97,completed,mobile,FHD,KR,0,trending
VEW001826,USR0153,MOV0003,2025-12-12T20:32:02Z,2025-12-12T22:36:02Z,110,97,completed,smart_tv,HD,KR,0,watchlist
VEW001827,USR0153,MOV0169,2026-06-20T23:19:31Z,2026-06-21T01:59:31Z,144,95,completed,mobile,SD,KR,0,watchlist
VEW001828,USR0153,MOV0110,2026-04-12T20:15:43Z,2026-04-12T21:05:43Z,50,32,abandoned,smart_tv,HD,KR,0,watchlist
VEW001829,USR0153,MOV0111,2026-07-11T00:42:03Z,2026-07-11T01:16:03Z,28,28,abandoned,smart_tv,SD,KR,0,friend_share
VEW001830,USR0153,MOV0084,2026-04-24T01:59:45Z,2026-04-24T03:49:45Z,97,65,abandoned,mobile,HD,KR,0,watchlist
VEW001831,USR0153,MOV0027,2025-10-19T02:18:18Z,2025-10-19T03:39:18Z,77,75,abandoned,web,FHD,KR,0,trending
VEW001832,USR0153,MOV0143,2026-01-25T20:49:20Z,2026-01-25T21:37:20Z,33,31,abandoned,smart_tv,HD,KR,0,trending
VEW001833,USR0153,MOV0061,2024-11-16T04:52:19Z,2024-11-16T06:48:19Z,115,100,completed,tablet,HD,KR,0,friend_share
VEW001834,USR0153,MOV0004,2025-05-26T12:48:52Z,2025-05-26T14:42:52Z,111,86,completed,mobile,4K,KR,0,search
VEW001835,USR0153,MOV0168,2024-09-24T13:50:18Z,2024-09-24T15:08:18Z,76,78,abandoned,game_console,HD,KR,0,trending
VEW001836,USR0153,MOV0025,2026-01-03T15:15:07Z,2026-01-03T17:32:07Z,127,81,abandoned,game_console,FHD,KR,0,trending
VEW001837,USR0154,MOV0177,2025-10-11T04:39:31Z,2025-10-11T05:57:31Z,68,96,completed,mobile,HD,KR,0,watchlist
VEW001838,USR0154,MOV0087,2026-01-17T14:42:56Z,2026-01-17T16:14:56Z,88,90,completed,mobile,FHD,KR,0,watchlist
VEW001839,USR0154,MOV0014,2026-06-26T17:04:55Z,2026-06-26T19:18:55Z,124,91,completed,web,FHD,KR,0,trending
VEW001840,USR0154,MOV0162,2026-05-09T15:39:51Z,2026-05-09T17:24:51Z,96,67,abandoned,web,FHD,KR,0,friend_share
VEW001841,USR0154,MOV0173,2026-01-20T22:32:29Z,2026-01-20T23:24:29Z,42,31,abandoned,mobile,4K,KR,0,friend_share
VEW001842,USR0154,MOV0107,2026-06-28T07:12:33Z,2026-06-28T08:04:33Z,34,35,abandoned,smart_tv,4K,KR,0,home_recommendation
VEW001843,USR0154,MOV0174,2025-08-18T16:34:44Z,2025-08-18T17:44:44Z,62,48,abandoned,web,FHD,KR,0,friend_share
VEW001844,USR0154,MOV0191,2025-11-08T22:19:37Z,2025-11-09T00:31:37Z,118,73,abandoned,smart_tv,HD,KR,0,home_recommendation
VEW001845,USR0154,MOV0043,2025-12-19T09:34:04Z,2025-12-19T11:15:04Z,83,83,abandoned,web,SD,KR,0,search
VEW001846,USR0154,MOV0123,2026-07-02T06:03:41Z,2026-07-02T07:08:41Z,56,54,abandoned,game_console,FHD,KR,0,watchlist
VEW001847,USR0154,MOV0010,2026-05-17T14:00:41Z,2026-05-17T15:18:41Z,72,56,abandoned,mobile,4K,KR,0,home_recommendation
VEW001848,USR0154,MOV0140,2026-05-25T10:59:24Z,2026-05-25T12:31:24Z,76,61,abandoned,mobile,HD,KR,0,watchlist
VEW001849,USR0155,MOV0162,2025-07-02T22:56:13Z,2025-07-03T01:19:13Z,136,95,completed,game_console,HD,KR,0,watchlist
VEW001850,USR0155,MOV0007,2025-01-17T13:28:40Z,2025-01-17T15:01:40Z,88,94,completed,game_console,FHD,KR,0,home_recommendation
VEW001851,USR0155,MOV0023,2026-02-06T04:38:17Z,2026-02-06T07:10:17Z,147,98,completed,tablet,HD,KR,0,watchlist
VEW001852,USR0155,MOV0044,2025-10-22T02:15:35Z,2025-10-22T03:54:35Z,92,57,abandoned,web,HD,KR,0,search
VEW001853,USR0155,MOV0174,2024-09-22T02:53:52Z,2024-09-22T03:50:52Z,46,36,abandoned,mobile,HD,KR,0,friend_share
VEW001854,USR0155,MOV0066,2024-11-10T13:28:17Z,2024-11-10T14:08:17Z,36,23,abandoned,game_console,HD,KR,0,watchlist
VEW001855,USR0155,MOV0063,2025-07-29T20:55:59Z,2025-07-29T22:33:59Z,89,77,abandoned,game_console,HD,KR,0,home_recommendation
VEW001856,USR0155,MOV0197,2025-04-26T23:14:00Z,2025-04-27T00:09:00Z,40,38,abandoned,mobile,FHD,KR,0,search
VEW001857,USR0155,MOV0094,2026-04-25T07:53:12Z,2026-04-25T10:10:12Z,119,93,completed,game_console,FHD,KR,0,watchlist
VEW001858,USR0155,MOV0196,2026-06-26T06:31:42Z,2026-06-26T07:52:42Z,71,59,abandoned,mobile,HD,KR,0,trending
VEW001859,USR0155,MOV0157,2024-08-15T20:04:16Z,2024-08-15T21:22:16Z,60,80,abandoned,game_console,4K,KR,0,watchlist
VEW001860,USR0155,MOV0103,2024-12-21T22:49:01Z,2024-12-21T23:38:01Z,37,37,abandoned,mobile,HD,KR,0,home_recommendation
VEW001861,USR0156,MOV0044,2025-09-02T21:41:33Z,2025-09-03T00:22:33Z,159,99,completed,mobile,FHD,KR,0,home_recommendation
VEW001862,USR0156,MOV0059,2025-12-02T16:05:44Z,2025-12-02T18:35:44Z,137,99,completed,tablet,SD,KR,0,home_recommendation
VEW001863,USR0156,MOV0015,2026-06-22T13:03:06Z,2026-06-22T15:38:06Z,151,97,completed,game_console,HD,KR,0,watchlist
VEW001864,USR0156,MOV0174,2025-08-25T06:53:47Z,2025-08-25T08:34:47Z,89,69,abandoned,tablet,HD,KR,0,watchlist
VEW001865,USR0156,MOV0111,2026-06-14T16:26:36Z,2026-06-14T17:56:36Z,80,79,abandoned,game_console,4K,KR,0,friend_share
VEW001866,USR0156,MOV0121,2026-06-09T13:48:05Z,2026-06-09T15:10:05Z,71,60,abandoned,web,SD,KR,0,search
VEW001867,USR0156,MOV0168,2026-02-19T13:25:54Z,2026-02-19T14:02:54Z,25,26,abandoned,mobile,4K,KR,0,friend_share
VEW001868,USR0156,MOV0007,2025-11-29T01:17:31Z,2025-11-29T02:50:31Z,78,83,abandoned,game_console,HD,KR,0,home_recommendation
VEW001869,USR0156,MOV0006,2026-04-11T17:54:02Z,2026-04-11T19:25:02Z,78,54,abandoned,web,FHD,KR,0,search
VEW001870,USR0156,MOV0082,2026-06-19T15:05:20Z,2026-06-19T16:18:20Z,56,39,abandoned,web,FHD,KR,0,watchlist
VEW001871,USR0156,MOV0179,2026-01-17T12:24:32Z,2026-01-17T13:28:32Z,62,48,abandoned,tablet,HD,KR,0,home_recommendation
VEW001872,USR0156,MOV0045,2026-06-02T08:58:46Z,2026-06-02T11:20:46Z,132,95,completed,tablet,SD,KR,0,home_recommendation
VEW001873,USR0157,MOV0027,2024-10-20T04:16:14Z,2024-10-20T06:05:14Z,100,97,completed,game_console,HD,KR,0,search
VEW001874,USR0157,MOV0108,2026-04-28T00:07:26Z,2026-04-28T02:03:26Z,111,95,completed,tablet,SD,KR,0,search
VEW001875,USR0157,MOV0066,2024-04-05T16:14:19Z,2024-04-05T18:56:19Z,145,92,completed,mobile,FHD,KR,0,home_recommendation
VEW001876,USR0157,MOV0045,2026-01-17T09:34:09Z,2026-01-17T10:30:09Z,46,33,abandoned,web,SD,KR,0,watchlist
VEW001877,USR0157,MOV0037,2026-02-04T17:57:23Z,2026-02-04T18:27:23Z,24,25,abandoned,mobile,SD,KR,0,watchlist
VEW001878,USR0157,MOV0031,2023-12-27T08:17:13Z,2023-12-27T09:53:13Z,96,100,completed,game_console,HD,KR,0,search
VEW001879,USR0157,MOV0172,2026-05-11T04:13:23Z,2026-05-11T05:10:23Z,51,38,abandoned,tablet,FHD,KR,0,search
VEW001880,USR0157,MOV0133,2026-06-15T10:02:22Z,2026-06-15T11:17:22Z,69,48,abandoned,web,SD,KR,0,friend_share
VEW001881,USR0157,MOV0159,2023-03-02T12:57:50Z,2023-03-02T14:12:50Z,63,46,abandoned,tablet,HD,KR,0,home_recommendation
VEW001882,USR0157,MOV0092,2023-04-26T00:00:48Z,2023-04-26T00:35:48Z,30,26,abandoned,game_console,4K,KR,0,friend_share
VEW001883,USR0157,MOV0067,2026-05-03T15:33:46Z,2026-05-03T17:13:46Z,84,77,abandoned,mobile,SD,KR,0,trending
VEW001884,USR0157,MOV0170,2026-01-08T22:11:00Z,2026-01-08T23:11:00Z,51,47,abandoned,game_console,HD,KR,0,home_recommendation
VEW001885,USR0158,MOV0043,2025-11-04T11:08:08Z,2025-11-04T12:59:08Z,99,99,completed,tablet,SD,KR,0,watchlist
VEW001886,USR0158,MOV0135,2025-04-30T11:19:24Z,2025-04-30T13:29:24Z,130,94,completed,web,FHD,KR,0,search
VEW001887,USR0158,MOV0049,2026-03-30T19:55:10Z,2026-03-30T22:18:10Z,143,99,completed,tablet,SD,KR,0,friend_share
VEW001888,USR0158,MOV0134,2025-06-01T03:14:42Z,2025-06-01T03:54:42Z,36,36,abandoned,mobile,4K,KR,0,home_recommendation
VEW001889,USR0158,MOV0067,2026-07-02T02:25:47Z,2026-07-02T03:33:47Z,59,54,abandoned,smart_tv,4K,KR,0,trending
VEW001890,USR0158,MOV0057,2025-05-03T13:53:57Z,2025-05-03T14:45:57Z,37,37,abandoned,game_console,4K,KR,0,friend_share
VEW001891,USR0158,MOV0055,2026-05-20T21:36:06Z,2026-05-20T23:09:06Z,92,68,abandoned,game_console,HD,KR,0,friend_share
VEW001892,USR0158,MOV0191,2026-06-25T09:55:52Z,2026-06-25T11:12:52Z,70,43,abandoned,game_console,SD,KR,0,friend_share
VEW001893,USR0158,MOV0008,2026-04-22T21:33:34Z,2026-04-22T22:57:34Z,77,90,completed,tablet,SD,KR,0,friend_share
VEW001894,USR0158,MOV0094,2026-05-28T19:33:09Z,2026-05-28T21:27:09Z,113,88,completed,tablet,FHD,KR,0,trending
VEW001895,USR0158,MOV0037,2026-03-12T10:42:19Z,2026-03-12T11:53:19Z,56,59,abandoned,smart_tv,FHD,KR,0,watchlist
VEW001896,USR0158,MOV0061,2025-09-28T17:21:05Z,2025-09-28T18:00:05Z,35,30,abandoned,web,HD,KR,0,trending
VEW001897,USR0159,MOV0164,2025-05-03T20:06:46Z,2025-05-03T22:07:46Z,121,93,completed,web,4K,KR,0,friend_share
VEW001898,USR0159,MOV0141,2025-12-11T23:01:28Z,2025-12-12T00:42:28Z,94,95,completed,smart_tv,SD,KR,0,friend_share
VEW001899,USR0159,MOV0127,2026-05-15T17:29:04Z,2026-05-15T19:07:04Z,95,92,completed,mobile,HD,KR,0,search
VEW001900,USR0159,MOV0136,2026-02-16T22:36:53Z,2026-02-17T00:11:53Z,80,55,abandoned,game_console,FHD,KR,0,watchlist
VEW001901,USR0159,MOV0199,2026-05-10T00:16:04Z,2026-05-10T00:59:04Z,35,32,abandoned,game_console,HD,KR,0,watchlist
VEW001902,USR0159,MOV0020,2025-05-26T21:12:05Z,2025-05-26T22:26:05Z,63,59,abandoned,game_console,HD,KR,0,friend_share
VEW001903,USR0159,MOV0185,2025-08-24T11:11:17Z,2025-08-24T13:15:17Z,118,76,abandoned,web,4K,KR,0,watchlist
VEW001904,USR0159,MOV0071,2025-08-02T03:46:01Z,2025-08-02T05:23:01Z,81,77,abandoned,smart_tv,FHD,KR,0,search
VEW001905,USR0159,MOV0116,2025-02-17T09:23:14Z,2025-02-17T11:07:14Z,89,78,abandoned,smart_tv,4K,KR,0,home_recommendation
VEW001906,USR0159,MOV0120,2025-08-22T06:32:17Z,2025-08-22T07:21:17Z,41,44,abandoned,web,SD,KR,0,home_recommendation
VEW001907,USR0159,MOV0134,2025-04-20T18:03:16Z,2025-04-20T19:13:16Z,55,54,abandoned,smart_tv,4K,KR,0,home_recommendation
VEW001908,USR0159,MOV0124,2026-02-26T03:36:09Z,2026-02-26T04:15:09Z,22,23,abandoned,web,FHD,KR,0,search
VEW001909,USR0160,MOV0086,2025-08-07T20:22:06Z,2025-08-07T22:30:06Z,124,95,completed,mobile,SD,KR,0,trending
VEW001910,USR0160,MOV0069,2025-06-06T19:00:12Z,2025-06-06T20:36:12Z,82,88,completed,mobile,SD,KR,0,friend_share
VEW001911,USR0160,MOV0139,2023-08-06T18:53:53Z,2023-08-06T20:33:53Z,94,88,completed,game_console,HD,KR,0,friend_share
VEW001912,USR0160,MOV0041,2026-04-18T22:37:14Z,2026-04-19T00:11:14Z,83,54,abandoned,tablet,4K,KR,0,search
VEW001913,USR0160,MOV0019,2025-04-21T07:54:51Z,2025-04-21T09:29:51Z,88,91,completed,web,HD,KR,0,home_recommendation
VEW001914,USR0160,MOV0188,2026-02-08T12:45:57Z,2026-02-08T14:20:57Z,87,100,completed,tablet,SD,KR,0,friend_share
VEW001915,USR0160,MOV0055,2026-05-03T09:04:10Z,2026-05-03T09:56:10Z,35,26,abandoned,smart_tv,4K,KR,0,home_recommendation
VEW001916,USR0160,MOV0072,2023-07-19T13:25:24Z,2023-07-19T14:50:24Z,75,65,abandoned,smart_tv,HD,KR,0,search
VEW001917,USR0160,MOV0109,2026-01-11T01:45:54Z,2026-01-11T03:37:54Z,99,77,abandoned,web,FHD,KR,0,trending
VEW001918,USR0160,MOV0057,2023-12-26T12:24:09Z,2023-12-26T13:22:09Z,47,47,abandoned,smart_tv,FHD,KR,0,search
VEW001919,USR0160,MOV0131,2024-09-11T16:10:28Z,2024-09-11T16:55:28Z,41,38,abandoned,smart_tv,HD,KR,0,watchlist
VEW001920,USR0160,MOV0042,2026-06-30T11:54:32Z,2026-06-30T13:34:32Z,83,65,abandoned,game_console,HD,KR,0,trending
VEW001921,USR0161,MOV0113,2025-12-22T08:06:54Z,2025-12-22T10:23:54Z,131,90,completed,web,FHD,KR,0,watchlist
VEW001922,USR0161,MOV0120,2024-06-23T10:54:51Z,2024-06-23T12:35:51Z,92,98,completed,smart_tv,SD,KR,0,watchlist
VEW001923,USR0161,MOV0108,2026-05-22T15:23:59Z,2026-05-22T17:11:59Z,104,89,completed,web,SD,KR,0,search
VEW001924,USR0161,MOV0194,2026-05-29T21:00:48Z,2026-05-29T22:32:48Z,87,86,completed,smart_tv,HD,KR,0,friend_share
VEW001925,USR0161,MOV0175,2025-06-21T11:03:28Z,2025-06-21T13:03:28Z,111,97,completed,web,HD,KR,0,search
VEW001926,USR0161,MOV0075,2025-11-18T10:09:58Z,2025-11-18T11:39:58Z,72,62,abandoned,tablet,FHD,KR,0,home_recommendation
VEW001927,USR0161,MOV0061,2025-03-27T07:59:11Z,2025-03-27T08:45:11Z,28,24,abandoned,mobile,FHD,KR,0,home_recommendation
VEW001928,USR0161,MOV0180,2023-07-04T09:12:46Z,2023-07-04T11:39:46Z,133,89,completed,web,4K,KR,0,home_recommendation
VEW001929,USR0161,MOV0006,2023-07-02T20:12:35Z,2023-07-02T21:22:35Z,55,38,abandoned,web,FHD,KR,0,watchlist
VEW001930,USR0161,MOV0039,2023-09-25T05:34:57Z,2023-09-25T06:49:57Z,57,36,abandoned,mobile,4K,KR,0,friend_share
VEW001931,USR0161,MOV0184,2025-02-26T17:26:56Z,2025-02-26T17:58:56Z,24,24,abandoned,smart_tv,FHD,KR,0,trending
VEW001932,USR0161,MOV0146,2026-06-21T09:21:36Z,2026-06-21T11:53:36Z,136,94,completed,web,HD,KR,0,friend_share
VEW001933,USR0162,MOV0050,2026-01-07T06:48:05Z,2026-01-07T09:02:05Z,126,89,completed,web,4K,KR,0,friend_share
VEW001934,USR0162,MOV0117,2025-12-05T02:35:21Z,2025-12-05T03:57:21Z,79,98,completed,mobile,4K,KR,0,trending
VEW001935,USR0162,MOV0109,2025-03-23T21:08:57Z,2025-03-23T23:12:57Z,124,97,completed,game_console,4K,KR,0,watchlist
VEW001936,USR0162,MOV0154,2023-09-19T02:15:52Z,2023-09-19T02:45:52Z,30,24,abandoned,tablet,4K,KR,0,search
VEW001937,USR0162,MOV0151,2024-01-17T04:38:40Z,2024-01-17T06:07:40Z,77,83,abandoned,game_console,FHD,KR,0,friend_share
VEW001938,USR0162,MOV0161,2025-08-07T08:26:58Z,2025-08-07T09:37:58Z,66,44,abandoned,smart_tv,FHD,KR,0,trending
VEW001939,USR0162,MOV0023,2022-10-18T20:58:49Z,2022-10-18T22:33:49Z,95,63,abandoned,game_console,HD,KR,0,home_recommendation
VEW001940,USR0162,MOV0153,2025-11-21T15:03:57Z,2025-11-21T16:47:57Z,92,64,abandoned,web,SD,KR,0,friend_share
VEW001941,USR0162,MOV0026,2025-03-04T17:08:25Z,2025-03-04T17:39:25Z,23,25,abandoned,web,HD,KR,0,trending
VEW001942,USR0162,MOV0037,2025-03-08T23:56:57Z,2025-03-09T00:30:57Z,31,33,abandoned,game_console,FHD,KR,0,watchlist
VEW001943,USR0162,MOV0101,2024-08-09T16:11:10Z,2024-08-09T17:51:10Z,92,62,abandoned,mobile,4K,KR,0,home_recommendation
VEW001944,USR0162,MOV0125,2026-02-04T12:31:36Z,2026-02-04T13:30:36Z,47,52,abandoned,mobile,SD,KR,0,home_recommendation
VEW001945,USR0163,MOV0185,2026-05-24T08:43:28Z,2026-05-24T11:25:28Z,150,97,completed,game_console,SD,KR,0,friend_share
VEW001946,USR0163,MOV0077,2024-12-27T14:45:38Z,2024-12-27T16:12:38Z,86,90,completed,game_console,4K,KR,0,friend_share
VEW001947,USR0163,MOV0183,2026-04-21T12:53:26Z,2026-04-21T14:46:26Z,108,97,completed,web,SD,KR,0,trending
VEW001948,USR0163,MOV0171,2026-02-08T17:57:11Z,2026-02-08T18:27:11Z,28,22,abandoned,smart_tv,SD,KR,0,trending
VEW001949,USR0163,MOV0071,2023-02-01T13:45:13Z,2023-02-01T14:18:13Z,25,24,abandoned,mobile,FHD,KR,0,trending
VEW001950,USR0163,MOV0061,2024-07-20T12:33:09Z,2024-07-20T13:10:09Z,26,23,abandoned,smart_tv,4K,KR,0,trending
VEW001951,USR0163,MOV0030,2025-11-22T01:43:01Z,2025-11-22T03:38:01Z,112,98,completed,mobile,4K,KR,0,home_recommendation
VEW001952,USR0163,MOV0074,2024-08-14T06:11:22Z,2024-08-14T08:10:22Z,115,82,abandoned,smart_tv,4K,KR,0,home_recommendation
VEW001953,USR0163,MOV0147,2025-01-22T06:22:38Z,2025-01-22T07:34:38Z,61,74,abandoned,mobile,FHD,KR,0,search
VEW001954,USR0163,MOV0170,2026-03-03T11:49:33Z,2026-03-03T13:44:33Z,107,98,completed,web,FHD,KR,0,home_recommendation
VEW001955,USR0163,MOV0023,2024-04-04T00:12:06Z,2024-04-04T01:44:06Z,74,49,abandoned,smart_tv,SD,KR,0,search
VEW001956,USR0163,MOV0106,2026-02-02T20:37:48Z,2026-02-02T21:32:48Z,50,43,abandoned,game_console,FHD,KR,0,search
VEW001957,USR0164,MOV0023,2026-02-24T13:03:23Z,2026-02-24T15:35:23Z,143,95,completed,mobile,FHD,KR,0,search
VEW001958,USR0164,MOV0067,2025-12-13T23:20:57Z,2025-12-14T01:01:57Z,101,93,completed,mobile,HD,KR,0,trending
VEW001959,USR0164,MOV0194,2026-03-29T01:18:49Z,2026-03-29T02:58:49Z,98,97,completed,game_console,HD,KR,0,home_recommendation
VEW001960,USR0164,MOV0083,2025-08-24T06:28:29Z,2025-08-24T07:31:29Z,50,34,abandoned,web,SD,KR,0,trending
VEW001961,USR0164,MOV0077,2026-02-04T16:00:03Z,2026-02-04T17:39:03Z,90,95,completed,smart_tv,SD,KR,0,watchlist
VEW001962,USR0164,MOV0018,2025-12-17T07:31:32Z,2025-12-17T08:03:32Z,31,27,abandoned,smart_tv,SD,KR,0,trending
VEW001963,USR0164,MOV0003,2025-11-22T02:17:31Z,2025-11-22T03:02:31Z,44,39,abandoned,tablet,FHD,KR,0,trending
VEW001964,USR0164,MOV0044,2025-09-10T18:58:13Z,2025-09-10T21:05:13Z,111,69,abandoned,web,SD,KR,0,home_recommendation
VEW001965,USR0164,MOV0173,2025-03-29T07:52:14Z,2025-03-29T10:07:14Z,133,98,completed,mobile,HD,KR,0,search
VEW001966,USR0164,MOV0116,2022-09-22T11:51:55Z,2022-09-22T13:46:55Z,104,91,completed,mobile,FHD,KR,0,search
VEW001967,USR0164,MOV0058,2026-05-05T06:50:14Z,2026-05-05T08:29:14Z,90,78,abandoned,mobile,SD,KR,0,search
VEW001968,USR0164,MOV0109,2025-11-14T05:59:24Z,2025-11-14T07:26:24Z,83,65,abandoned,mobile,4K,KR,0,search
VEW001969,USR0165,MOV0028,2022-06-29T18:19:50Z,2022-06-29T19:54:50Z,95,90,completed,web,SD,KR,0,search
VEW001970,USR0165,MOV0022,2022-05-07T16:12:48Z,2022-05-07T17:57:48Z,91,98,completed,game_console,FHD,KR,0,watchlist
VEW001971,USR0165,MOV0166,2025-10-26T10:46:45Z,2025-10-26T13:07:45Z,138,96,completed,mobile,HD,KR,0,trending
VEW001972,USR0165,MOV0126,2026-03-21T14:59:02Z,2026-03-21T17:41:02Z,148,98,completed,tablet,FHD,KR,0,trending
VEW001973,USR0165,MOV0068,2026-04-02T18:10:05Z,2026-04-02T19:48:05Z,87,74,abandoned,smart_tv,HD,KR,0,home_recommendation
VEW001974,USR0165,MOV0019,2024-02-20T09:50:44Z,2024-02-20T11:12:44Z,74,76,abandoned,mobile,FHD,KR,0,friend_share
VEW001975,USR0165,MOV0084,2026-06-12T15:13:58Z,2026-06-12T17:12:58Z,104,70,abandoned,game_console,4K,KR,0,friend_share
VEW001976,USR0165,MOV0125,2025-03-27T09:03:38Z,2025-03-27T09:52:38Z,38,42,abandoned,tablet,HD,KR,0,watchlist
VEW001977,USR0165,MOV0198,2025-02-28T23:58:29Z,2025-03-01T01:21:29Z,76,67,abandoned,mobile,4K,KR,0,trending
VEW001978,USR0165,MOV0048,2025-08-11T22:02:19Z,2025-08-11T22:33:19Z,22,29,abandoned,tablet,HD,KR,0,trending
VEW001979,USR0165,MOV0148,2025-11-02T16:18:18Z,2025-11-02T18:22:18Z,112,97,completed,smart_tv,SD,KR,0,home_recommendation
VEW001980,USR0165,MOV0011,2024-07-05T21:40:33Z,2024-07-05T22:59:33Z,70,63,abandoned,tablet,SD,KR,0,friend_share
VEW001981,USR0166,MOV0165,2025-12-14T13:48:17Z,2025-12-14T16:03:17Z,122,100,completed,web,SD,KR,0,trending
VEW001982,USR0166,MOV0058,2024-07-31T18:43:55Z,2024-07-31T20:49:55Z,114,99,completed,game_console,HD,KR,0,watchlist
VEW001983,USR0166,MOV0033,2025-06-19T20:40:18Z,2025-06-19T22:08:18Z,80,91,completed,smart_tv,FHD,KR,0,friend_share
VEW001984,USR0166,MOV0038,2026-04-29T20:03:22Z,2026-04-29T21:04:22Z,45,40,abandoned,tablet,FHD,KR,0,home_recommendation
VEW001985,USR0166,MOV0127,2026-05-06T10:23:21Z,2026-05-06T11:08:21Z,35,34,abandoned,web,HD,KR,0,search
VEW001986,USR0166,MOV0021,2024-03-08T10:37:35Z,2024-03-08T12:12:35Z,77,48,abandoned,tablet,4K,KR,0,friend_share
VEW001987,USR0166,MOV0122,2025-09-26T09:10:20Z,2025-09-26T09:42:20Z,30,23,abandoned,smart_tv,SD,KR,0,trending
VEW001988,USR0166,MOV0181,2024-06-23T11:42:05Z,2024-06-23T14:08:05Z,136,94,completed,web,HD,KR,0,watchlist
VEW001989,USR0166,MOV0130,2025-03-17T00:23:59Z,2025-03-17T02:30:59Z,112,89,completed,web,SD,KR,0,trending
VEW001990,USR0166,MOV0160,2025-11-10T23:30:28Z,2025-11-11T00:48:28Z,65,61,abandoned,tablet,4K,KR,0,friend_share
VEW001991,USR0166,MOV0107,2025-03-06T20:18:50Z,2025-03-06T21:05:50Z,42,43,abandoned,smart_tv,4K,KR,0,trending
VEW001992,USR0166,MOV0182,2024-10-08T11:59:48Z,2024-10-08T14:10:48Z,129,98,completed,game_console,4K,KR,0,watchlist
VEW001993,USR0167,MOV0034,2026-01-31T15:17:49Z,2026-01-31T16:55:49Z,89,88,completed,game_console,4K,KR,0,friend_share
VEW001994,USR0167,MOV0197,2025-03-06T22:42:00Z,2025-03-07T00:39:00Z,100,94,completed,tablet,SD,KR,0,friend_share
VEW001995,USR0167,MOV0106,2026-03-22T17:36:24Z,2026-03-22T19:37:24Z,108,92,completed,game_console,FHD,KR,0,friend_share
VEW001996,USR0167,MOV0041,2026-07-19T07:20:21Z,2026-07-19T09:41:21Z,133,87,completed,smart_tv,HD,KR,0,friend_share
VEW001997,USR0167,MOV0149,2024-07-17T08:35:19Z,2024-07-17T09:43:19Z,61,43,abandoned,web,FHD,KR,0,home_recommendation
VEW001998,USR0167,MOV0051,2026-04-30T08:17:23Z,2026-04-30T09:33:23Z,58,50,abandoned,smart_tv,SD,KR,0,trending
VEW001999,USR0167,MOV0112,2026-01-10T20:59:04Z,2026-01-10T22:48:04Z,96,89,completed,mobile,4K,KR,0,trending
VEW002000,USR0167,MOV0142,2025-04-13T20:43:03Z,2025-04-13T21:48:03Z,54,38,abandoned,tablet,FHD,KR,0,watchlist
VEW002001,USR0167,MOV0057,2024-12-16T05:07:09Z,2024-12-16T06:40:09Z,88,89,completed,tablet,4K,KR,0,watchlist
VEW002002,USR0167,MOV0188,2026-07-05T04:03:02Z,2026-07-05T05:08:02Z,57,65,abandoned,smart_tv,4K,KR,0,watchlist
VEW002003,USR0167,MOV0170,2025-08-27T15:21:54Z,2025-08-27T17:06:54Z,104,95,completed,web,4K,KR,0,watchlist
VEW002004,USR0167,MOV0054,2025-04-30T06:19:22Z,2025-04-30T07:39:22Z,73,68,abandoned,game_console,SD,KR,0,home_recommendation
VEW002005,USR0168,MOV0041,2026-07-04T01:18:41Z,2026-07-04T04:07:41Z,151,99,completed,web,FHD,KR,0,search
VEW002006,USR0168,MOV0186,2026-05-16T00:48:02Z,2026-05-16T03:36:02Z,151,100,completed,game_console,4K,KR,0,friend_share
VEW002007,USR0168,MOV0143,2026-02-04T04:52:29Z,2026-02-04T06:48:29Z,105,100,completed,smart_tv,4K,KR,0,friend_share
VEW002008,USR0168,MOV0100,2026-03-14T02:37:39Z,2026-03-14T04:14:39Z,90,79,abandoned,smart_tv,HD,KR,0,watchlist
VEW002009,USR0168,MOV0180,2026-05-04T00:37:50Z,2026-05-04T02:39:50Z,115,77,abandoned,tablet,4K,KR,0,home_recommendation
VEW002010,USR0168,MOV0112,2025-11-06T14:46:10Z,2025-11-06T15:35:10Z,48,44,abandoned,tablet,4K,KR,0,home_recommendation
VEW002011,USR0168,MOV0108,2026-05-25T00:28:03Z,2026-05-25T01:10:03Z,32,27,abandoned,mobile,4K,KR,0,trending
VEW002012,USR0168,MOV0054,2026-01-29T23:01:58Z,2026-01-30T00:40:58Z,95,89,completed,game_console,HD,KR,0,friend_share
VEW002013,USR0168,MOV0077,2024-05-08T15:17:25Z,2024-05-08T15:55:25Z,34,36,abandoned,smart_tv,4K,KR,0,watchlist
VEW002014,USR0168,MOV0159,2023-12-05T23:33:58Z,2023-12-06T00:52:58Z,61,45,abandoned,smart_tv,HD,KR,0,friend_share
VEW002015,USR0168,MOV0032,2022-09-06T00:26:45Z,2022-09-06T01:41:45Z,58,38,abandoned,game_console,HD,KR,0,trending
VEW002016,USR0168,MOV0068,2025-12-16T09:58:16Z,2025-12-16T12:09:16Z,117,100,completed,tablet,FHD,KR,0,friend_share
VEW002017,USR0169,MOV0161,2025-11-30T00:54:48Z,2025-11-30T03:28:48Z,149,99,completed,web,FHD,KR,0,watchlist
VEW002018,USR0169,MOV0056,2023-08-13T19:34:42Z,2023-08-13T21:39:42Z,112,100,completed,tablet,4K,KR,0,friend_share
VEW002019,USR0169,MOV0048,2024-06-19T04:54:50Z,2024-06-19T06:16:50Z,72,93,completed,smart_tv,4K,KR,0,friend_share
VEW002020,USR0169,MOV0061,2026-01-28T18:56:18Z,2026-01-28T20:41:18Z,93,81,abandoned,smart_tv,4K,KR,0,search
VEW002021,USR0169,MOV0068,2026-03-03T07:26:55Z,2026-03-03T08:12:55Z,32,27,abandoned,mobile,4K,KR,0,search
VEW002022,USR0169,MOV0194,2025-12-20T20:15:46Z,2025-12-20T21:07:46Z,37,37,abandoned,smart_tv,4K,KR,0,home_recommendation
VEW002023,USR0169,MOV0075,2024-09-13T20:10:28Z,2024-09-13T20:57:28Z,39,34,abandoned,game_console,4K,KR,0,trending
VEW002024,USR0169,MOV0138,2025-03-25T06:56:46Z,2025-03-25T07:49:46Z,50,56,abandoned,game_console,SD,KR,0,trending
VEW002025,USR0169,MOV0081,2026-04-17T21:33:04Z,2026-04-17T22:34:04Z,49,30,abandoned,game_console,HD,KR,0,home_recommendation
VEW002026,USR0169,MOV0036,2026-06-16T16:57:26Z,2026-06-16T17:48:26Z,43,41,abandoned,tablet,FHD,KR,0,trending
VEW002027,USR0169,MOV0090,2023-05-26T18:23:23Z,2023-05-26T19:43:23Z,77,64,abandoned,smart_tv,FHD,KR,0,home_recommendation
VEW002028,USR0169,MOV0180,2025-07-09T01:22:01Z,2025-07-09T03:06:01Z,91,61,abandoned,game_console,SD,KR,0,friend_share
VEW002029,USR0170,MOV0028,2022-11-18T01:28:17Z,2022-11-18T03:03:17Z,93,88,completed,web,SD,KR,0,home_recommendation
VEW002030,USR0170,MOV0012,2024-04-08T15:11:55Z,2024-04-08T17:32:55Z,123,91,completed,mobile,4K,KR,0,watchlist
VEW002031,USR0170,MOV0141,2024-12-22T03:22:54Z,2024-12-22T04:55:54Z,93,94,completed,mobile,SD,KR,0,search
VEW002032,USR0170,MOV0179,2024-01-12T19:52:04Z,2024-01-12T20:44:04Z,44,34,abandoned,tablet,SD,KR,0,search
VEW002033,USR0170,MOV0177,2023-04-11T23:18:51Z,2023-04-12T00:12:51Z,43,61,abandoned,mobile,FHD,KR,0,search
VEW002034,USR0170,MOV0025,2025-07-04T06:24:26Z,2025-07-04T08:05:26Z,88,56,abandoned,mobile,4K,KR,0,search
VEW002035,USR0170,MOV0041,2026-05-10T05:47:30Z,2026-05-10T07:28:30Z,89,58,abandoned,smart_tv,HD,KR,0,home_recommendation
VEW002036,USR0170,MOV0002,2026-01-01T06:24:24Z,2026-01-01T07:36:24Z,60,58,abandoned,tablet,4K,KR,0,home_recommendation
VEW002037,USR0170,MOV0098,2026-05-10T04:17:03Z,2026-05-10T06:01:03Z,103,97,completed,game_console,HD,KR,0,trending
VEW002038,USR0170,MOV0151,2025-05-07T20:01:48Z,2025-05-07T21:06:48Z,53,57,abandoned,web,HD,KR,0,home_recommendation
VEW002039,USR0170,MOV0119,2024-01-16T18:13:40Z,2024-01-16T19:58:40Z,90,66,abandoned,smart_tv,HD,KR,0,trending
VEW002040,USR0170,MOV0020,2026-01-29T08:44:20Z,2026-01-29T10:41:20Z,107,100,completed,mobile,FHD,KR,0,search
VEW002041,USR0171,MOV0044,2025-02-14T04:45:45Z,2025-02-14T07:15:45Z,147,91,completed,web,HD,KR,0,home_recommendation
VEW002042,USR0171,MOV0098,2026-06-08T19:19:32Z,2026-06-08T21:20:32Z,106,100,completed,mobile,FHD,KR,0,search
VEW002043,USR0171,MOV0077,2025-12-20T08:50:14Z,2025-12-20T10:31:14Z,86,91,completed,game_console,4K,KR,0,search
VEW002044,USR0171,MOV0052,2025-12-31T00:03:39Z,2025-12-31T00:55:39Z,39,24,abandoned,smart_tv,SD,KR,0,search
VEW002045,USR0171,MOV0094,2026-05-21T05:11:31Z,2026-05-21T06:06:31Z,46,36,abandoned,mobile,HD,KR,0,home_recommendation
VEW002046,USR0171,MOV0129,2025-10-14T17:57:34Z,2025-10-14T20:18:34Z,128,96,completed,mobile,HD,KR,0,trending
VEW002047,USR0171,MOV0049,2026-07-11T14:45:28Z,2026-07-11T17:13:28Z,137,95,completed,tablet,4K,KR,0,trending
VEW002048,USR0171,MOV0002,2025-06-24T14:44:28Z,2025-06-24T15:15:28Z,25,24,abandoned,web,4K,KR,0,watchlist
VEW002049,USR0171,MOV0084,2026-06-22T09:21:40Z,2026-06-22T11:10:40Z,101,68,abandoned,mobile,4K,KR,0,watchlist
VEW002050,USR0171,MOV0191,2025-01-13T10:15:24Z,2025-01-13T12:20:24Z,109,67,abandoned,smart_tv,HD,KR,0,home_recommendation
VEW002051,USR0171,MOV0010,2024-12-14T11:20:45Z,2024-12-14T12:49:45Z,79,61,abandoned,smart_tv,SD,KR,0,search
VEW002052,USR0171,MOV0118,2026-06-17T12:54:47Z,2026-06-17T14:16:47Z,73,71,abandoned,tablet,4K,KR,0,watchlist
VEW002053,USR0172,MOV0096,2025-10-27T16:47:58Z,2025-10-27T18:40:58Z,107,94,completed,game_console,HD,KR,0,watchlist
VEW002054,USR0172,MOV0092,2022-07-19T10:43:21Z,2022-07-19T12:33:21Z,107,94,completed,smart_tv,HD,KR,0,watchlist
VEW002055,USR0172,MOV0136,2026-05-15T20:31:18Z,2026-05-15T22:43:18Z,132,91,completed,smart_tv,HD,KR,0,friend_share
VEW002056,USR0172,MOV0181,2022-11-18T07:59:43Z,2022-11-18T09:25:43Z,71,49,abandoned,web,FHD,KR,0,home_recommendation
VEW002057,USR0172,MOV0152,2025-08-07T08:00:24Z,2025-08-07T08:39:24Z,24,19,abandoned,mobile,FHD,KR,0,friend_share
VEW002058,USR0172,MOV0163,2026-01-03T10:31:31Z,2026-01-03T12:16:31Z,93,75,abandoned,web,HD,KR,0,trending
VEW002059,USR0172,MOV0076,2022-06-12T16:31:26Z,2022-06-12T17:49:26Z,65,43,abandoned,game_console,FHD,KR,0,home_recommendation
VEW002060,USR0172,MOV0105,2026-02-25T14:10:17Z,2026-02-25T14:41:17Z,21,19,abandoned,game_console,HD,KR,0,trending
VEW002061,USR0172,MOV0043,2025-10-29T20:32:49Z,2025-10-29T21:23:49Z,48,48,abandoned,web,SD,KR,0,home_recommendation
VEW002062,USR0172,MOV0174,2022-05-04T04:47:23Z,2022-05-04T06:31:23Z,88,68,abandoned,web,FHD,KR,0,home_recommendation
VEW002063,USR0172,MOV0012,2024-01-25T14:30:39Z,2024-01-25T15:58:39Z,76,56,abandoned,mobile,4K,KR,0,trending
VEW002064,USR0172,MOV0137,2025-05-03T15:17:36Z,2025-05-03T15:47:36Z,30,33,abandoned,smart_tv,HD,KR,0,friend_share
VEW002065,USR0173,MOV0026,2024-10-12T22:38:05Z,2024-10-13T00:14:05Z,88,95,completed,mobile,FHD,KR,0,home_recommendation
VEW002066,USR0173,MOV0195,2025-12-29T07:44:29Z,2025-12-29T10:23:29Z,150,98,completed,mobile,FHD,KR,0,friend_share
VEW002067,USR0173,MOV0190,2025-05-07T03:30:31Z,2025-05-07T06:13:31Z,146,91,completed,game_console,SD,KR,0,search
VEW002068,USR0173,MOV0081,2026-06-05T17:44:34Z,2026-06-05T20:06:34Z,139,85,completed,game_console,SD,KR,0,home_recommendation
VEW002069,USR0173,MOV0044,2026-02-24T12:23:00Z,2026-02-24T13:34:00Z,66,41,abandoned,web,SD,KR,0,search
VEW002070,USR0173,MOV0064,2025-03-27T09:49:34Z,2025-03-27T11:00:34Z,66,50,abandoned,web,FHD,KR,0,watchlist
VEW002071,USR0173,MOV0055,2026-03-14T15:58:07Z,2026-03-14T17:11:07Z,58,43,abandoned,smart_tv,HD,KR,0,search
VEW002072,USR0173,MOV0067,2025-11-05T13:37:43Z,2025-11-05T15:15:43Z,83,76,abandoned,web,SD,KR,0,trending
VEW002073,USR0173,MOV0008,2026-01-30T07:47:00Z,2026-01-30T08:48:00Z,46,53,abandoned,game_console,HD,KR,0,watchlist
VEW002074,USR0173,MOV0162,2026-02-22T06:57:45Z,2026-02-22T07:34:45Z,26,18,abandoned,smart_tv,4K,KR,0,trending
VEW002075,USR0173,MOV0152,2024-01-25T20:13:16Z,2024-01-25T21:36:16Z,70,56,abandoned,smart_tv,HD,KR,0,home_recommendation
VEW002076,USR0173,MOV0032,2023-07-08T12:24:56Z,2023-07-08T14:21:56Z,117,77,abandoned,smart_tv,SD,KR,0,trending
VEW002077,USR0174,MOV0112,2025-01-01T03:49:07Z,2025-01-01T05:36:07Z,99,92,completed,web,4K,KR,0,trending
VEW002078,USR0174,MOV0106,2026-06-26T23:35:07Z,2026-06-27T01:36:07Z,113,97,completed,tablet,HD,KR,0,home_recommendation
VEW002079,USR0174,MOV0067,2026-07-08T06:03:01Z,2026-07-08T07:56:01Z,105,96,completed,game_console,SD,KR,0,search
VEW002080,USR0174,MOV0175,2025-10-25T13:24:49Z,2025-10-25T14:46:49Z,64,56,abandoned,mobile,HD,KR,0,watchlist
VEW002081,USR0174,MOV0013,2024-12-06T02:47:58Z,2024-12-06T03:24:58Z,27,19,abandoned,game_console,SD,KR,0,friend_share
VEW002082,USR0174,MOV0093,2025-10-10T18:39:38Z,2025-10-10T20:21:38Z,84,74,abandoned,tablet,FHD,KR,0,watchlist
VEW002083,USR0174,MOV0161,2026-03-03T14:22:10Z,2026-03-03T17:02:10Z,142,94,completed,web,HD,KR,0,watchlist
VEW002084,USR0174,MOV0018,2026-07-17T08:00:36Z,2026-07-17T08:49:36Z,39,34,abandoned,smart_tv,SD,KR,0,search
VEW002085,USR0174,MOV0031,2026-05-08T14:33:59Z,2026-05-08T15:19:59Z,41,43,abandoned,smart_tv,4K,KR,0,friend_share
VEW002086,USR0174,MOV0109,2025-08-11T20:24:56Z,2025-08-11T21:35:56Z,64,50,abandoned,web,HD,KR,0,search
VEW002087,USR0174,MOV0009,2025-07-31T16:16:52Z,2025-07-31T17:22:52Z,51,37,abandoned,smart_tv,4K,KR,0,friend_share
VEW002088,USR0174,MOV0119,2024-12-22T06:47:16Z,2024-12-22T08:14:16Z,82,60,abandoned,smart_tv,HD,KR,0,search
VEW002089,USR0175,MOV0101,2026-03-05T22:06:50Z,2026-03-06T00:42:50Z,142,95,completed,tablet,FHD,KR,0,home_recommendation
VEW002090,USR0175,MOV0040,2024-09-06T21:13:23Z,2024-09-06T23:16:23Z,107,97,completed,web,4K,KR,0,watchlist
VEW002091,USR0175,MOV0149,2025-04-24T20:55:31Z,2025-04-24T23:19:31Z,132,93,completed,web,FHD,KR,0,watchlist
VEW002092,USR0175,MOV0121,2026-06-05T06:36:24Z,2026-06-05T08:07:24Z,82,69,abandoned,smart_tv,SD,KR,0,search
VEW002093,USR0175,MOV0200,2025-07-16T04:30:16Z,2025-07-16T05:22:16Z,34,37,abandoned,mobile,FHD,KR,0,friend_share
VEW002094,USR0175,MOV0175,2025-11-12T08:18:53Z,2025-11-12T09:52:53Z,86,75,abandoned,tablet,HD,KR,0,home_recommendation
VEW002095,USR0175,MOV0015,2026-06-25T21:34:40Z,2026-06-25T23:46:40Z,128,82,abandoned,game_console,HD,KR,0,search
VEW002096,USR0175,MOV0059,2024-10-10T12:45:21Z,2024-10-10T14:22:21Z,79,57,abandoned,smart_tv,SD,KR,0,watchlist
VEW002097,USR0175,MOV0194,2026-03-31T22:00:41Z,2026-03-31T22:53:41Z,49,49,abandoned,mobile,SD,KR,0,trending
VEW002098,USR0175,MOV0166,2026-05-19T05:02:05Z,2026-05-19T06:51:05Z,105,73,abandoned,tablet,HD,KR,0,search
VEW002099,USR0175,MOV0060,2026-05-30T20:00:37Z,2026-05-30T20:54:37Z,44,29,abandoned,web,4K,KR,0,watchlist
VEW002100,USR0175,MOV0027,2025-10-06T03:47:40Z,2025-10-06T04:16:40Z,25,24,abandoned,web,HD,KR,0,trending
VEW002101,USR0176,MOV0119,2025-04-05T07:06:49Z,2025-04-05T09:34:49Z,135,99,completed,web,SD,KR,0,trending
VEW002102,USR0176,MOV0045,2024-07-03T14:36:25Z,2024-07-03T16:48:25Z,122,88,completed,web,SD,KR,0,trending
VEW002103,USR0176,MOV0175,2024-12-01T18:48:37Z,2024-12-01T20:57:37Z,112,98,completed,game_console,HD,KR,0,watchlist
VEW002104,USR0176,MOV0163,2025-06-01T01:29:34Z,2025-06-01T03:22:34Z,95,77,abandoned,tablet,4K,KR,0,watchlist
VEW002105,USR0176,MOV0010,2025-08-07T01:36:10Z,2025-08-07T02:32:10Z,50,39,abandoned,web,4K,KR,0,home_recommendation
VEW002106,USR0176,MOV0131,2026-04-09T08:24:52Z,2026-04-09T10:08:52Z,104,95,completed,mobile,HD,KR,0,home_recommendation
VEW002107,USR0176,MOV0132,2023-08-16T02:58:39Z,2023-08-16T03:40:39Z,33,34,abandoned,mobile,SD,KR,0,trending
VEW002108,USR0176,MOV0024,2024-09-08T07:19:21Z,2024-09-08T08:59:21Z,93,76,abandoned,web,HD,KR,0,friend_share
VEW002109,USR0176,MOV0001,2023-11-05T02:30:43Z,2023-11-05T03:03:43Z,28,20,abandoned,game_console,HD,KR,0,search
VEW002110,USR0176,MOV0169,2026-04-14T09:19:29Z,2026-04-14T11:14:29Z,97,64,abandoned,web,HD,KR,0,friend_share
VEW002111,USR0176,MOV0059,2025-03-31T13:08:14Z,2025-03-31T14:19:14Z,55,40,abandoned,smart_tv,4K,KR,0,search
VEW002112,USR0176,MOV0134,2022-03-24T18:43:17Z,2022-03-24T20:13:17Z,90,89,completed,smart_tv,SD,KR,0,watchlist
VEW002113,USR0177,MOV0135,2025-06-15T03:38:43Z,2025-06-15T05:50:43Z,123,89,completed,mobile,FHD,KR,0,trending
VEW002114,USR0177,MOV0191,2023-08-16T21:36:35Z,2023-08-17T00:17:35Z,157,97,completed,mobile,4K,KR,0,friend_share
VEW002115,USR0177,MOV0199,2025-05-19T08:38:04Z,2025-05-19T10:30:04Z,109,99,completed,tablet,4K,KR,0,home_recommendation
VEW002116,USR0177,MOV0087,2025-06-23T10:12:36Z,2025-06-23T11:39:36Z,72,73,abandoned,game_console,FHD,KR,0,friend_share
VEW002117,USR0177,MOV0180,2023-03-25T04:26:53Z,2023-03-25T06:44:53Z,133,89,completed,web,SD,KR,0,watchlist
VEW002118,USR0177,MOV0099,2025-07-20T02:42:34Z,2025-07-20T03:40:34Z,51,39,abandoned,mobile,HD,KR,0,trending
VEW002119,USR0177,MOV0169,2026-05-01T16:54:06Z,2026-05-01T17:51:06Z,43,28,abandoned,game_console,SD,KR,0,friend_share
VEW002120,USR0177,MOV0044,2026-03-02T11:00:10Z,2026-03-02T13:54:10Z,156,97,completed,mobile,HD,KR,0,trending
VEW002121,USR0177,MOV0168,2023-10-08T15:26:56Z,2023-10-08T15:51:56Z,21,22,abandoned,mobile,FHD,KR,0,friend_share
VEW002122,USR0177,MOV0017,2024-09-19T19:52:24Z,2024-09-19T20:23:24Z,20,19,abandoned,game_console,4K,KR,0,friend_share
VEW002123,USR0177,MOV0033,2026-01-12T19:34:51Z,2026-01-12T19:57:51Z,18,21,abandoned,game_console,4K,KR,0,friend_share
VEW002124,USR0177,MOV0101,2025-09-14T10:02:35Z,2025-09-14T10:38:35Z,34,23,abandoned,web,4K,KR,0,home_recommendation
VEW002125,USR0178,MOV0016,2025-11-21T06:48:02Z,2025-11-21T09:18:02Z,139,97,completed,game_console,FHD,KR,0,home_recommendation
VEW002126,USR0178,MOV0120,2025-05-05T03:19:42Z,2025-05-05T04:55:42Z,90,96,completed,game_console,SD,KR,0,search
VEW002127,USR0178,MOV0013,2025-08-22T11:05:31Z,2025-08-22T13:28:31Z,140,100,completed,game_console,HD,KR,0,home_recommendation
VEW002128,USR0178,MOV0119,2025-03-23T15:10:20Z,2025-03-23T16:34:20Z,79,58,abandoned,game_console,SD,KR,0,search
VEW002129,USR0178,MOV0145,2026-02-10T01:18:26Z,2026-02-10T02:47:26Z,84,62,abandoned,game_console,SD,KR,0,home_recommendation
VEW002130,USR0178,MOV0116,2025-03-17T18:10:40Z,2025-03-17T20:10:40Z,111,97,completed,web,HD,KR,0,friend_share
VEW002131,USR0178,MOV0197,2025-08-03T13:22:03Z,2025-08-03T14:33:03Z,54,51,abandoned,tablet,FHD,KR,0,friend_share
VEW002132,USR0178,MOV0137,2025-06-28T03:27:17Z,2025-06-28T04:57:17Z,83,90,completed,smart_tv,HD,KR,0,friend_share
VEW002133,USR0178,MOV0080,2025-08-06T01:48:19Z,2025-08-06T02:32:19Z,28,19,abandoned,game_console,HD,KR,0,watchlist
VEW002134,USR0178,MOV0127,2025-03-19T01:57:22Z,2025-03-19T03:02:22Z,54,52,abandoned,smart_tv,FHD,KR,0,trending
VEW002135,USR0178,MOV0076,2026-03-20T20:46:33Z,2026-03-20T22:30:33Z,103,68,abandoned,web,4K,KR,0,watchlist
VEW002136,USR0178,MOV0111,2025-12-23T22:04:03Z,2025-12-23T23:46:03Z,84,83,abandoned,tablet,FHD,KR,0,trending
VEW002137,USR0179,MOV0158,2025-06-29T17:38:57Z,2025-06-29T19:09:57Z,89,91,completed,mobile,FHD,KR,0,home_recommendation
VEW002138,USR0179,MOV0011,2023-02-01T22:39:51Z,2023-02-02T00:29:51Z,109,98,completed,mobile,4K,KR,0,search
VEW002139,USR0179,MOV0090,2025-09-13T05:30:53Z,2025-09-13T07:34:53Z,115,96,completed,smart_tv,FHD,KR,0,watchlist
VEW002140,USR0179,MOV0172,2026-07-01T12:18:51Z,2026-07-01T13:15:51Z,51,38,abandoned,game_console,SD,KR,0,search
VEW002141,USR0179,MOV0068,2026-02-22T23:09:19Z,2026-02-22T23:41:19Z,22,19,abandoned,game_console,HD,KR,0,home_recommendation
VEW002142,USR0179,MOV0049,2023-11-21T08:47:23Z,2023-11-21T10:01:23Z,59,41,abandoned,game_console,FHD,KR,0,search
VEW002143,USR0179,MOV0007,2024-10-25T04:28:58Z,2024-10-25T05:47:58Z,74,79,abandoned,mobile,4K,KR,0,home_recommendation
VEW002144,USR0179,MOV0080,2024-02-27T15:46:36Z,2024-02-27T16:25:36Z,39,26,abandoned,mobile,FHD,KR,0,friend_share
VEW002145,USR0179,MOV0182,2023-01-06T15:02:58Z,2023-01-06T15:33:58Z,25,19,abandoned,smart_tv,HD,KR,0,watchlist
VEW002146,USR0179,MOV0188,2026-05-22T16:01:24Z,2026-05-22T17:19:24Z,76,87,completed,web,HD,KR,0,watchlist
VEW002147,USR0179,MOV0155,2023-11-05T07:20:46Z,2023-11-05T08:07:46Z,34,28,abandoned,game_console,FHD,KR,0,home_recommendation
VEW002148,USR0179,MOV0196,2025-08-20T05:34:55Z,2025-08-20T07:12:55Z,82,68,abandoned,mobile,HD,KR,0,friend_share
VEW002149,USR0180,MOV0074,2025-06-02T03:43:35Z,2025-06-02T06:07:35Z,127,91,completed,mobile,HD,KR,0,trending
VEW002150,USR0180,MOV0126,2026-05-05T10:20:09Z,2026-05-05T12:52:09Z,136,90,completed,game_console,FHD,KR,0,friend_share
VEW002151,USR0180,MOV0010,2025-11-16T10:27:27Z,2025-11-16T12:32:27Z,121,94,completed,tablet,4K,KR,0,watchlist
VEW002152,USR0180,MOV0169,2026-04-25T10:23:08Z,2026-04-25T12:56:08Z,140,92,completed,tablet,4K,KR,0,trending
VEW002153,USR0180,MOV0155,2025-12-22T18:29:07Z,2025-12-22T19:53:07Z,77,63,abandoned,tablet,FHD,KR,0,friend_share
VEW002154,USR0180,MOV0075,2025-06-28T10:46:32Z,2025-06-28T12:33:32Z,95,82,abandoned,game_console,SD,KR,0,trending
VEW002155,USR0180,MOV0024,2026-02-05T15:26:54Z,2026-02-05T16:14:54Z,38,31,abandoned,mobile,SD,KR,0,watchlist
VEW002156,USR0180,MOV0015,2026-02-04T05:03:05Z,2026-02-04T06:39:05Z,92,59,abandoned,mobile,HD,KR,0,trending
VEW002157,USR0180,MOV0092,2026-01-16T20:11:01Z,2026-01-16T21:03:01Z,44,39,abandoned,web,HD,KR,0,search
VEW002158,USR0180,MOV0017,2025-06-27T01:12:56Z,2025-06-27T02:45:56Z,92,89,completed,web,SD,KR,0,trending
VEW002159,USR0180,MOV0101,2025-07-16T07:48:36Z,2025-07-16T09:13:36Z,75,50,abandoned,game_console,4K,KR,0,search
VEW002160,USR0180,MOV0123,2026-07-18T01:40:58Z,2026-07-18T02:48:58Z,68,66,abandoned,game_console,FHD,KR,0,home_recommendation
VEW002161,USR0181,MOV0028,2024-11-20T09:37:09Z,2024-11-20T11:30:09Z,103,97,completed,game_console,FHD,KR,0,trending
VEW002162,USR0181,MOV0027,2022-04-11T09:07:18Z,2022-04-11T10:48:18Z,98,95,completed,web,SD,KR,0,search
VEW002163,USR0181,MOV0109,2025-07-21T14:52:30Z,2025-07-21T16:55:30Z,114,89,completed,game_console,SD,KR,0,friend_share
VEW002164,USR0181,MOV0015,2026-05-08T21:37:32Z,2026-05-08T23:14:32Z,81,52,abandoned,tablet,SD,KR,0,friend_share
VEW002165,USR0181,MOV0030,2022-10-05T01:44:24Z,2022-10-05T03:53:24Z,112,98,completed,mobile,SD,KR,0,home_recommendation
VEW002166,USR0181,MOV0082,2025-11-17T03:31:42Z,2025-11-17T05:33:42Z,118,82,abandoned,tablet,FHD,KR,0,home_recommendation
VEW002167,USR0181,MOV0121,2025-06-09T04:09:55Z,2025-06-09T05:24:55Z,62,52,abandoned,smart_tv,4K,KR,0,watchlist
VEW002168,USR0181,MOV0010,2022-08-16T14:03:52Z,2022-08-16T15:10:52Z,65,50,abandoned,web,4K,KR,0,search
VEW002169,USR0181,MOV0144,2024-08-28T13:37:11Z,2024-08-28T14:13:11Z,31,19,abandoned,tablet,HD,KR,0,search
VEW002170,USR0181,MOV0161,2024-05-02T13:18:31Z,2024-05-02T15:15:31Z,112,74,abandoned,web,HD,KR,0,friend_share
VEW002171,USR0181,MOV0073,2026-03-23T22:30:57Z,2026-03-24T00:01:57Z,89,55,abandoned,web,4K,KR,0,trending
VEW002172,USR0181,MOV0118,2026-05-13T22:25:27Z,2026-05-13T23:23:27Z,56,54,abandoned,web,SD,KR,0,trending
VEW002173,USR0182,MOV0105,2024-06-07T09:52:59Z,2024-06-07T11:52:59Z,110,98,completed,tablet,FHD,KR,0,search
VEW002174,USR0182,MOV0061,2024-10-06T23:08:54Z,2024-10-07T01:07:54Z,109,95,completed,tablet,FHD,KR,0,trending
VEW002175,USR0182,MOV0141,2024-10-24T11:14:21Z,2024-10-24T12:55:21Z,99,100,completed,tablet,HD,KR,0,search
VEW002176,USR0182,MOV0123,2024-05-29T03:55:40Z,2024-05-29T05:04:40Z,59,57,abandoned,game_console,SD,KR,0,watchlist
VEW002177,USR0182,MOV0055,2026-05-22T03:20:15Z,2026-05-22T05:07:15Z,107,79,abandoned,tablet,FHD,KR,0,watchlist
VEW002178,USR0182,MOV0091,2025-11-22T18:12:45Z,2025-11-22T19:47:45Z,82,71,abandoned,web,4K,KR,0,home_recommendation
VEW002179,USR0182,MOV0049,2024-07-24T19:03:13Z,2024-07-24T19:48:13Z,37,26,abandoned,smart_tv,4K,KR,0,trending
VEW002180,USR0182,MOV0187,2024-12-03T13:07:43Z,2024-12-03T13:32:43Z,23,27,abandoned,tablet,FHD,KR,0,home_recommendation
VEW002181,USR0182,MOV0114,2025-05-17T12:59:17Z,2025-05-17T14:26:17Z,81,74,abandoned,mobile,HD,KR,0,watchlist
VEW002182,USR0182,MOV0176,2025-11-24T02:58:09Z,2025-11-24T04:53:09Z,97,67,abandoned,game_console,SD,KR,0,watchlist
VEW002183,USR0182,MOV0101,2024-06-17T07:07:52Z,2024-06-17T08:13:52Z,48,32,abandoned,tablet,FHD,KR,0,watchlist
VEW002184,USR0182,MOV0115,2024-07-31T18:22:11Z,2024-07-31T19:16:11Z,44,30,abandoned,smart_tv,SD,KR,0,friend_share
VEW002185,USR0183,MOV0070,2025-06-06T13:46:27Z,2025-06-06T15:37:27Z,96,89,completed,tablet,FHD,KR,0,friend_share
VEW002186,USR0183,MOV0084,2026-06-14T16:31:57Z,2026-06-14T18:46:57Z,131,88,completed,web,HD,KR,0,search
VEW002187,USR0183,MOV0152,2025-09-20T13:19:24Z,2025-09-20T15:17:24Z,114,91,completed,tablet,HD,KR,0,search
VEW002188,USR0183,MOV0199,2025-08-04T11:02:38Z,2025-08-04T11:32:38Z,25,23,abandoned,mobile,FHD,KR,0,friend_share
VEW002189,USR0183,MOV0188,2026-06-18T10:26:16Z,2026-06-18T10:59:16Z,32,37,abandoned,mobile,4K,KR,0,trending
VEW002190,USR0183,MOV0018,2025-04-15T18:51:13Z,2025-04-15T19:25:13Z,26,23,abandoned,smart_tv,FHD,KR,0,home_recommendation
VEW002191,USR0183,MOV0161,2026-04-11T23:32:45Z,2026-04-12T00:40:45Z,56,37,abandoned,tablet,FHD,KR,0,home_recommendation
VEW002192,USR0183,MOV0067,2026-03-12T07:33:11Z,2026-03-12T08:35:11Z,62,57,abandoned,tablet,SD,KR,0,watchlist
VEW002193,USR0183,MOV0130,2025-03-23T03:53:10Z,2025-03-23T04:45:10Z,47,37,abandoned,web,FHD,KR,0,watchlist
VEW002194,USR0183,MOV0171,2026-07-16T16:55:03Z,2026-07-16T17:44:03Z,41,32,abandoned,mobile,SD,KR,0,trending
VEW002195,USR0183,MOV0010,2025-10-12T03:19:29Z,2025-10-12T04:00:29Z,41,32,abandoned,smart_tv,SD,KR,0,search
VEW002196,USR0183,MOV0035,2026-01-30T10:26:50Z,2026-01-30T12:20:50Z,108,96,completed,game_console,4K,KR,0,friend_share
VEW002197,USR0184,MOV0133,2026-02-10T16:27:52Z,2026-02-10T18:41:52Z,131,91,completed,web,HD,KR,0,watchlist
VEW002198,USR0184,MOV0099,2026-02-13T18:17:55Z,2026-02-13T20:42:55Z,127,98,completed,smart_tv,FHD,KR,0,home_recommendation
VEW002199,USR0184,MOV0190,2026-06-03T13:46:37Z,2026-06-03T16:19:37Z,149,93,completed,web,SD,KR,0,friend_share
VEW002200,USR0184,MOV0085,2026-07-05T08:48:37Z,2026-07-05T10:55:37Z,110,87,completed,tablet,FHD,KR,0,search
VEW002201,USR0184,MOV0053,2026-02-24T16:03:35Z,2026-02-24T16:50:35Z,46,47,abandoned,game_console,HD,KR,0,search
VEW002202,USR0184,MOV0121,2026-03-16T10:21:49Z,2026-03-16T12:12:49Z,96,81,abandoned,tablet,SD,KR,0,trending
VEW002203,USR0184,MOV0134,2025-03-31T03:25:57Z,2025-03-31T04:34:57Z,63,62,abandoned,tablet,SD,KR,0,search
VEW002204,USR0184,MOV0010,2025-05-19T10:58:18Z,2025-05-19T12:47:18Z,101,78,abandoned,tablet,HD,KR,0,friend_share
VEW002205,USR0184,MOV0007,2025-10-15T16:25:47Z,2025-10-15T17:33:47Z,67,71,abandoned,tablet,SD,KR,0,search
VEW002206,USR0184,MOV0135,2025-03-05T22:54:30Z,2025-03-06T01:02:30Z,119,86,completed,tablet,4K,KR,0,home_recommendation
VEW002207,USR0184,MOV0033,2025-11-27T03:55:00Z,2025-11-27T04:46:00Z,33,37,abandoned,mobile,4K,KR,0,search
VEW002208,USR0184,MOV0029,2026-04-15T10:54:37Z,2026-04-15T12:08:37Z,66,56,abandoned,game_console,SD,KR,0,home_recommendation
VEW002209,USR0185,MOV0187,2025-12-03T03:46:03Z,2025-12-03T05:25:03Z,84,96,completed,tablet,4K,KR,0,search
VEW002210,USR0185,MOV0096,2023-07-03T02:33:08Z,2023-07-03T04:42:08Z,111,97,completed,mobile,4K,KR,0,home_recommendation
VEW002211,USR0185,MOV0065,2025-09-09T10:01:19Z,2025-09-09T11:55:19Z,114,88,completed,smart_tv,4K,KR,0,trending
VEW002212,USR0185,MOV0007,2025-03-22T19:47:11Z,2025-03-22T21:00:11Z,73,78,abandoned,tablet,HD,KR,0,search
VEW002213,USR0185,MOV0124,2024-12-24T22:12:49Z,2024-12-24T23:03:49Z,51,53,abandoned,game_console,SD,KR,0,home_recommendation
VEW002214,USR0185,MOV0009,2025-11-08T04:04:41Z,2025-11-08T04:45:41Z,29,21,abandoned,mobile,FHD,KR,0,watchlist
VEW002215,USR0185,MOV0117,2026-04-17T05:18:22Z,2026-04-17T06:38:22Z,78,96,completed,web,HD,KR,0,friend_share
VEW002216,USR0185,MOV0014,2025-09-08T18:45:56Z,2025-09-08T19:34:56Z,45,33,abandoned,tablet,FHD,KR,0,search
VEW002217,USR0185,MOV0006,2022-11-25T18:47:28Z,2022-11-25T20:12:28Z,71,49,abandoned,game_console,FHD,KR,0,home_recommendation
VEW002218,USR0185,MOV0024,2026-04-13T14:50:19Z,2026-04-13T16:08:19Z,68,55,abandoned,smart_tv,SD,KR,0,trending
VEW002219,USR0185,MOV0047,2024-04-04T11:39:30Z,2024-04-04T12:43:30Z,55,78,abandoned,game_console,4K,KR,0,friend_share
VEW002220,USR0185,MOV0085,2026-05-24T05:23:16Z,2026-05-24T06:03:16Z,28,22,abandoned,game_console,FHD,KR,0,search
VEW002221,USR0186,MOV0172,2026-05-12T00:41:59Z,2026-05-12T03:04:59Z,126,93,completed,tablet,FHD,KR,0,watchlist
VEW002222,USR0186,MOV0197,2026-03-28T05:59:00Z,2026-03-28T07:51:00Z,94,89,completed,mobile,4K,KR,0,trending
VEW002223,USR0186,MOV0160,2026-06-02T18:31:30Z,2026-06-02T20:24:30Z,103,97,completed,web,FHD,KR,0,search
VEW002224,USR0186,MOV0037,2026-03-07T16:21:12Z,2026-03-07T16:47:12Z,23,24,abandoned,game_console,SD,KR,0,search
VEW002225,USR0186,MOV0144,2026-01-10T06:45:44Z,2026-01-10T08:49:44Z,121,74,abandoned,mobile,FHD,KR,0,search
VEW002226,USR0186,MOV0154,2026-06-29T04:00:11Z,2026-06-29T04:22:11Z,22,18,abandoned,web,HD,KR,0,friend_share
VEW002227,USR0186,MOV0019,2026-05-24T07:11:56Z,2026-05-24T08:42:56Z,77,79,abandoned,web,4K,KR,0,trending
VEW002228,USR0186,MOV0005,2025-12-30T13:57:06Z,2025-12-30T15:03:06Z,59,59,abandoned,mobile,SD,KR,0,search
VEW002229,USR0186,MOV0072,2026-07-19T19:05:35Z,2026-07-19T20:22:35Z,66,57,abandoned,mobile,FHD,KR,0,trending
VEW002230,USR0186,MOV0119,2026-06-20T23:50:21Z,2026-06-21T01:37:21Z,94,69,abandoned,tablet,SD,KR,0,friend_share
VEW002231,USR0186,MOV0077,2026-06-05T11:01:20Z,2026-06-05T12:09:20Z,64,67,abandoned,web,FHD,KR,0,friend_share
VEW002232,USR0186,MOV0028,2026-07-07T08:57:37Z,2026-07-07T10:54:37Z,105,99,completed,web,SD,KR,0,trending
VEW002233,USR0187,MOV0075,2025-02-27T00:48:25Z,2025-02-27T02:48:25Z,107,92,completed,tablet,HD,KR,0,home_recommendation
VEW002234,USR0187,MOV0061,2024-12-17T06:27:34Z,2024-12-17T08:31:34Z,110,96,completed,tablet,HD,KR,0,watchlist
VEW002235,USR0187,MOV0032,2024-02-03T01:24:55Z,2024-02-03T04:00:55Z,140,92,completed,mobile,SD,KR,0,trending
VEW002236,USR0187,MOV0175,2024-12-19T14:32:33Z,2024-12-19T15:34:33Z,51,45,abandoned,smart_tv,HD,KR,0,friend_share
VEW002237,USR0187,MOV0114,2025-03-05T01:50:10Z,2025-03-05T03:37:10Z,107,97,completed,smart_tv,4K,KR,0,trending
VEW002238,USR0187,MOV0154,2024-07-05T02:20:19Z,2024-07-05T04:18:19Z,118,96,completed,game_console,HD,KR,0,home_recommendation
VEW002239,USR0187,MOV0101,2024-03-19T11:01:48Z,2024-03-19T12:45:48Z,91,61,abandoned,web,FHD,KR,0,trending
VEW002240,USR0187,MOV0146,2026-04-10T11:33:23Z,2026-04-10T13:27:23Z,110,76,abandoned,tablet,HD,KR,0,trending
VEW002241,USR0187,MOV0044,2024-09-02T05:33:58Z,2024-09-02T08:12:58Z,155,96,completed,web,FHD,KR,0,watchlist
VEW002242,USR0187,MOV0145,2024-03-10T23:47:04Z,2024-03-11T01:27:04Z,88,65,abandoned,web,4K,KR,0,trending
VEW002243,USR0187,MOV0090,2022-07-14T15:41:58Z,2022-07-14T17:42:58Z,113,94,completed,web,4K,KR,0,search
VEW002244,USR0187,MOV0115,2023-06-14T10:11:11Z,2023-06-14T10:50:11Z,29,20,abandoned,game_console,4K,KR,0,friend_share
VEW002245,USR0188,MOV0086,2026-07-04T05:55:44Z,2026-07-04T08:17:44Z,130,99,completed,game_console,FHD,KR,0,home_recommendation
VEW002246,USR0188,MOV0055,2026-06-26T05:34:47Z,2026-06-26T07:42:47Z,128,95,completed,mobile,FHD,KR,0,watchlist
VEW002247,USR0188,MOV0028,2026-01-20T10:11:07Z,2026-01-20T12:04:07Z,99,93,completed,tablet,4K,KR,0,search
VEW002248,USR0188,MOV0015,2026-03-26T02:27:33Z,2026-03-26T05:16:33Z,156,100,completed,game_console,4K,KR,0,trending
VEW002249,USR0188,MOV0070,2026-01-08T01:06:38Z,2026-01-08T02:57:38Z,94,87,completed,game_console,SD,KR,0,friend_share
VEW002250,USR0188,MOV0013,2026-01-20T13:39:41Z,2026-01-20T14:31:41Z,42,30,abandoned,web,HD,KR,0,watchlist
VEW002251,USR0188,MOV0009,2026-07-11T02:20:06Z,2026-07-11T02:49:06Z,29,21,abandoned,smart_tv,4K,KR,0,home_recommendation
VEW002252,USR0188,MOV0134,2026-01-24T16:23:40Z,2026-01-24T17:50:40Z,77,76,abandoned,tablet,4K,KR,0,friend_share
VEW002253,USR0188,MOV0118,2026-06-27T18:14:37Z,2026-06-27T19:01:37Z,41,40,abandoned,game_console,SD,KR,0,watchlist
VEW002254,USR0188,MOV0155,2026-02-23T19:40:20Z,2026-02-23T21:21:20Z,87,71,abandoned,web,HD,KR,0,watchlist
VEW002255,USR0188,MOV0170,2026-01-01T05:42:17Z,2026-01-01T06:32:17Z,39,36,abandoned,game_console,SD,KR,0,watchlist
VEW002256,USR0188,MOV0090,2026-04-08T17:52:05Z,2026-04-08T18:41:05Z,49,41,abandoned,smart_tv,FHD,KR,0,friend_share
VEW002257,USR0189,MOV0119,2026-05-06T23:34:28Z,2026-05-07T01:52:28Z,136,100,completed,tablet,HD,KR,0,home_recommendation
VEW002258,USR0189,MOV0161,2025-08-31T16:08:13Z,2025-08-31T18:49:13Z,146,97,completed,mobile,HD,KR,0,home_recommendation
VEW002259,USR0189,MOV0020,2025-07-05T17:49:28Z,2025-07-05T19:27:28Z,95,89,completed,game_console,SD,KR,0,search
VEW002260,USR0189,MOV0109,2026-02-22T07:16:38Z,2026-02-22T07:46:38Z,29,23,abandoned,game_console,HD,KR,0,home_recommendation
VEW002261,USR0189,MOV0012,2026-06-13T23:56:11Z,2026-06-14T01:33:11Z,86,64,abandoned,mobile,FHD,KR,0,friend_share
VEW002262,USR0189,MOV0060,2026-06-29T22:42:25Z,2026-06-30T00:12:25Z,78,52,abandoned,web,FHD,KR,0,home_recommendation
VEW002263,USR0189,MOV0040,2026-01-28T04:15:19Z,2026-01-28T04:42:19Z,20,18,abandoned,game_console,SD,KR,0,watchlist
VEW002264,USR0189,MOV0094,2025-10-24T12:33:26Z,2025-10-24T14:13:26Z,97,76,abandoned,web,HD,KR,0,watchlist
VEW002265,USR0189,MOV0145,2026-03-07T21:20:55Z,2026-03-07T22:12:55Z,39,29,abandoned,tablet,4K,KR,0,friend_share
VEW002266,USR0189,MOV0025,2026-04-23T14:10:43Z,2026-04-23T15:02:43Z,36,23,abandoned,mobile,HD,KR,0,trending
VEW002267,USR0189,MOV0043,2025-08-14T20:47:07Z,2025-08-14T21:46:07Z,42,42,abandoned,smart_tv,4K,KR,0,home_recommendation
VEW002268,USR0189,MOV0062,2026-03-24T23:29:46Z,2026-03-25T00:36:46Z,49,33,abandoned,tablet,HD,KR,0,watchlist
VEW002269,USR0190,MOV0199,2026-06-15T18:09:42Z,2026-06-15T20:10:42Z,106,96,completed,game_console,SD,KR,0,home_recommendation
VEW002270,USR0190,MOV0087,2026-02-25T04:09:15Z,2026-02-25T05:51:15Z,91,93,completed,web,SD,KR,0,home_recommendation
VEW002271,USR0190,MOV0091,2026-05-04T16:41:15Z,2026-05-04T18:32:15Z,107,93,completed,tablet,FHD,KR,0,home_recommendation
VEW002272,USR0190,MOV0101,2026-03-06T16:05:13Z,2026-03-06T16:40:13Z,34,23,abandoned,game_console,HD,KR,0,home_recommendation
VEW002273,USR0190,MOV0175,2025-11-05T14:01:45Z,2025-11-05T15:33:45Z,74,65,abandoned,game_console,SD,KR,0,search
VEW002274,USR0190,MOV0104,2025-12-17T18:54:50Z,2025-12-17T20:16:50Z,73,45,abandoned,smart_tv,4K,KR,0,home_recommendation
VEW002275,USR0190,MOV0196,2026-04-25T18:54:35Z,2026-04-25T20:18:35Z,68,56,abandoned,smart_tv,SD,KR,0,search
VEW002276,USR0190,MOV0105,2026-02-24T01:37:00Z,2026-02-24T03:12:00Z,81,72,abandoned,smart_tv,SD,KR,0,search
VEW002277,USR0190,MOV0079,2025-12-16T05:48:05Z,2025-12-16T08:06:05Z,122,80,abandoned,game_console,SD,KR,0,home_recommendation
VEW002278,USR0190,MOV0047,2026-05-22T11:58:00Z,2026-05-22T13:02:00Z,59,83,abandoned,mobile,HD,KR,0,home_recommendation
VEW002279,USR0190,MOV0122,2026-04-10T23:09:58Z,2026-04-11T00:20:58Z,63,48,abandoned,game_console,FHD,KR,0,home_recommendation
VEW002280,USR0190,MOV0168,2026-03-20T23:35:41Z,2026-03-21T01:19:41Z,90,93,completed,web,FHD,KR,0,search
VEW002281,USR0191,MOV0138,2025-11-05T19:35:29Z,2025-11-05T21:17:29Z,85,96,completed,tablet,4K,KR,0,home_recommendation
VEW002282,USR0191,MOV0189,2026-06-15T21:12:15Z,2026-06-15T23:37:15Z,139,90,completed,smart_tv,HD,KR,0,home_recommendation
VEW002283,USR0191,MOV0176,2024-11-17T13:36:53Z,2024-11-17T16:06:53Z,139,96,completed,smart_tv,HD,KR,0,trending
VEW002284,USR0191,MOV0155,2025-11-16T13:03:15Z,2025-11-16T13:58:15Z,44,36,abandoned,web,HD,KR,0,search
VEW002285,USR0191,MOV0009,2026-06-11T12:47:05Z,2026-06-11T13:16:05Z,27,20,abandoned,tablet,SD,KR,0,home_recommendation
VEW002286,USR0191,MOV0074,2026-03-13T12:43:24Z,2026-03-13T13:48:24Z,53,38,abandoned,game_console,FHD,KR,0,home_recommendation
VEW002287,USR0191,MOV0014,2025-09-16T00:40:27Z,2025-09-16T02:17:27Z,91,67,abandoned,tablet,HD,KR,0,home_recommendation
VEW002288,USR0191,MOV0125,2025-09-07T04:36:45Z,2025-09-07T05:39:45Z,56,62,abandoned,tablet,4K,KR,0,home_recommendation
VEW002289,USR0191,MOV0028,2025-11-13T12:20:44Z,2025-11-13T14:03:44Z,99,93,completed,game_console,4K,KR,0,home_recommendation
VEW002290,USR0191,MOV0093,2025-01-19T19:10:46Z,2025-01-19T21:19:46Z,111,97,completed,web,FHD,KR,0,trending
VEW002291,USR0191,MOV0082,2024-11-05T20:46:09Z,2024-11-05T21:18:09Z,30,21,abandoned,smart_tv,SD,KR,0,friend_share
VEW002292,USR0191,MOV0035,2026-04-14T00:29:45Z,2026-04-14T02:02:45Z,89,79,abandoned,web,FHD,KR,0,watchlist
VEW002293,USR0192,MOV0076,2026-06-22T18:55:51Z,2026-06-22T21:20:51Z,142,94,completed,tablet,4K,KR,0,home_recommendation
VEW002294,USR0192,MOV0086,2026-02-18T23:42:00Z,2026-02-19T01:42:00Z,118,90,completed,game_console,FHD,KR,0,trending
VEW002295,USR0192,MOV0116,2026-01-20T02:23:01Z,2026-01-20T04:22:01Z,105,92,completed,web,4K,KR,0,home_recommendation
VEW002296,USR0192,MOV0168,2025-12-13T12:37:06Z,2025-12-13T14:21:06Z,89,92,completed,web,FHD,KR,0,home_recommendation
VEW002297,USR0192,MOV0182,2025-12-13T21:04:40Z,2025-12-13T22:27:40Z,78,59,abandoned,tablet,4K,KR,0,watchlist
VEW002298,USR0192,MOV0065,2026-02-17T04:27:52Z,2026-02-17T06:26:52Z,110,85,completed,smart_tv,HD,KR,0,search
VEW002299,USR0192,MOV0067,2026-04-11T16:10:24Z,2026-04-11T17:32:24Z,70,64,abandoned,web,HD,KR,0,home_recommendation
VEW002300,USR0192,MOV0139,2026-02-26T13:31:22Z,2026-02-26T15:03:22Z,86,80,abandoned,mobile,FHD,KR,0,trending
VEW002301,USR0192,MOV0180,2026-06-18T23:11:06Z,2026-06-18T23:46:06Z,34,23,abandoned,mobile,4K,KR,0,friend_share
VEW002302,USR0192,MOV0156,2026-01-17T16:14:13Z,2026-01-17T17:48:13Z,83,86,completed,mobile,4K,KR,0,friend_share
VEW002303,USR0192,MOV0173,2025-12-21T12:06:23Z,2025-12-21T12:50:23Z,39,29,abandoned,tablet,FHD,KR,0,watchlist
VEW002304,USR0192,MOV0110,2026-05-08T01:19:40Z,2026-05-08T02:42:40Z,76,49,abandoned,tablet,SD,KR,0,home_recommendation
VEW002305,USR0193,MOV0158,2024-04-04T12:51:53Z,2024-04-04T14:23:53Z,91,93,completed,web,HD,KR,0,trending
VEW002306,USR0193,MOV0108,2026-04-28T19:09:08Z,2026-04-28T21:09:08Z,108,92,completed,tablet,SD,KR,0,watchlist
VEW002307,USR0193,MOV0094,2024-08-03T03:37:21Z,2024-08-03T05:47:21Z,114,89,completed,smart_tv,4K,KR,0,friend_share
VEW002308,USR0193,MOV0195,2026-07-09T09:29:30Z,2026-07-09T12:05:30Z,153,100,completed,mobile,SD,KR,0,watchlist
VEW002309,USR0193,MOV0102,2025-08-28T22:40:29Z,2025-08-28T23:05:29Z,24,26,abandoned,web,HD,KR,0,watchlist
VEW002310,USR0193,MOV0081,2026-01-01T12:32:49Z,2026-01-01T13:31:49Z,47,29,abandoned,game_console,FHD,KR,0,friend_share
VEW002311,USR0193,MOV0155,2024-12-11T02:22:16Z,2024-12-11T04:31:16Z,116,95,completed,smart_tv,FHD,KR,0,friend_share
VEW002312,USR0193,MOV0062,2026-05-15T05:40:06Z,2026-05-15T07:20:06Z,82,55,abandoned,game_console,FHD,KR,0,search
VEW002313,USR0193,MOV0191,2024-01-03T13:32:17Z,2024-01-03T15:44:17Z,118,73,abandoned,web,4K,KR,0,home_recommendation
VEW002314,USR0193,MOV0109,2025-09-24T00:36:24Z,2025-09-24T02:00:24Z,73,57,abandoned,tablet,HD,KR,0,search
VEW002315,USR0193,MOV0004,2024-07-02T05:53:38Z,2024-07-02T07:41:38Z,94,73,abandoned,mobile,4K,KR,0,trending
VEW002316,USR0193,MOV0030,2023-09-13T06:27:37Z,2023-09-13T07:40:37Z,57,50,abandoned,game_console,FHD,KR,0,watchlist
VEW002317,USR0194,MOV0096,2026-02-23T01:57:08Z,2026-02-23T04:06:08Z,111,97,completed,web,4K,KR,0,search
VEW002318,USR0194,MOV0109,2026-05-22T19:11:20Z,2026-05-22T21:32:20Z,124,97,completed,game_console,FHD,KR,0,search
VEW002319,USR0194,MOV0123,2026-06-11T01:01:42Z,2026-06-11T02:56:42Z,97,94,completed,tablet,FHD,KR,0,search
VEW002320,USR0194,MOV0005,2025-04-03T19:04:05Z,2025-04-03T20:35:05Z,84,84,abandoned,game_console,4K,KR,0,trending
VEW002321,USR0194,MOV0149,2026-02-24T19:19:50Z,2026-02-24T20:47:50Z,82,58,abandoned,web,FHD,KR,0,home_recommendation
VEW002322,USR0194,MOV0064,2025-05-12T03:31:13Z,2025-05-12T04:42:13Z,54,41,abandoned,smart_tv,FHD,KR,0,search
VEW002323,USR0194,MOV0127,2025-08-31T23:40:40Z,2025-09-01T01:11:40Z,73,71,abandoned,web,SD,KR,0,search
VEW002324,USR0194,MOV0059,2025-09-27T11:09:42Z,2025-09-27T12:04:42Z,50,36,abandoned,mobile,FHD,KR,0,search
VEW002325,USR0194,MOV0087,2026-01-21T09:13:48Z,2026-01-21T10:10:48Z,41,42,abandoned,smart_tv,SD,KR,0,friend_share
VEW002326,USR0194,MOV0147,2025-07-24T10:58:13Z,2025-07-24T11:57:13Z,58,70,abandoned,smart_tv,4K,KR,0,watchlist
VEW002327,USR0194,MOV0198,2025-06-29T15:49:10Z,2025-06-29T16:48:10Z,55,48,abandoned,game_console,4K,KR,0,search
VEW002328,USR0194,MOV0007,2025-11-04T01:33:19Z,2025-11-04T03:00:19Z,72,77,abandoned,web,HD,KR,0,friend_share
VEW002329,USR0195,MOV0032,2026-04-24T21:42:07Z,2026-04-25T00:06:07Z,138,91,completed,tablet,SD,KR,0,trending
VEW002330,USR0195,MOV0196,2025-07-05T11:42:46Z,2025-07-05T13:38:46Z,108,89,completed,mobile,SD,KR,0,watchlist
VEW002331,USR0195,MOV0006,2026-03-13T00:56:49Z,2026-03-13T03:16:49Z,131,90,completed,game_console,4K,KR,0,watchlist
VEW002332,USR0195,MOV0193,2026-07-09T10:42:11Z,2026-07-09T11:31:11Z,39,29,abandoned,game_console,HD,KR,0,search
VEW002333,USR0195,MOV0172,2026-07-19T16:04:05Z,2026-07-19T18:06:05Z,108,80,abandoned,tablet,FHD,KR,0,trending
VEW002334,USR0195,MOV0154,2025-07-28T13:05:01Z,2025-07-28T13:54:01Z,33,27,abandoned,tablet,4K,KR,0,watchlist
VEW002335,USR0195,MOV0056,2026-04-30T16:25:59Z,2026-04-30T16:48:59Z,21,19,abandoned,web,HD,KR,0,home_recommendation
VEW002336,USR0195,MOV0157,2026-01-05T10:27:26Z,2026-01-05T11:38:26Z,53,71,abandoned,game_console,4K,KR,0,watchlist
VEW002337,USR0195,MOV0108,2026-04-27T23:24:51Z,2026-04-28T00:50:51Z,68,58,abandoned,tablet,FHD,KR,0,home_recommendation
VEW002338,USR0195,MOV0119,2025-09-11T18:38:15Z,2025-09-11T20:58:15Z,125,92,completed,tablet,SD,KR,0,home_recommendation
VEW002339,USR0195,MOV0082,2025-05-23T12:32:50Z,2025-05-23T13:59:50Z,78,54,abandoned,game_console,4K,KR,0,home_recommendation
VEW002340,USR0195,MOV0169,2026-04-14T06:44:08Z,2026-04-14T08:59:08Z,125,82,abandoned,smart_tv,SD,KR,0,friend_share
VEW002341,USR0196,MOV0036,2025-12-03T14:28:43Z,2025-12-03T16:05:43Z,96,91,completed,game_console,SD,KR,0,friend_share
VEW002342,USR0196,MOV0025,2025-12-23T06:59:16Z,2025-12-23T09:32:16Z,151,96,completed,tablet,HD,KR,0,search
VEW002343,USR0196,MOV0135,2026-03-02T14:15:57Z,2026-03-02T16:28:57Z,128,93,completed,game_console,4K,KR,0,search
VEW002344,USR0196,MOV0094,2026-05-22T21:51:26Z,2026-05-22T22:46:26Z,54,42,abandoned,tablet,FHD,KR,0,home_recommendation
VEW002345,USR0196,MOV0106,2025-12-03T11:18:01Z,2025-12-03T12:04:01Z,35,30,abandoned,web,HD,KR,0,watchlist
VEW002346,USR0196,MOV0146,2025-11-30T10:12:33Z,2025-11-30T12:09:33Z,113,78,abandoned,mobile,SD,KR,0,home_recommendation
VEW002347,USR0196,MOV0091,2026-07-05T16:40:40Z,2026-07-05T17:56:40Z,60,52,abandoned,tablet,FHD,KR,0,search
VEW002348,USR0196,MOV0118,2026-05-24T10:10:21Z,2026-05-24T11:03:21Z,44,43,abandoned,web,SD,KR,0,friend_share
VEW002349,USR0196,MOV0108,2026-07-03T21:45:24Z,2026-07-03T23:05:24Z,69,59,abandoned,smart_tv,SD,KR,0,search
VEW002350,USR0196,MOV0079,2025-12-25T03:30:44Z,2025-12-25T04:17:44Z,31,20,abandoned,smart_tv,HD,KR,0,watchlist
VEW002351,USR0196,MOV0157,2026-02-07T06:41:45Z,2026-02-07T07:25:45Z,41,54,abandoned,tablet,SD,KR,0,search
VEW002352,USR0196,MOV0050,2026-05-28T03:29:02Z,2026-05-28T05:13:02Z,92,65,abandoned,tablet,FHD,KR,0,friend_share
VEW002353,USR0197,MOV0141,2026-01-14T11:37:21Z,2026-01-14T13:26:21Z,95,96,completed,game_console,SD,KR,0,trending
VEW002354,USR0197,MOV0038,2026-05-22T16:21:51Z,2026-05-22T18:17:51Z,99,88,completed,web,SD,KR,0,home_recommendation
VEW002355,USR0197,MOV0020,2024-09-16T09:31:52Z,2024-09-16T11:15:52Z,94,88,completed,web,SD,KR,0,trending
VEW002356,USR0197,MOV0045,2025-04-15T02:02:16Z,2025-04-15T02:45:16Z,42,30,abandoned,tablet,FHD,KR,0,home_recommendation
VEW002357,USR0197,MOV0169,2026-07-01T12:53:23Z,2026-07-01T14:14:23Z,76,50,abandoned,tablet,HD,KR,0,watchlist
VEW002358,USR0197,MOV0124,2026-04-05T19:03:36Z,2026-04-05T19:26:36Z,18,19,abandoned,tablet,FHD,KR,0,friend_share
VEW002359,USR0197,MOV0072,2024-10-06T07:37:03Z,2024-10-06T08:09:03Z,21,18,abandoned,game_console,FHD,KR,0,watchlist
VEW002360,USR0197,MOV0096,2025-05-09T00:52:29Z,2025-05-09T02:04:29Z,65,57,abandoned,web,4K,KR,0,watchlist
VEW002361,USR0197,MOV0101,2025-12-01T00:09:53Z,2025-12-01T01:50:53Z,97,65,abandoned,web,FHD,KR,0,home_recommendation
VEW002362,USR0197,MOV0144,2025-07-06T02:56:38Z,2025-07-06T03:52:38Z,52,32,abandoned,web,HD,KR,0,search
VEW002363,USR0197,MOV0178,2026-06-17T18:22:10Z,2026-06-17T19:09:10Z,45,39,abandoned,tablet,FHD,KR,0,trending
VEW002364,USR0197,MOV0011,2025-01-19T19:28:00Z,2025-01-19T21:16:00Z,107,96,completed,tablet,FHD,KR,0,home_recommendation
VEW002365,USR0198,MOV0055,2026-02-13T15:06:48Z,2026-02-13T17:27:48Z,130,96,completed,web,HD,KR,0,friend_share
VEW002366,USR0198,MOV0133,2024-01-12T01:14:06Z,2024-01-12T03:46:06Z,135,94,completed,mobile,4K,KR,0,watchlist
VEW002367,USR0198,MOV0093,2026-07-04T00:26:50Z,2026-07-04T02:13:50Z,106,93,completed,smart_tv,HD,KR,0,friend_share
VEW002368,USR0198,MOV0127,2022-04-30T20:30:04Z,2022-04-30T22:09:04Z,95,92,completed,mobile,4K,KR,0,friend_share
VEW002369,USR0198,MOV0128,2024-09-10T19:40:12Z,2024-09-10T20:55:12Z,57,63,abandoned,mobile,SD,KR,0,watchlist
VEW002370,USR0198,MOV0063,2026-05-18T00:24:28Z,2026-05-18T02:27:28Z,111,96,completed,tablet,FHD,KR,0,watchlist
VEW002371,USR0198,MOV0010,2025-12-10T02:33:07Z,2025-12-10T04:12:07Z,85,66,abandoned,smart_tv,HD,KR,0,search
VEW002372,USR0198,MOV0106,2026-05-25T06:06:37Z,2026-05-25T07:11:37Z,49,42,abandoned,smart_tv,FHD,KR,0,watchlist
VEW002373,USR0198,MOV0051,2025-12-01T06:41:39Z,2025-12-01T08:18:39Z,84,72,abandoned,tablet,HD,KR,0,friend_share
VEW002374,USR0198,MOV0177,2023-10-11T06:55:21Z,2023-10-11T08:16:21Z,63,89,completed,mobile,HD,KR,0,trending
VEW002375,USR0198,MOV0023,2023-01-10T21:25:29Z,2023-01-10T22:10:29Z,42,28,abandoned,mobile,HD,KR,0,trending
VEW002376,USR0198,MOV0017,2025-01-04T14:51:47Z,2025-01-04T15:38:47Z,40,39,abandoned,game_console,4K,KR,0,friend_share
VEW002377,USR0199,MOV0036,2025-08-16T13:28:47Z,2025-08-16T15:31:47Z,106,100,completed,web,FHD,KR,0,watchlist
VEW002378,USR0199,MOV0001,2024-11-09T16:48:56Z,2024-11-09T19:10:56Z,142,100,completed,game_console,4K,KR,0,home_recommendation
VEW002379,USR0199,MOV0181,2024-06-12T14:00:13Z,2024-06-12T16:34:13Z,141,97,completed,tablet,HD,KR,0,watchlist
VEW002380,USR0199,MOV0163,2026-07-14T09:23:17Z,2026-07-14T10:39:17Z,73,59,abandoned,smart_tv,4K,KR,0,trending
VEW002381,USR0199,MOV0196,2026-06-04T01:00:11Z,2026-06-04T02:49:11Z,99,82,abandoned,game_console,4K,KR,0,friend_share
VEW002382,USR0199,MOV0021,2026-03-10T12:52:33Z,2026-03-10T15:36:33Z,155,96,completed,smart_tv,SD,KR,0,watchlist
VEW002383,USR0199,MOV0105,2024-08-10T14:50:03Z,2024-08-10T15:48:03Z,57,51,abandoned,mobile,FHD,KR,0,friend_share
VEW002384,USR0199,MOV0165,2026-07-11T21:22:45Z,2026-07-11T22:21:45Z,50,41,abandoned,web,SD,KR,0,search
VEW002385,USR0199,MOV0109,2026-05-16T15:21:10Z,2026-05-16T17:14:10Z,111,87,completed,game_console,HD,KR,0,home_recommendation
VEW002386,USR0199,MOV0144,2024-10-25T20:54:18Z,2024-10-25T23:18:18Z,143,88,completed,smart_tv,FHD,KR,0,watchlist
VEW002387,USR0199,MOV0159,2025-03-11T02:33:15Z,2025-03-11T03:48:15Z,72,53,abandoned,tablet,SD,KR,0,friend_share
VEW002388,USR0199,MOV0024,2023-11-03T23:50:45Z,2023-11-04T00:54:45Z,60,49,abandoned,mobile,SD,KR,0,home_recommendation
VEW002389,USR0200,MOV0199,2025-05-07T01:10:53Z,2025-05-07T03:11:53Z,110,100,completed,mobile,FHD,KR,0,home_recommendation
VEW002390,USR0200,MOV0065,2025-12-26T20:04:21Z,2025-12-26T22:19:21Z,117,91,completed,game_console,4K,KR,0,home_recommendation
VEW002391,USR0200,MOV0183,2026-07-16T22:40:28Z,2026-07-17T00:38:28Z,103,93,completed,tablet,HD,KR,0,home_recommendation
VEW002392,USR0200,MOV0012,2025-10-09T17:30:46Z,2025-10-09T19:40:46Z,112,83,abandoned,web,FHD,KR,0,home_recommendation
VEW002393,USR0200,MOV0059,2025-06-01T01:11:24Z,2025-06-01T03:05:24Z,98,71,abandoned,web,HD,KR,0,watchlist
VEW002394,USR0200,MOV0049,2025-08-02T14:58:00Z,2025-08-02T17:04:00Z,125,87,completed,tablet,4K,KR,0,watchlist
VEW002395,USR0200,MOV0179,2026-07-13T23:10:55Z,2026-07-14T00:56:55Z,98,75,abandoned,tablet,4K,KR,0,watchlist
VEW002396,USR0200,MOV0039,2025-05-22T07:58:57Z,2025-05-22T08:52:57Z,49,31,abandoned,smart_tv,SD,KR,0,search
VEW002397,USR0200,MOV0032,2026-05-04T18:12:13Z,2026-05-04T19:32:13Z,74,49,abandoned,tablet,SD,KR,0,trending
VEW002398,USR0200,MOV0172,2026-06-05T16:06:32Z,2026-06-05T16:52:32Z,39,29,abandoned,web,HD,KR,0,trending
VEW002399,USR0200,MOV0072,2025-06-25T10:12:02Z,2025-06-25T11:22:02Z,63,55,abandoned,mobile,HD,KR,0,home_recommendation
VEW002400,USR0200,MOV0123,2026-04-30T08:26:21Z,2026-04-30T09:42:21Z,69,67,abandoned,smart_tv,HD,KR,0,home_recommendation
VEW002401,USR0201,MOV0122,2026-03-09T21:24:09Z,2026-03-09T23:48:09Z,132,100,completed,smart_tv,4K,KR,0,friend_share
VEW002402,USR0201,MOV0100,2026-04-25T14:21:31Z,2026-04-25T16:13:31Z,109,96,completed,tablet,FHD,KR,0,friend_share
VEW002403,USR0201,MOV0023,2025-04-28T22:26:10Z,2025-04-29T00:58:10Z,135,90,completed,mobile,4K,KR,0,trending
VEW002404,USR0201,MOV0091,2026-04-25T04:56:02Z,2026-04-25T05:48:02Z,45,39,abandoned,tablet,FHD,KR,0,search
VEW002405,USR0201,MOV0040,2026-06-29T08:03:48Z,2026-06-29T09:38:48Z,86,78,abandoned,smart_tv,SD,KR,0,home_recommendation
VEW002406,USR0201,MOV0186,2026-04-30T03:29:46Z,2026-04-30T05:19:46Z,97,64,abandoned,tablet,4K,KR,0,home_recommendation
VEW002407,USR0201,MOV0130,2026-05-01T22:06:23Z,2026-05-01T23:03:23Z,47,37,abandoned,game_console,4K,KR,0,home_recommendation
VEW002408,USR0201,MOV0160,2026-06-27T06:47:55Z,2026-06-27T08:39:55Z,95,90,completed,smart_tv,4K,KR,0,search
VEW002409,USR0201,MOV0149,2024-10-16T04:24:05Z,2024-10-16T06:10:05Z,94,66,abandoned,web,FHD,KR,0,trending
VEW002410,USR0201,MOV0059,2025-10-18T13:26:06Z,2025-10-18T15:05:06Z,86,62,abandoned,game_console,FHD,KR,0,trending
VEW002411,USR0201,MOV0055,2026-05-01T00:08:07Z,2026-05-01T01:40:07Z,78,58,abandoned,game_console,FHD,KR,0,trending
VEW002412,USR0201,MOV0123,2024-12-28T15:54:30Z,2024-12-28T16:32:30Z,32,31,abandoned,web,HD,KR,0,watchlist
VEW002413,USR0202,MOV0134,2025-01-01T18:19:02Z,2025-01-01T19:50:02Z,90,89,completed,game_console,FHD,KR,0,home_recommendation
VEW002414,USR0202,MOV0040,2025-04-21T09:42:37Z,2025-04-21T11:38:37Z,105,95,completed,smart_tv,4K,KR,0,home_recommendation
VEW002415,USR0202,MOV0198,2025-08-30T08:05:08Z,2025-08-30T10:05:08Z,114,100,completed,mobile,SD,KR,0,watchlist
VEW002416,USR0202,MOV0018,2026-05-02T05:31:41Z,2026-05-02T06:15:41Z,39,34,abandoned,web,FHD,KR,0,watchlist
VEW002417,USR0202,MOV0027,2025-04-09T05:17:48Z,2025-04-09T06:10:48Z,47,46,abandoned,smart_tv,HD,KR,0,trending
VEW002418,USR0202,MOV0165,2025-02-06T22:39:14Z,2025-02-06T23:21:14Z,41,34,abandoned,web,4K,KR,0,search
VEW002419,USR0202,MOV0010,2025-02-12T11:15:21Z,2025-02-12T12:07:21Z,41,32,abandoned,web,HD,KR,0,trending
VEW002420,USR0202,MOV0031,2025-09-07T20:43:29Z,2025-09-07T21:12:29Z,29,30,abandoned,mobile,HD,KR,0,home_recommendation
VEW002421,USR0202,MOV0107,2025-11-29T01:34:34Z,2025-11-29T01:59:34Z,25,25,abandoned,game_console,FHD,KR,0,watchlist
VEW002422,USR0202,MOV0110,2026-05-13T04:49:14Z,2026-05-13T05:53:14Z,50,32,abandoned,mobile,SD,KR,0,home_recommendation
VEW002423,USR0202,MOV0118,2026-05-22T19:10:00Z,2026-05-22T19:34:00Z,19,18,abandoned,mobile,SD,KR,0,friend_share
VEW002424,USR0202,MOV0104,2026-03-20T14:47:44Z,2026-03-20T16:49:44Z,111,68,abandoned,game_console,SD,KR,0,home_recommendation
VEW002425,USR0203,MOV0200,2025-12-30T18:37:38Z,2025-12-30T20:08:38Z,91,99,completed,smart_tv,SD,KR,0,search
VEW002426,USR0203,MOV0141,2026-07-01T15:41:35Z,2026-07-01T17:27:35Z,94,95,completed,tablet,HD,KR,0,watchlist
VEW002427,USR0203,MOV0107,2026-02-09T10:33:19Z,2026-02-09T12:12:19Z,87,89,completed,game_console,HD,KR,0,search
VEW002428,USR0203,MOV0163,2026-05-02T07:52:29Z,2026-05-02T09:16:29Z,76,61,abandoned,tablet,4K,KR,0,search
VEW002429,USR0203,MOV0120,2024-02-06T19:21:40Z,2024-02-06T20:33:40Z,57,61,abandoned,game_console,HD,KR,0,watchlist
VEW002430,USR0203,MOV0174,2022-10-01T05:52:41Z,2022-10-01T06:49:41Z,39,30,abandoned,mobile,HD,KR,0,watchlist
VEW002431,USR0203,MOV0020,2024-08-16T22:12:44Z,2024-08-16T23:59:44Z,91,85,completed,web,4K,KR,0,watchlist
VEW002432,USR0203,MOV0050,2026-03-20T00:32:39Z,2026-03-20T02:39:39Z,124,87,completed,web,4K,KR,0,home_recommendation
VEW002433,USR0203,MOV0025,2026-06-09T10:11:26Z,2026-06-09T12:25:26Z,127,81,abandoned,game_console,SD,KR,0,search
VEW002434,USR0203,MOV0054,2026-07-16T22:38:35Z,2026-07-17T00:06:35Z,76,71,abandoned,web,HD,KR,0,search
VEW002435,USR0203,MOV0028,2022-08-31T12:53:41Z,2022-08-31T13:54:41Z,43,41,abandoned,tablet,FHD,KR,0,trending
VEW002436,USR0203,MOV0046,2025-05-01T07:56:13Z,2025-05-01T08:33:13Z,32,26,abandoned,game_console,4K,KR,0,friend_share
VEW002437,USR0204,MOV0148,2026-02-28T01:12:26Z,2026-02-28T03:07:26Z,114,99,completed,smart_tv,4K,KR,0,trending
VEW002438,USR0204,MOV0156,2024-09-30T13:10:49Z,2024-09-30T14:58:49Z,97,100,completed,web,FHD,KR,0,friend_share
VEW002439,USR0204,MOV0053,2026-04-02T19:02:16Z,2026-04-02T20:32:16Z,90,92,completed,web,FHD,KR,0,search
VEW002440,USR0204,MOV0078,2026-01-01T19:10:49Z,2026-01-01T20:51:49Z,92,81,abandoned,tablet,4K,KR,0,watchlist
VEW002441,USR0204,MOV0042,2026-03-14T11:01:21Z,2026-03-14T12:13:21Z,71,56,abandoned,tablet,FHD,KR,0,trending
VEW002442,USR0204,MOV0075,2026-02-22T02:04:08Z,2026-02-22T03:33:08Z,85,73,abandoned,web,SD,KR,0,friend_share
VEW002443,USR0204,MOV0153,2025-01-04T01:14:50Z,2025-01-04T02:18:50Z,53,37,abandoned,tablet,FHD,KR,0,search
VEW002444,USR0204,MOV0060,2026-05-15T14:38:59Z,2026-05-15T15:17:59Z,30,20,abandoned,web,FHD,KR,0,search
VEW002445,USR0204,MOV0023,2025-07-16T21:03:47Z,2025-07-16T22:55:47Z,99,66,abandoned,game_console,FHD,KR,0,home_recommendation
VEW002446,USR0204,MOV0107,2026-03-18T08:00:49Z,2026-03-18T09:32:49Z,89,91,completed,smart_tv,FHD,KR,0,watchlist
VEW002447,USR0204,MOV0151,2025-02-22T18:40:56Z,2025-02-22T19:38:56Z,49,53,abandoned,tablet,SD,KR,0,watchlist
VEW002448,USR0204,MOV0120,2023-11-29T07:15:30Z,2023-11-29T08:06:30Z,41,44,abandoned,smart_tv,4K,KR,0,trending
VEW002449,USR0205,MOV0130,2022-05-15T02:12:23Z,2022-05-15T04:26:23Z,118,94,completed,game_console,HD,KR,0,home_recommendation
VEW002450,USR0205,MOV0071,2025-10-17T03:49:34Z,2025-10-17T05:32:34Z,98,93,completed,smart_tv,FHD,KR,0,watchlist
VEW002451,USR0205,MOV0133,2025-08-05T06:22:12Z,2025-08-05T08:47:12Z,137,95,completed,web,FHD,KR,0,home_recommendation
VEW002452,USR0205,MOV0045,2026-06-06T18:46:36Z,2026-06-06T19:29:36Z,35,25,abandoned,game_console,SD,KR,0,trending
VEW002453,USR0205,MOV0161,2024-03-29T02:15:32Z,2024-03-29T04:05:32Z,97,64,abandoned,tablet,HD,KR,0,home_recommendation
VEW002454,USR0205,MOV0030,2024-01-12T06:27:54Z,2024-01-12T07:26:54Z,48,42,abandoned,game_console,SD,KR,0,trending
VEW002455,USR0205,MOV0006,2022-08-14T14:47:18Z,2022-08-14T16:45:18Z,110,76,abandoned,web,SD,KR,0,watchlist
VEW002456,USR0205,MOV0173,2025-02-02T14:48:14Z,2025-02-02T16:50:14Z,113,83,abandoned,mobile,HD,KR,0,friend_share
VEW002457,USR0205,MOV0005,2026-03-19T18:25:17Z,2026-03-19T19:56:17Z,88,88,completed,game_console,FHD,KR,0,search
VEW002458,USR0205,MOV0060,2026-07-13T22:50:49Z,2026-07-13T23:46:49Z,56,37,abandoned,game_console,SD,KR,0,search
VEW002459,USR0205,MOV0041,2026-05-08T17:56:49Z,2026-05-08T20:31:49Z,141,92,completed,smart_tv,FHD,KR,0,friend_share
VEW002460,USR0205,MOV0108,2026-07-02T22:47:40Z,2026-07-03T00:40:40Z,95,81,abandoned,tablet,HD,KR,0,home_recommendation
VEW002461,USR0206,MOV0159,2024-04-23T09:45:53Z,2024-04-23T11:57:53Z,128,94,completed,smart_tv,4K,KR,0,search
VEW002462,USR0206,MOV0057,2024-08-18T09:14:41Z,2024-08-18T10:49:41Z,87,88,completed,game_console,SD,KR,0,friend_share
VEW002463,USR0206,MOV0152,2026-03-21T23:03:57Z,2026-03-22T00:55:57Z,110,88,completed,smart_tv,4K,KR,0,friend_share
VEW002464,USR0206,MOV0014,2024-05-08T01:26:35Z,2024-05-08T03:04:35Z,90,66,abandoned,web,HD,KR,0,watchlist
VEW002465,USR0206,MOV0199,2024-12-30T09:48:04Z,2024-12-30T11:20:04Z,80,73,abandoned,web,4K,KR,0,search
VEW002466,USR0206,MOV0034,2024-07-19T23:24:23Z,2024-07-20T00:39:23Z,69,68,abandoned,game_console,FHD,KR,0,trending
VEW002467,USR0206,MOV0101,2025-03-06T06:55:02Z,2025-03-06T07:41:02Z,46,31,abandoned,tablet,HD,KR,0,home_recommendation
VEW002468,USR0206,MOV0135,2025-03-13T21:57:10Z,2025-03-14T00:09:10Z,131,95,completed,mobile,HD,KR,0,friend_share
VEW002469,USR0206,MOV0044,2025-12-06T12:42:53Z,2025-12-06T15:23:53Z,148,92,completed,web,SD,KR,0,trending
VEW002470,USR0206,MOV0143,2025-11-05T00:10:21Z,2025-11-05T01:27:21Z,69,66,abandoned,tablet,SD,KR,0,friend_share
VEW002471,USR0206,MOV0156,2025-09-07T22:28:03Z,2025-09-07T23:28:03Z,45,46,abandoned,web,4K,KR,0,search
VEW002472,USR0206,MOV0164,2025-02-13T22:27:02Z,2025-02-13T23:39:02Z,61,47,abandoned,smart_tv,HD,KR,0,friend_share
VEW002473,USR0207,MOV0109,2026-01-03T23:47:47Z,2026-01-04T02:04:47Z,125,98,completed,mobile,FHD,KR,0,friend_share
VEW002474,USR0207,MOV0040,2024-06-28T20:39:18Z,2024-06-28T22:29:18Z,109,99,completed,mobile,SD,KR,0,trending
VEW002475,USR0207,MOV0002,2026-07-19T07:06:34Z,2026-07-19T08:39:34Z,92,89,completed,smart_tv,FHD,KR,0,search
VEW002476,USR0207,MOV0190,2024-08-11T14:12:06Z,2024-08-11T16:46:06Z,146,91,completed,smart_tv,SD,KR,0,trending
VEW002477,USR0207,MOV0073,2022-11-23T18:56:00Z,2022-11-23T19:48:00Z,39,24,abandoned,mobile,4K,KR,0,trending
VEW002478,USR0207,MOV0052,2025-10-08T17:52:20Z,2025-10-08T19:53:20Z,118,73,abandoned,smart_tv,4K,KR,0,watchlist
VEW002479,USR0207,MOV0016,2026-06-11T23:05:45Z,2026-06-11T23:53:45Z,41,29,abandoned,mobile,4K,KR,0,home_recommendation
VEW002480,USR0207,MOV0191,2026-01-25T04:32:42Z,2026-01-25T05:47:42Z,63,39,abandoned,mobile,FHD,KR,0,home_recommendation
VEW002481,USR0207,MOV0175,2025-04-10T19:14:09Z,2025-04-10T21:10:09Z,112,98,completed,tablet,4K,KR,0,watchlist
VEW002482,USR0207,MOV0196,2025-06-25T07:47:34Z,2025-06-25T09:07:34Z,69,57,abandoned,mobile,FHD,KR,0,friend_share
VEW002483,USR0207,MOV0156,2024-04-10T19:48:48Z,2024-04-10T20:26:48Z,34,35,abandoned,mobile,SD,KR,0,watchlist
VEW002484,USR0207,MOV0023,2024-05-20T23:48:00Z,2024-05-21T01:47:00Z,117,78,abandoned,web,SD,KR,0,friend_share
VEW002485,USR0208,MOV0200,2026-04-11T16:54:02Z,2026-04-11T18:39:02Z,90,98,completed,mobile,FHD,KR,0,friend_share
VEW002486,USR0208,MOV0042,2026-05-22T00:42:47Z,2026-05-22T02:54:47Z,116,91,completed,game_console,FHD,KR,0,search
VEW002487,USR0208,MOV0025,2026-05-19T11:19:48Z,2026-05-19T14:04:48Z,151,96,completed,mobile,SD,KR,0,trending
VEW002488,USR0208,MOV0101,2026-04-05T13:17:13Z,2026-04-05T14:36:13Z,64,43,abandoned,game_console,FHD,KR,0,watchlist
VEW002489,USR0208,MOV0002,2026-01-14T01:45:32Z,2026-01-14T02:44:32Z,57,55,abandoned,web,HD,KR,0,home_recommendation
VEW002490,USR0208,MOV0127,2025-11-28T22:35:57Z,2025-11-28T23:08:57Z,24,23,abandoned,game_console,HD,KR,0,trending
VEW002491,USR0208,MOV0191,2026-07-08T19:34:26Z,2026-07-08T21:14:26Z,94,58,abandoned,tablet,HD,KR,0,watchlist
VEW002492,USR0208,MOV0060,2026-04-20T17:59:17Z,2026-04-20T19:29:17Z,74,49,abandoned,web,4K,KR,0,friend_share
VEW002493,USR0208,MOV0185,2026-06-16T23:52:24Z,2026-06-17T01:29:24Z,88,57,abandoned,smart_tv,SD,KR,0,watchlist
VEW002494,USR0208,MOV0118,2026-04-27T00:47:11Z,2026-04-27T02:05:11Z,71,69,abandoned,tablet,4K,KR,0,search
VEW002495,USR0208,MOV0078,2026-05-01T03:05:30Z,2026-05-01T04:39:30Z,92,81,abandoned,web,4K,KR,0,friend_share
VEW002496,USR0208,MOV0049,2026-01-11T13:56:06Z,2026-01-11T15:23:06Z,85,59,abandoned,web,HD,KR,0,watchlist
VEW002497,USR0209,MOV0133,2025-12-26T00:28:59Z,2025-12-26T02:52:59Z,131,91,completed,web,4K,KR,0,watchlist
VEW002498,USR0209,MOV0152,2025-10-06T07:19:59Z,2025-10-06T09:13:59Z,114,91,completed,smart_tv,FHD,KR,0,friend_share
VEW002499,USR0209,MOV0040,2026-03-03T06:23:46Z,2026-03-03T08:20:46Z,109,99,completed,web,SD,KR,0,search
VEW002500,USR0209,MOV0069,2026-03-28T16:56:23Z,2026-03-28T18:31:23Z,92,99,completed,smart_tv,FHD,KR,0,search
VEW002501,USR0209,MOV0157,2026-02-04T10:10:28Z,2026-02-04T11:19:28Z,56,75,abandoned,tablet,FHD,KR,0,home_recommendation
VEW002502,USR0209,MOV0077,2026-05-13T11:50:43Z,2026-05-13T12:53:43Z,49,52,abandoned,game_console,SD,KR,0,friend_share
VEW002503,USR0209,MOV0128,2026-04-15T09:41:19Z,2026-04-15T11:03:19Z,78,86,completed,web,FHD,KR,0,home_recommendation
VEW002504,USR0209,MOV0181,2025-11-13T18:02:08Z,2025-11-13T18:49:08Z,29,20,abandoned,mobile,SD,KR,0,search
VEW002505,USR0209,MOV0055,2026-02-10T06:27:44Z,2026-02-10T07:05:44Z,36,27,abandoned,web,FHD,KR,0,trending
VEW002506,USR0209,MOV0031,2026-01-30T16:34:49Z,2026-01-30T17:48:49Z,68,71,abandoned,mobile,FHD,KR,0,watchlist
VEW002507,USR0209,MOV0004,2026-06-27T19:41:46Z,2026-06-27T20:52:46Z,57,44,abandoned,game_console,4K,KR,0,watchlist
VEW002508,USR0209,MOV0184,2026-01-17T21:07:48Z,2026-01-17T22:38:48Z,81,79,abandoned,game_console,HD,KR,0,search
VEW002509,USR0210,MOV0193,2025-07-25T09:39:22Z,2025-07-25T11:41:22Z,120,89,completed,game_console,FHD,KR,0,friend_share
VEW002510,USR0210,MOV0196,2025-06-12T10:59:49Z,2025-06-12T13:09:49Z,113,93,completed,web,SD,KR,0,trending
VEW002511,USR0210,MOV0159,2026-07-09T18:48:55Z,2026-07-09T20:53:55Z,120,88,completed,mobile,4K,KR,0,home_recommendation
VEW002512,USR0210,MOV0032,2026-02-22T21:37:27Z,2026-02-22T23:57:27Z,138,91,completed,smart_tv,4K,KR,0,home_recommendation
VEW002513,USR0210,MOV0038,2026-06-24T09:38:00Z,2026-06-24T11:01:00Z,82,73,abandoned,smart_tv,SD,KR,0,watchlist
VEW002514,USR0210,MOV0195,2026-02-22T11:18:14Z,2026-02-22T12:55:14Z,96,63,abandoned,mobile,SD,KR,0,watchlist
VEW002515,USR0210,MOV0011,2025-03-26T05:30:02Z,2025-03-26T07:26:02Z,108,97,completed,tablet,FHD,KR,0,home_recommendation
VEW002516,USR0210,MOV0013,2025-04-28T13:20:55Z,2025-04-28T14:33:55Z,60,43,abandoned,tablet,FHD,KR,0,search
VEW002517,USR0210,MOV0048,2025-11-04T10:21:06Z,2025-11-04T10:56:06Z,19,25,abandoned,tablet,HD,KR,0,home_recommendation
VEW002518,USR0210,MOV0062,2026-07-12T00:36:44Z,2026-07-12T02:32:44Z,109,73,abandoned,game_console,SD,KR,0,trending
VEW002519,USR0210,MOV0139,2026-01-04T07:37:31Z,2026-01-04T08:38:31Z,60,56,abandoned,game_console,SD,KR,0,friend_share
VEW002520,USR0210,MOV0004,2026-05-23T13:19:05Z,2026-05-23T15:27:05Z,121,94,completed,tablet,FHD,KR,0,friend_share
VEW002521,USR0211,MOV0157,2023-06-14T11:39:00Z,2023-06-14T13:00:00Z,71,94,completed,smart_tv,HD,KR,0,search
VEW002522,USR0211,MOV0155,2026-07-04T08:51:12Z,2026-07-04T11:05:12Z,122,100,completed,game_console,SD,KR,0,home_recommendation
VEW002523,USR0211,MOV0051,2025-12-16T03:31:52Z,2025-12-16T05:22:52Z,107,92,completed,tablet,4K,KR,0,friend_share
VEW002524,USR0211,MOV0132,2024-07-02T11:43:12Z,2024-07-02T13:24:12Z,85,89,completed,tablet,HD,KR,0,home_recommendation
VEW002525,USR0211,MOV0133,2026-06-26T20:43:11Z,2026-06-26T22:30:11Z,92,64,abandoned,tablet,HD,KR,0,home_recommendation
VEW002526,USR0211,MOV0173,2024-05-05T18:00:32Z,2024-05-05T18:45:32Z,42,31,abandoned,smart_tv,HD,KR,0,search
VEW002527,USR0211,MOV0140,2026-01-10T00:16:45Z,2026-01-10T02:09:45Z,95,76,abandoned,smart_tv,4K,KR,0,home_recommendation
VEW002528,USR0211,MOV0062,2026-04-04T00:18:25Z,2026-04-04T02:34:25Z,119,80,abandoned,web,FHD,KR,0,trending
VEW002529,USR0211,MOV0200,2026-04-30T01:04:20Z,2026-04-30T02:41:20Z,86,93,completed,smart_tv,4K,KR,0,watchlist
VEW002530,USR0211,MOV0150,2026-06-24T12:53:49Z,2026-06-24T14:14:49Z,79,64,abandoned,web,FHD,KR,0,trending
VEW002531,USR0211,MOV0002,2025-07-06T01:53:09Z,2025-07-06T02:29:09Z,29,28,abandoned,game_console,FHD,KR,0,search
VEW002532,USR0211,MOV0049,2024-04-25T11:12:14Z,2024-04-25T12:06:14Z,49,34,abandoned,mobile,SD,KR,0,watchlist
VEW002533,USR0212,MOV0178,2026-05-17T17:38:34Z,2026-05-17T19:46:34Z,114,98,completed,tablet,FHD,KR,0,friend_share
VEW002534,USR0212,MOV0067,2026-01-14T08:09:33Z,2026-01-14T09:49:33Z,99,91,completed,mobile,FHD,KR,0,home_recommendation
VEW002535,USR0212,MOV0163,2025-07-15T11:52:21Z,2025-07-15T14:08:21Z,118,95,completed,game_console,HD,KR,0,friend_share
VEW002536,USR0212,MOV0066,2024-09-30T21:58:16Z,2024-10-01T00:25:16Z,136,86,completed,mobile,4K,KR,0,trending
VEW002537,USR0212,MOV0118,2026-05-01T00:45:17Z,2026-05-01T01:36:17Z,50,49,abandoned,tablet,HD,KR,0,home_recommendation
VEW002538,USR0212,MOV0195,2026-03-12T23:54:31Z,2026-03-13T02:04:31Z,122,80,abandoned,tablet,HD,KR,0,search
VEW002539,USR0212,MOV0050,2026-04-23T22:14:19Z,2026-04-24T00:29:19Z,118,83,abandoned,web,HD,KR,0,watchlist
VEW002540,USR0212,MOV0063,2025-12-08T08:27:04Z,2025-12-08T09:08:04Z,30,26,abandoned,web,HD,KR,0,watchlist
VEW002541,USR0212,MOV0147,2026-06-20T12:11:19Z,2026-06-20T13:11:19Z,57,69,abandoned,smart_tv,FHD,KR,0,search
VEW002542,USR0212,MOV0028,2025-12-08T11:37:45Z,2025-12-08T12:26:45Z,34,32,abandoned,smart_tv,4K,KR,0,trending
VEW002543,USR0212,MOV0170,2024-05-30T05:05:33Z,2024-05-30T05:57:33Z,52,48,abandoned,mobile,HD,KR,0,watchlist
VEW002544,USR0212,MOV0137,2026-02-12T01:23:13Z,2026-02-12T02:20:13Z,39,42,abandoned,smart_tv,HD,KR,0,friend_share
VEW002545,USR0213,MOV0165,2026-06-16T07:11:52Z,2026-06-16T09:04:52Z,113,93,completed,tablet,HD,KR,0,watchlist
VEW002546,USR0213,MOV0161,2025-05-07T10:56:37Z,2025-05-07T13:26:37Z,146,97,completed,mobile,4K,KR,0,trending
VEW002547,USR0213,MOV0109,2025-03-23T12:45:27Z,2025-03-23T14:48:27Z,123,96,completed,web,HD,KR,0,friend_share
VEW002548,USR0213,MOV0194,2025-11-28T16:10:26Z,2025-11-28T16:50:26Z,28,28,abandoned,game_console,FHD,KR,0,trending
VEW002549,USR0213,MOV0071,2024-09-21T17:23:08Z,2024-09-21T18:12:08Z,48,46,abandoned,smart_tv,SD,KR,0,home_recommendation
VEW002550,USR0213,MOV0037,2026-07-17T07:44:59Z,2026-07-17T08:55:59Z,55,58,abandoned,mobile,FHD,KR,0,friend_share
VEW002551,USR0213,MOV0167,2025-03-10T20:53:59Z,2025-03-10T21:40:59Z,32,41,abandoned,game_console,FHD,KR,0,trending
VEW002552,USR0213,MOV0070,2025-10-09T10:29:31Z,2025-10-09T11:36:31Z,67,62,abandoned,web,FHD,KR,0,search
VEW002553,USR0213,MOV0168,2025-12-05T04:01:35Z,2025-12-05T04:32:35Z,30,31,abandoned,game_console,FHD,KR,0,watchlist
VEW002554,USR0213,MOV0061,2024-02-21T04:40:48Z,2024-02-21T05:16:48Z,33,29,abandoned,tablet,SD,KR,0,watchlist
VEW002555,USR0213,MOV0179,2025-01-10T18:53:04Z,2025-01-10T19:43:04Z,35,27,abandoned,mobile,SD,KR,0,friend_share
VEW002556,USR0213,MOV0155,2024-10-11T02:25:24Z,2024-10-11T04:28:24Z,122,100,completed,tablet,4K,KR,0,watchlist
VEW002557,USR0214,MOV0077,2025-12-04T07:04:15Z,2025-12-04T08:43:15Z,92,97,completed,mobile,HD,KR,0,trending
VEW002558,USR0214,MOV0121,2026-03-26T22:18:17Z,2026-03-27T00:24:17Z,117,98,completed,tablet,4K,KR,0,friend_share
VEW002559,USR0214,MOV0196,2026-02-13T20:04:12Z,2026-02-13T22:16:12Z,115,95,completed,smart_tv,SD,KR,0,search
VEW002560,USR0214,MOV0054,2025-10-03T03:06:44Z,2025-10-03T04:14:44Z,52,49,abandoned,web,FHD,KR,0,watchlist
VEW002561,USR0214,MOV0149,2023-03-02T11:11:48Z,2023-03-02T12:49:48Z,89,63,abandoned,game_console,4K,KR,0,search
VEW002562,USR0214,MOV0175,2025-03-03T04:11:00Z,2025-03-03T05:25:00Z,63,55,abandoned,tablet,HD,KR,0,watchlist
VEW002563,USR0214,MOV0057,2022-08-07T10:56:48Z,2022-08-07T12:24:48Z,70,71,abandoned,game_console,FHD,KR,0,friend_share
VEW002564,USR0214,MOV0123,2023-05-09T19:40:16Z,2023-05-09T21:19:16Z,94,91,completed,mobile,SD,KR,0,trending
VEW002565,USR0214,MOV0179,2026-02-21T18:22:51Z,2026-02-21T19:47:51Z,78,60,abandoned,mobile,HD,KR,0,search
VEW002566,USR0214,MOV0079,2023-11-05T02:50:47Z,2023-11-05T04:04:47Z,67,44,abandoned,web,SD,KR,0,search
VEW002567,USR0214,MOV0185,2026-05-26T02:15:56Z,2026-05-26T03:52:56Z,81,52,abandoned,tablet,4K,KR,0,watchlist
VEW002568,USR0214,MOV0062,2026-03-18T22:39:48Z,2026-03-18T23:28:48Z,34,23,abandoned,web,4K,KR,0,friend_share
VEW002569,USR0215,MOV0103,2025-06-28T19:06:08Z,2025-06-28T20:51:08Z,95,94,completed,web,SD,KR,0,home_recommendation
VEW002570,USR0215,MOV0104,2026-04-07T05:04:55Z,2026-04-07T07:53:55Z,161,99,completed,game_console,FHD,KR,0,search
VEW002571,USR0215,MOV0013,2026-07-05T16:42:21Z,2026-07-05T19:15:21Z,140,100,completed,web,SD,KR,0,search
VEW002572,USR0215,MOV0009,2026-04-04T17:45:40Z,2026-04-04T19:25:40Z,100,73,abandoned,smart_tv,HD,KR,0,trending
VEW002573,USR0215,MOV0154,2025-06-28T01:14:49Z,2025-06-28T02:14:49Z,43,35,abandoned,tablet,FHD,KR,0,watchlist
VEW002574,USR0215,MOV0086,2026-04-13T08:46:56Z,2026-04-13T10:25:56Z,89,68,abandoned,game_console,HD,KR,0,home_recommendation
VEW002575,USR0215,MOV0068,2026-05-18T10:11:42Z,2026-05-18T10:42:42Z,27,23,abandoned,tablet,FHD,KR,0,friend_share
VEW002576,USR0215,MOV0100,2026-07-15T20:26:06Z,2026-07-15T21:15:06Z,32,28,abandoned,web,FHD,KR,0,watchlist
VEW002577,USR0215,MOV0039,2026-06-21T02:18:34Z,2026-06-21T04:42:34Z,135,85,completed,tablet,4K,KR,0,home_recommendation
VEW002578,USR0215,MOV0122,2025-11-11T13:02:07Z,2025-11-11T14:37:07Z,79,60,abandoned,smart_tv,SD,KR,0,search
VEW002579,USR0215,MOV0124,2025-02-25T19:29:14Z,2025-02-25T20:13:14Z,44,46,abandoned,web,SD,KR,0,friend_share
VEW002580,USR0215,MOV0109,2025-11-01T11:40:44Z,2025-11-01T13:03:44Z,68,53,abandoned,web,SD,KR,0,friend_share
VEW002581,USR0216,MOV0126,2026-01-13T17:08:57Z,2026-01-13T19:43:57Z,143,95,completed,smart_tv,4K,KR,0,home_recommendation
VEW002582,USR0216,MOV0176,2024-06-02T00:06:46Z,2024-06-02T02:17:46Z,129,89,completed,game_console,SD,KR,0,friend_share
VEW002583,USR0216,MOV0075,2026-06-19T06:44:39Z,2026-06-19T08:37:39Z,113,97,completed,game_console,HD,KR,0,trending
VEW002584,USR0216,MOV0150,2026-02-24T01:49:30Z,2026-02-24T03:55:30Z,119,96,completed,smart_tv,4K,KR,0,friend_share
VEW002585,USR0216,MOV0108,2026-07-08T00:23:22Z,2026-07-08T01:36:22Z,60,51,abandoned,mobile,HD,KR,0,home_recommendation
VEW002586,USR0216,MOV0059,2024-05-15T17:40:04Z,2024-05-15T18:36:04Z,46,33,abandoned,smart_tv,HD,KR,0,trending
VEW002587,USR0216,MOV0074,2023-12-22T03:23:28Z,2023-12-22T04:45:28Z,81,58,abandoned,tablet,4K,KR,0,trending
VEW002588,USR0216,MOV0060,2026-06-19T10:22:50Z,2026-06-19T11:18:50Z,42,28,abandoned,tablet,FHD,KR,0,search
VEW002589,USR0216,MOV0179,2026-01-04T19:47:55Z,2026-01-04T20:52:55Z,59,45,abandoned,web,SD,KR,0,home_recommendation
VEW002590,USR0216,MOV0193,2025-10-24T23:23:13Z,2025-10-25T00:31:13Z,63,47,abandoned,smart_tv,HD,KR,0,trending
VEW002591,USR0216,MOV0013,2025-08-30T16:31:45Z,2025-08-30T18:56:45Z,137,98,completed,smart_tv,FHD,KR,0,search
VEW002592,USR0216,MOV0053,2026-05-22T05:23:07Z,2026-05-22T06:25:07Z,44,45,abandoned,mobile,FHD,KR,0,home_recommendation
VEW002593,USR0217,MOV0054,2026-07-05T08:42:38Z,2026-07-05T10:42:38Z,106,99,completed,smart_tv,4K,KR,0,search
VEW002594,USR0217,MOV0141,2025-12-18T06:14:57Z,2025-12-18T08:02:57Z,98,99,completed,game_console,SD,KR,0,search
VEW002595,USR0217,MOV0119,2025-05-08T06:30:02Z,2025-05-08T08:45:02Z,135,99,completed,smart_tv,FHD,KR,0,trending
VEW002596,USR0217,MOV0133,2023-04-23T16:50:03Z,2023-04-23T19:15:03Z,127,88,completed,web,HD,KR,0,trending
VEW002597,USR0217,MOV0030,2023-06-08T05:22:13Z,2023-06-08T06:02:13Z,26,23,abandoned,web,HD,KR,0,home_recommendation
VEW002598,USR0217,MOV0117,2026-06-01T10:52:11Z,2026-06-01T11:49:11Z,50,62,abandoned,tablet,4K,KR,0,friend_share
VEW002599,USR0217,MOV0050,2026-05-12T16:24:16Z,2026-05-12T17:45:16Z,81,57,abandoned,mobile,4K,KR,0,friend_share
VEW002600,USR0217,MOV0049,2023-12-10T18:29:00Z,2023-12-10T20:39:00Z,118,82,abandoned,mobile,SD,KR,0,home_recommendation
VEW002601,USR0217,MOV0081,2025-05-02T01:20:39Z,2025-05-02T03:51:39Z,139,85,completed,tablet,FHD,KR,0,watchlist
VEW002602,USR0217,MOV0058,2024-08-28T01:26:19Z,2024-08-28T01:52:19Z,24,21,abandoned,tablet,4K,KR,0,friend_share
VEW002603,USR0217,MOV0131,2024-09-30T19:13:39Z,2024-09-30T20:28:39Z,61,56,abandoned,smart_tv,FHD,KR,0,home_recommendation
VEW002604,USR0217,MOV0106,2026-03-11T00:20:34Z,2026-03-11T00:57:34Z,37,32,abandoned,game_console,FHD,KR,0,trending
VEW002605,USR0218,MOV0187,2024-06-29T01:16:16Z,2024-06-29T02:54:16Z,83,95,completed,web,HD,KR,0,home_recommendation
VEW002606,USR0218,MOV0185,2024-12-13T11:42:10Z,2024-12-13T14:10:10Z,136,88,completed,smart_tv,4K,KR,0,home_recommendation
VEW002607,USR0218,MOV0068,2026-01-08T19:29:00Z,2026-01-08T21:24:00Z,106,91,completed,tablet,SD,KR,0,home_recommendation
VEW002608,USR0218,MOV0063,2023-05-27T23:34:12Z,2023-05-28T00:41:12Z,59,51,abandoned,game_console,SD,KR,0,watchlist
VEW002609,USR0218,MOV0073,2026-02-18T06:51:47Z,2026-02-18T09:17:47Z,133,82,abandoned,tablet,4K,KR,0,friend_share
VEW002610,USR0218,MOV0138,2024-02-20T00:22:33Z,2024-02-20T00:52:33Z,18,20,abandoned,web,FHD,KR,0,trending
VEW002611,USR0218,MOV0006,2023-12-06T13:36:23Z,2023-12-06T15:06:23Z,75,52,abandoned,web,HD,KR,0,watchlist
VEW002612,USR0218,MOV0151,2023-06-10T01:29:13Z,2023-06-10T03:01:13Z,81,87,completed,smart_tv,FHD,KR,0,watchlist
VEW002613,USR0218,MOV0001,2025-01-02T14:56:16Z,2025-01-02T15:59:16Z,47,33,abandoned,game_console,4K,KR,0,watchlist
VEW002614,USR0218,MOV0012,2023-11-06T21:32:32Z,2023-11-06T22:24:32Z,34,25,abandoned,mobile,SD,KR,0,trending
VEW002615,USR0218,MOV0057,2022-06-08T10:57:57Z,2022-06-08T12:08:57Z,67,68,abandoned,tablet,HD,KR,0,watchlist
VEW002616,USR0218,MOV0003,2026-01-08T09:34:43Z,2026-01-08T11:16:43Z,94,83,abandoned,web,HD,KR,0,watchlist
VEW002617,USR0219,MOV0168,2026-03-28T11:36:35Z,2026-03-28T13:16:35Z,97,100,completed,smart_tv,SD,KR,0,watchlist
VEW002618,USR0219,MOV0196,2025-10-26T08:09:18Z,2025-10-26T10:23:18Z,120,99,completed,smart_tv,FHD,KR,0,friend_share
VEW002619,USR0219,MOV0164,2025-11-15T03:47:26Z,2025-11-15T05:54:26Z,127,98,completed,smart_tv,4K,KR,0,trending
VEW002620,USR0219,MOV0107,2025-06-22T08:12:37Z,2025-06-22T09:46:37Z,83,85,completed,mobile,FHD,KR,0,trending
VEW002621,USR0219,MOV0197,2025-09-25T07:39:51Z,2025-09-25T08:50:51Z,64,60,abandoned,mobile,HD,KR,0,watchlist
VEW002622,USR0219,MOV0162,2025-02-18T04:19:11Z,2025-02-18T04:59:11Z,29,20,abandoned,mobile,4K,KR,0,trending
VEW002623,USR0219,MOV0099,2025-10-22T16:26:17Z,2025-10-22T18:43:17Z,120,92,completed,mobile,4K,KR,0,trending
VEW002624,USR0219,MOV0186,2026-02-03T07:49:08Z,2026-02-03T08:55:08Z,53,35,abandoned,smart_tv,4K,KR,0,watchlist
VEW002625,USR0219,MOV0106,2026-01-21T17:05:14Z,2026-01-21T17:54:14Z,42,36,abandoned,smart_tv,SD,KR,0,trending
VEW002626,USR0219,MOV0115,2025-06-30T07:08:00Z,2025-06-30T08:22:00Z,69,47,abandoned,web,SD,KR,0,trending
VEW002627,USR0219,MOV0007,2025-09-28T10:53:52Z,2025-09-28T11:45:52Z,42,45,abandoned,game_console,4K,KR,0,watchlist
VEW002628,USR0219,MOV0151,2025-08-12T10:04:29Z,2025-08-12T10:51:29Z,37,40,abandoned,smart_tv,HD,KR,0,watchlist
VEW002629,USR0220,MOV0023,2025-06-08T20:48:33Z,2025-06-08T23:14:33Z,143,95,completed,smart_tv,HD,KR,0,watchlist
VEW002630,USR0220,MOV0169,2026-05-19T16:42:41Z,2026-05-19T19:23:41Z,150,99,completed,smart_tv,HD,KR,0,watchlist
VEW002631,USR0220,MOV0109,2025-11-21T11:41:23Z,2025-11-21T13:51:23Z,115,90,completed,tablet,SD,KR,0,friend_share
VEW002632,USR0220,MOV0157,2026-01-13T16:56:09Z,2026-01-13T17:30:09Z,31,41,abandoned,web,HD,KR,0,home_recommendation
VEW002633,USR0220,MOV0126,2026-07-07T18:56:53Z,2026-07-07T20:36:53Z,91,60,abandoned,tablet,HD,KR,0,home_recommendation
VEW002634,USR0220,MOV0056,2023-05-15T11:01:14Z,2023-05-15T11:26:14Z,21,19,abandoned,smart_tv,FHD,KR,0,trending
VEW002635,USR0220,MOV0014,2024-08-04T19:45:25Z,2024-08-04T21:40:25Z,97,71,abandoned,web,FHD,KR,0,trending
VEW002636,USR0220,MOV0084,2026-03-16T00:46:31Z,2026-03-16T03:05:31Z,127,85,completed,game_console,FHD,KR,0,friend_share
VEW002637,USR0220,MOV0004,2024-02-05T06:04:47Z,2024-02-05T06:57:47Z,39,30,abandoned,smart_tv,FHD,KR,0,watchlist
VEW002638,USR0220,MOV0069,2025-10-19T19:36:38Z,2025-10-19T20:31:38Z,40,43,abandoned,mobile,SD,KR,0,trending
VEW002639,USR0220,MOV0092,2025-02-26T21:41:51Z,2025-02-26T23:36:51Z,101,89,completed,web,4K,KR,0,trending
VEW002640,USR0220,MOV0147,2025-11-05T11:38:08Z,2025-11-05T12:03:08Z,22,26,abandoned,mobile,SD,KR,0,watchlist
VEW002641,USR0221,MOV0028,2026-05-13T06:53:30Z,2026-05-13T08:55:30Z,105,99,completed,mobile,4K,KR,0,home_recommendation
VEW002642,USR0221,MOV0199,2026-03-07T12:42:09Z,2026-03-07T14:39:09Z,100,91,completed,mobile,SD,KR,0,friend_share
VEW002643,USR0221,MOV0160,2026-02-17T04:13:50Z,2026-02-17T06:16:50Z,106,100,completed,mobile,HD,KR,0,search
VEW002644,USR0221,MOV0078,2026-01-18T12:02:02Z,2026-01-18T13:00:02Z,40,35,abandoned,game_console,4K,KR,0,watchlist
VEW002645,USR0221,MOV0197,2026-07-05T05:00:34Z,2026-07-05T06:53:34Z,101,95,completed,game_console,4K,KR,0,home_recommendation
VEW002646,USR0221,MOV0093,2026-05-21T17:47:06Z,2026-05-21T19:01:06Z,72,63,abandoned,game_console,FHD,KR,0,home_recommendation
VEW002647,USR0221,MOV0070,2026-03-24T04:47:56Z,2026-03-24T05:53:56Z,58,54,abandoned,mobile,SD,KR,0,trending
VEW002648,USR0221,MOV0128,2026-05-11T02:23:51Z,2026-05-11T03:26:51Z,60,66,abandoned,tablet,4K,KR,0,friend_share
VEW002649,USR0221,MOV0115,2026-03-07T06:58:10Z,2026-03-07T08:47:10Z,99,68,abandoned,mobile,FHD,KR,0,trending
VEW002650,USR0221,MOV0086,2026-02-19T13:23:28Z,2026-02-19T14:07:28Z,39,30,abandoned,tablet,FHD,KR,0,trending
VEW002651,USR0221,MOV0131,2026-04-25T14:00:38Z,2026-04-25T15:46:38Z,99,91,completed,smart_tv,FHD,KR,0,home_recommendation
VEW002652,USR0221,MOV0039,2026-02-22T17:34:40Z,2026-02-22T18:24:40Z,41,26,abandoned,smart_tv,SD,KR,0,home_recommendation
VEW002653,USR0222,MOV0045,2025-08-09T00:35:24Z,2025-08-09T03:01:24Z,139,100,completed,game_console,FHD,KR,0,home_recommendation
VEW002654,USR0222,MOV0085,2026-05-12T19:55:19Z,2026-05-12T22:01:19Z,111,88,completed,tablet,SD,KR,0,trending
VEW002655,USR0222,MOV0054,2026-03-03T23:54:59Z,2026-03-04T01:45:59Z,105,98,completed,mobile,FHD,KR,0,watchlist
VEW002656,USR0222,MOV0039,2024-11-22T05:25:02Z,2024-11-22T06:05:02Z,30,19,abandoned,game_console,FHD,KR,0,trending
VEW002657,USR0222,MOV0044,2025-01-11T13:32:36Z,2025-01-11T14:33:36Z,55,34,abandoned,tablet,SD,KR,0,trending
VEW002658,USR0222,MOV0009,2026-01-24T19:23:45Z,2026-01-24T20:50:45Z,69,50,abandoned,mobile,HD,KR,0,search
VEW002659,USR0222,MOV0111,2026-04-19T23:47:43Z,2026-04-20T00:54:43Z,56,55,abandoned,tablet,HD,KR,0,friend_share
VEW002660,USR0222,MOV0027,2025-02-02T02:06:17Z,2025-02-02T02:38:17Z,24,23,abandoned,tablet,4K,KR,0,trending
VEW002661,USR0222,MOV0143,2026-03-22T10:15:15Z,2026-03-22T11:44:15Z,76,72,abandoned,web,SD,KR,0,search
VEW002662,USR0222,MOV0041,2026-04-02T22:25:38Z,2026-04-02T23:15:38Z,44,29,abandoned,tablet,SD,KR,0,search
VEW002663,USR0222,MOV0089,2026-03-21T08:51:38Z,2026-03-21T10:42:38Z,96,74,abandoned,mobile,HD,KR,0,watchlist
VEW002664,USR0222,MOV0150,2026-06-15T13:12:56Z,2026-06-15T14:05:56Z,38,31,abandoned,tablet,FHD,KR,0,home_recommendation
VEW002665,USR0223,MOV0077,2025-10-28T15:35:15Z,2025-10-28T17:10:15Z,94,99,completed,game_console,FHD,KR,0,trending
VEW002666,USR0223,MOV0189,2026-06-29T16:52:59Z,2026-06-29T19:22:59Z,145,94,completed,tablet,4K,KR,0,trending
VEW002667,USR0223,MOV0120,2023-11-19T21:28:22Z,2023-11-19T23:00:22Z,91,97,completed,tablet,HD,KR,0,watchlist
VEW002668,USR0223,MOV0200,2026-04-11T20:10:28Z,2026-04-11T20:49:28Z,30,33,abandoned,tablet,HD,KR,0,search
VEW002669,USR0223,MOV0118,2026-06-22T06:53:25Z,2026-06-22T07:36:25Z,42,41,abandoned,game_console,HD,KR,0,trending
VEW002670,USR0223,MOV0128,2023-11-17T07:30:02Z,2023-11-17T08:54:02Z,77,85,completed,web,SD,KR,0,home_recommendation
VEW002671,USR0223,MOV0078,2026-05-25T10:01:10Z,2026-05-25T10:40:10Z,27,24,abandoned,smart_tv,SD,KR,0,home_recommendation
VEW002672,USR0223,MOV0143,2025-11-27T16:36:19Z,2025-11-27T17:56:19Z,65,62,abandoned,smart_tv,FHD,KR,0,friend_share
VEW002673,USR0223,MOV0086,2025-03-09T11:33:01Z,2025-03-09T12:22:01Z,45,34,abandoned,smart_tv,HD,KR,0,friend_share
VEW002674,USR0223,MOV0193,2025-09-25T09:24:42Z,2025-09-25T11:24:42Z,117,87,completed,game_console,4K,KR,0,home_recommendation
VEW002675,USR0223,MOV0093,2026-02-18T16:39:59Z,2026-02-18T17:52:59Z,62,54,abandoned,web,4K,KR,0,search
VEW002676,USR0223,MOV0054,2025-04-30T16:16:46Z,2025-04-30T17:28:46Z,65,61,abandoned,mobile,4K,KR,0,home_recommendation
VEW002677,USR0224,MOV0154,2025-09-05T10:11:44Z,2025-09-05T12:14:44Z,118,96,completed,smart_tv,FHD,KR,0,watchlist
VEW002678,USR0224,MOV0076,2026-01-04T20:15:20Z,2026-01-04T22:37:20Z,136,90,completed,mobile,HD,KR,0,search
VEW002679,USR0224,MOV0099,2026-04-21T20:55:46Z,2026-04-21T23:02:46Z,120,92,completed,tablet,SD,KR,0,search
VEW002680,USR0224,MOV0150,2026-02-08T17:35:57Z,2026-02-08T19:15:57Z,92,74,abandoned,smart_tv,4K,KR,0,friend_share
VEW002681,USR0224,MOV0176,2025-08-30T22:02:59Z,2025-08-30T22:38:59Z,26,18,abandoned,smart_tv,4K,KR,0,watchlist
VEW002682,USR0224,MOV0112,2026-05-14T04:35:33Z,2026-05-14T05:14:33Z,22,20,abandoned,game_console,HD,KR,0,trending
VEW002683,USR0224,MOV0025,2025-09-09T01:18:53Z,2025-09-09T02:16:53Z,41,26,abandoned,game_console,4K,KR,0,search
VEW002684,USR0224,MOV0057,2026-04-21T07:02:30Z,2026-04-21T08:00:30Z,55,56,abandoned,smart_tv,FHD,KR,0,friend_share
VEW002685,USR0224,MOV0119,2025-10-17T21:42:55Z,2025-10-17T22:21:55Z,24,18,abandoned,mobile,FHD,KR,0,search
VEW002686,USR0224,MOV0188,2026-06-26T23:18:05Z,2026-06-27T00:30:05Z,64,74,abandoned,smart_tv,HD,KR,0,home_recommendation
VEW002687,USR0224,MOV0179,2025-12-27T11:11:40Z,2025-12-27T11:42:40Z,25,19,abandoned,game_console,SD,KR,0,watchlist
VEW002688,USR0224,MOV0002,2026-03-20T01:47:21Z,2026-03-20T03:46:21Z,102,99,completed,game_console,HD,KR,0,friend_share
VEW002689,USR0225,MOV0086,2025-08-19T13:34:28Z,2025-08-19T15:37:28Z,122,93,completed,smart_tv,HD,KR,0,watchlist
VEW002690,USR0225,MOV0043,2026-03-23T16:59:32Z,2026-03-23T18:37:32Z,88,88,completed,web,4K,KR,0,watchlist
VEW002691,USR0225,MOV0072,2023-03-19T18:03:44Z,2023-03-19T19:57:44Z,114,99,completed,mobile,HD,KR,0,trending
VEW002692,USR0225,MOV0122,2026-06-12T18:51:42Z,2026-06-12T20:44:42Z,106,80,abandoned,tablet,HD,KR,0,watchlist
VEW002693,USR0225,MOV0154,2025-01-03T19:34:40Z,2025-01-03T21:34:40Z,118,96,completed,smart_tv,HD,KR,0,friend_share
VEW002694,USR0225,MOV0178,2026-03-28T06:02:58Z,2026-03-28T07:26:58Z,78,67,abandoned,game_console,HD,KR,0,trending
VEW002695,USR0225,MOV0090,2025-08-19T18:58:55Z,2025-08-19T19:33:55Z,30,25,abandoned,mobile,HD,KR,0,watchlist
VEW002696,USR0225,MOV0056,2026-06-24T06:52:09Z,2026-06-24T08:26:09Z,77,69,abandoned,game_console,FHD,KR,0,trending
VEW002697,USR0225,MOV0171,2026-05-19T11:15:44Z,2026-05-19T12:49:44Z,81,63,abandoned,smart_tv,FHD,KR,0,watchlist
VEW002698,USR0225,MOV0055,2026-04-22T00:42:21Z,2026-04-22T01:13:21Z,26,19,abandoned,smart_tv,SD,KR,0,home_recommendation
VEW002699,USR0225,MOV0187,2025-06-19T16:33:38Z,2025-06-19T17:01:38Z,22,25,abandoned,mobile,SD,KR,0,home_recommendation
VEW002700,USR0225,MOV0037,2025-09-08T11:17:10Z,2025-09-08T11:43:10Z,24,25,abandoned,tablet,HD,KR,0,friend_share
VEW002701,USR0226,MOV0034,2024-10-16T01:19:07Z,2024-10-16T03:07:07Z,90,89,completed,tablet,4K,KR,0,home_recommendation
VEW002702,USR0226,MOV0001,2024-10-25T20:33:54Z,2024-10-25T22:39:54Z,126,89,completed,game_console,FHD,KR,0,watchlist
VEW002703,USR0226,MOV0032,2024-09-02T23:41:14Z,2024-09-03T02:13:14Z,138,91,completed,smart_tv,FHD,KR,0,search
VEW002704,USR0226,MOV0131,2024-08-03T21:05:39Z,2024-08-03T21:58:39Z,44,40,abandoned,web,HD,KR,0,trending
VEW002705,USR0226,MOV0169,2026-05-02T01:05:27Z,2026-05-02T02:31:27Z,78,51,abandoned,mobile,SD,KR,0,friend_share
VEW002706,USR0226,MOV0143,2026-04-14T22:49:22Z,2026-04-15T00:01:22Z,54,51,abandoned,web,FHD,KR,0,friend_share
VEW002707,USR0226,MOV0180,2025-01-12T10:31:38Z,2025-01-12T12:50:38Z,128,86,completed,game_console,4K,KR,0,search
VEW002708,USR0226,MOV0054,2026-03-31T21:14:02Z,2026-03-31T22:28:02Z,63,59,abandoned,mobile,4K,KR,0,watchlist
VEW002709,USR0226,MOV0017,2026-06-11T14:24:16Z,2026-06-11T15:10:16Z,28,27,abandoned,game_console,SD,KR,0,home_recommendation
VEW002710,USR0226,MOV0181,2026-02-12T16:16:28Z,2026-02-12T18:16:28Z,113,78,abandoned,game_console,FHD,KR,0,home_recommendation
VEW002711,USR0226,MOV0076,2024-10-01T02:00:11Z,2024-10-01T02:39:11Z,33,22,abandoned,smart_tv,FHD,KR,0,trending
VEW002712,USR0226,MOV0079,2026-04-19T10:49:28Z,2026-04-19T12:02:28Z,70,46,abandoned,mobile,SD,KR,0,trending
VEW002713,USR0227,MOV0049,2023-10-07T04:04:08Z,2023-10-07T06:20:08Z,135,94,completed,smart_tv,4K,KR,0,search
VEW002714,USR0227,MOV0104,2026-04-01T00:40:36Z,2026-04-01T03:15:36Z,152,93,completed,web,HD,KR,0,watchlist
VEW002715,USR0227,MOV0144,2026-04-15T20:22:51Z,2026-04-15T23:06:51Z,147,90,completed,web,SD,KR,0,search
VEW002716,USR0227,MOV0156,2025-05-12T00:52:21Z,2025-05-12T01:10:21Z,17,18,abandoned,tablet,4K,KR,0,trending
VEW002717,USR0227,MOV0032,2024-12-08T15:55:52Z,2024-12-08T17:36:52Z,85,56,abandoned,mobile,SD,KR,0,watchlist
VEW002718,USR0227,MOV0023,2023-03-21T03:38:02Z,2023-03-21T05:44:02Z,108,72,abandoned,smart_tv,4K,KR,0,watchlist
VEW002719,USR0227,MOV0077,2025-08-07T03:18:56Z,2025-08-07T04:46:56Z,82,86,completed,web,HD,KR,0,friend_share
VEW002720,USR0227,MOV0120,2026-05-12T12:57:52Z,2026-05-12T14:29:52Z,86,92,completed,web,4K,KR,0,trending
VEW002721,USR0227,MOV0171,2023-12-03T06:28:38Z,2023-12-03T06:56:38Z,27,21,abandoned,tablet,SD,KR,0,home_recommendation
VEW002722,USR0227,MOV0061,2022-07-22T03:31:58Z,2022-07-22T03:55:58Z,22,19,abandoned,smart_tv,HD,KR,0,home_recommendation
VEW002723,USR0227,MOV0103,2024-11-23T05:16:54Z,2024-11-23T06:33:54Z,61,60,abandoned,mobile,4K,KR,0,home_recommendation
VEW002724,USR0227,MOV0157,2023-04-28T00:38:41Z,2023-04-28T01:28:41Z,44,58,abandoned,smart_tv,FHD,KR,0,friend_share
VEW002725,USR0228,MOV0183,2026-02-19T16:44:46Z,2026-02-19T18:35:46Z,98,88,completed,mobile,SD,KR,0,trending
VEW002726,USR0228,MOV0147,2025-11-14T03:05:11Z,2025-11-14T04:30:11Z,81,97,completed,mobile,FHD,KR,0,trending
VEW002727,USR0228,MOV0082,2025-12-14T03:53:51Z,2025-12-14T06:11:51Z,138,96,completed,web,4K,KR,0,search
VEW002728,USR0228,MOV0166,2025-10-25T09:49:41Z,2025-10-25T11:44:41Z,109,76,abandoned,web,SD,KR,0,home_recommendation
VEW002729,USR0228,MOV0093,2026-07-12T01:43:46Z,2026-07-12T02:43:46Z,50,44,abandoned,game_console,4K,KR,0,watchlist
VEW002730,USR0228,MOV0081,2026-06-10T09:27:46Z,2026-06-10T11:39:46Z,124,76,abandoned,mobile,4K,KR,0,home_recommendation
VEW002731,USR0228,MOV0025,2026-05-13T00:24:26Z,2026-05-13T02:06:26Z,93,59,abandoned,game_console,HD,KR,0,trending
VEW002732,USR0228,MOV0156,2026-02-21T23:06:31Z,2026-02-22T00:34:31Z,84,87,completed,web,HD,KR,0,search
VEW002733,USR0228,MOV0172,2026-06-18T09:38:55Z,2026-06-18T11:29:55Z,107,79,abandoned,smart_tv,FHD,KR,0,trending
VEW002734,USR0228,MOV0094,2025-12-14T09:19:58Z,2025-12-14T10:25:58Z,63,49,abandoned,web,4K,KR,0,search
VEW002735,USR0228,MOV0118,2026-07-06T20:14:48Z,2026-07-06T20:39:48Z,25,24,abandoned,tablet,4K,KR,0,friend_share
VEW002736,USR0228,MOV0078,2026-01-02T00:09:17Z,2026-01-02T00:48:17Z,38,33,abandoned,tablet,HD,KR,0,home_recommendation
VEW002737,USR0229,MOV0069,2023-07-02T07:02:37Z,2023-07-02T08:44:37Z,88,95,completed,mobile,SD,KR,0,trending
VEW002738,USR0229,MOV0097,2026-06-11T13:13:03Z,2026-06-11T14:31:03Z,71,95,completed,web,4K,KR,0,friend_share
VEW002739,USR0229,MOV0129,2025-08-09T13:45:16Z,2025-08-09T16:04:16Z,132,99,completed,web,SD,KR,0,search
VEW002740,USR0229,MOV0082,2022-05-03T22:13:16Z,2022-05-03T23:28:16Z,69,48,abandoned,smart_tv,4K,KR,0,watchlist
VEW002741,USR0229,MOV0080,2024-06-07T20:44:11Z,2024-06-07T21:31:11Z,46,31,abandoned,web,HD,KR,0,friend_share
VEW002742,USR0229,MOV0135,2025-12-07T14:00:56Z,2025-12-07T14:32:56Z,28,20,abandoned,tablet,4K,KR,0,watchlist
VEW002743,USR0229,MOV0151,2023-04-22T06:07:50Z,2023-04-22T07:45:50Z,85,91,completed,web,SD,KR,0,watchlist
VEW002744,USR0229,MOV0005,2025-11-27T09:25:10Z,2025-11-27T10:03:10Z,21,21,abandoned,game_console,4K,KR,0,trending
VEW002745,USR0229,MOV0131,2022-12-08T12:44:37Z,2022-12-08T14:06:37Z,81,74,abandoned,tablet,SD,KR,0,watchlist
VEW002746,USR0229,MOV0180,2023-06-10T01:52:57Z,2023-06-10T04:36:57Z,148,99,completed,tablet,FHD,KR,0,watchlist
VEW002747,USR0229,MOV0182,2023-10-24T13:07:38Z,2023-10-24T14:39:38Z,74,56,abandoned,tablet,HD,KR,0,trending
VEW002748,USR0229,MOV0001,2025-01-24T03:25:06Z,2025-01-24T05:50:06Z,133,94,completed,web,HD,KR,0,search
VEW002749,USR0230,MOV0112,2025-01-04T14:35:36Z,2025-01-04T16:29:36Z,106,98,completed,game_console,FHD,KR,0,friend_share
VEW002750,USR0230,MOV0187,2025-03-25T00:35:33Z,2025-03-25T02:07:33Z,81,93,completed,smart_tv,SD,KR,0,watchlist
VEW002751,USR0230,MOV0031,2025-10-27T08:56:34Z,2025-10-27T10:40:34Z,87,91,completed,tablet,4K,KR,0,watchlist
VEW002752,USR0230,MOV0169,2026-05-13T12:20:06Z,2026-05-13T13:07:06Z,41,27,abandoned,smart_tv,FHD,KR,0,trending
VEW002753,USR0230,MOV0194,2025-12-23T04:30:35Z,2025-12-23T05:58:35Z,76,75,abandoned,web,FHD,KR,0,friend_share
VEW002754,USR0230,MOV0127,2026-07-11T06:09:43Z,2026-07-11T07:58:43Z,99,96,completed,smart_tv,FHD,KR,0,watchlist
VEW002755,USR0230,MOV0084,2026-06-30T07:37:30Z,2026-06-30T09:18:30Z,100,67,abandoned,web,HD,KR,0,friend_share
VEW002756,USR0230,MOV0030,2025-05-29T14:44:16Z,2025-05-29T16:13:16Z,86,75,abandoned,tablet,4K,KR,0,friend_share
VEW002757,USR0230,MOV0011,2026-01-27T16:56:01Z,2026-01-27T17:49:01Z,48,43,abandoned,smart_tv,4K,KR,0,search
VEW002758,USR0230,MOV0189,2026-05-08T18:49:51Z,2026-05-08T19:55:51Z,62,40,abandoned,game_console,4K,KR,0,trending
VEW002759,USR0230,MOV0184,2024-09-10T16:24:32Z,2024-09-10T17:02:32Z,32,31,abandoned,game_console,HD,KR,0,trending
VEW002760,USR0230,MOV0090,2026-06-06T10:08:10Z,2026-06-06T11:52:10Z,97,81,abandoned,smart_tv,HD,KR,0,home_recommendation
VEW002761,USR0231,MOV0035,2025-09-29T06:32:29Z,2025-09-29T08:39:29Z,111,98,completed,web,FHD,KR,0,search
VEW002762,USR0231,MOV0079,2024-12-22T23:15:28Z,2024-12-23T01:47:28Z,135,88,completed,smart_tv,SD,KR,0,trending
VEW002763,USR0231,MOV0015,2026-06-24T13:08:55Z,2026-06-24T15:46:55Z,150,96,completed,game_console,4K,KR,0,watchlist
VEW002764,USR0231,MOV0068,2026-07-05T01:19:18Z,2026-07-05T03:08:18Z,101,86,completed,web,HD,KR,0,trending
VEW002765,USR0231,MOV0190,2025-10-02T10:39:56Z,2025-10-02T13:16:56Z,139,87,completed,web,4K,KR,0,trending
VEW002766,USR0231,MOV0121,2026-06-28T10:19:26Z,2026-06-28T12:06:26Z,101,85,completed,mobile,HD,KR,0,watchlist
VEW002767,USR0231,MOV0098,2026-05-02T04:32:49Z,2026-05-02T06:22:49Z,105,99,completed,tablet,SD,KR,0,search
VEW002768,USR0231,MOV0071,2025-03-26T01:41:51Z,2025-03-26T02:33:51Z,46,44,abandoned,web,HD,KR,0,trending
VEW002769,USR0231,MOV0151,2025-08-10T13:53:09Z,2025-08-10T15:05:09Z,66,71,abandoned,tablet,HD,KR,0,friend_share
VEW002770,USR0231,MOV0043,2025-06-17T07:25:09Z,2025-06-17T08:28:09Z,50,50,abandoned,game_console,SD,KR,0,friend_share
VEW002771,USR0231,MOV0163,2026-03-15T13:46:01Z,2026-03-15T15:24:01Z,95,77,abandoned,smart_tv,FHD,KR,0,trending
VEW002772,USR0231,MOV0171,2026-06-15T23:02:59Z,2026-06-15T23:51:59Z,33,26,abandoned,web,SD,KR,0,watchlist
VEW002773,USR0232,MOV0088,2025-01-26T15:59:05Z,2025-01-26T17:48:05Z,97,95,completed,mobile,SD,KR,0,search
VEW002774,USR0232,MOV0111,2024-03-06T06:13:32Z,2024-03-06T07:57:32Z,90,89,completed,mobile,4K,KR,0,watchlist
VEW002775,USR0232,MOV0078,2026-02-28T15:16:24Z,2026-02-28T16:58:24Z,101,89,completed,tablet,HD,KR,0,watchlist
VEW002776,USR0232,MOV0109,2025-08-22T11:38:06Z,2025-08-22T13:55:06Z,122,95,completed,smart_tv,SD,KR,0,home_recommendation
VEW002777,USR0232,MOV0134,2026-03-13T07:43:51Z,2026-03-13T09:10:51Z,72,71,abandoned,mobile,FHD,KR,0,friend_share
VEW002778,USR0232,MOV0128,2023-04-02T00:38:34Z,2023-04-02T01:39:34Z,46,50,abandoned,tablet,HD,KR,0,watchlist
VEW002779,USR0232,MOV0168,2024-10-05T00:37:35Z,2024-10-05T01:29:35Z,39,40,abandoned,smart_tv,4K,KR,0,home_recommendation
VEW002780,USR0232,MOV0159,2026-06-30T13:48:42Z,2026-06-30T15:31:42Z,91,67,abandoned,tablet,4K,KR,0,trending
VEW002781,USR0232,MOV0101,2024-09-09T11:46:17Z,2024-09-09T12:35:17Z,45,30,abandoned,tablet,HD,KR,0,search
VEW002782,USR0232,MOV0028,2026-04-15T23:49:01Z,2026-04-16T00:29:01Z,36,34,abandoned,web,HD,KR,0,search
VEW002783,USR0232,MOV0160,2025-09-11T04:32:18Z,2025-09-11T05:23:18Z,39,37,abandoned,game_console,SD,KR,0,friend_share
VEW002784,USR0232,MOV0175,2025-02-01T13:45:27Z,2025-02-01T14:51:27Z,54,47,abandoned,game_console,FHD,KR,0,friend_share
VEW002785,USR0233,MOV0101,2026-06-22T11:09:03Z,2026-06-22T13:45:03Z,139,93,completed,smart_tv,FHD,KR,0,watchlist
VEW002786,USR0233,MOV0063,2024-06-04T01:27:26Z,2024-06-04T03:32:26Z,115,99,completed,tablet,FHD,KR,0,friend_share
VEW002787,USR0233,MOV0027,2023-07-13T08:09:22Z,2023-07-13T09:56:22Z,101,98,completed,mobile,4K,KR,0,home_recommendation
VEW002788,USR0233,MOV0066,2024-03-09T00:32:23Z,2024-03-09T02:55:23Z,131,83,abandoned,web,SD,KR,0,search
VEW002789,USR0233,MOV0069,2025-07-04T07:13:32Z,2025-07-04T07:46:32Z,29,31,abandoned,mobile,SD,KR,0,search
VEW002790,USR0233,MOV0017,2026-04-16T07:24:29Z,2026-04-16T08:56:29Z,80,78,abandoned,web,SD,KR,0,friend_share
VEW002791,USR0233,MOV0117,2026-02-02T19:52:02Z,2026-02-02T21:16:02Z,80,99,completed,web,4K,KR,0,watchlist
VEW002792,USR0233,MOV0035,2025-01-29T20:35:42Z,2025-01-29T21:05:42Z,20,18,abandoned,tablet,FHD,KR,0,trending
VEW002793,USR0233,MOV0130,2026-02-28T10:11:02Z,2026-02-28T10:51:02Z,28,22,abandoned,tablet,FHD,KR,0,home_recommendation
VEW002794,USR0233,MOV0043,2026-02-04T20:19:38Z,2026-02-04T20:40:38Z,21,21,abandoned,mobile,SD,KR,0,friend_share
VEW002795,USR0233,MOV0125,2025-03-06T09:37:08Z,2025-03-06T11:11:08Z,91,100,completed,smart_tv,SD,KR,0,trending
VEW002796,USR0233,MOV0099,2026-04-17T03:20:09Z,2026-04-17T05:33:09Z,127,98,completed,mobile,FHD,KR,0,search
VEW002797,USR0234,MOV0017,2026-02-03T20:41:43Z,2026-02-03T22:36:43Z,100,97,completed,game_console,FHD,KR,0,watchlist
VEW002798,USR0234,MOV0014,2025-07-04T18:54:30Z,2025-07-04T21:01:30Z,124,91,completed,tablet,SD,KR,0,friend_share
VEW002799,USR0234,MOV0012,2023-07-29T06:35:14Z,2023-07-29T08:56:14Z,123,91,completed,game_console,FHD,KR,0,search
VEW002800,USR0234,MOV0077,2024-05-29T20:24:20Z,2024-05-29T21:08:20Z,32,34,abandoned,smart_tv,FHD,KR,0,home_recommendation
VEW002801,USR0234,MOV0098,2026-06-28T06:40:59Z,2026-06-28T08:42:59Z,106,100,completed,smart_tv,4K,KR,0,friend_share
VEW002802,USR0234,MOV0135,2025-09-18T12:38:19Z,2025-09-18T14:47:19Z,119,86,completed,tablet,FHD,KR,0,home_recommendation
VEW002803,USR0234,MOV0140,2025-12-04T22:28:43Z,2025-12-05T00:26:43Z,103,82,abandoned,smart_tv,FHD,KR,0,home_recommendation
VEW002804,USR0234,MOV0196,2026-02-04T22:26:18Z,2026-02-04T23:13:18Z,40,33,abandoned,tablet,SD,KR,0,trending
VEW002805,USR0234,MOV0190,2025-10-07T13:19:00Z,2025-10-07T14:37:00Z,64,40,abandoned,smart_tv,4K,KR,0,watchlist
VEW002806,USR0234,MOV0096,2026-06-26T12:13:25Z,2026-06-26T13:24:25Z,58,51,abandoned,tablet,HD,KR,0,watchlist
VEW002807,USR0234,MOV0020,2024-04-02T13:06:31Z,2024-04-02T15:06:31Z,105,98,completed,tablet,FHD,KR,0,search
VEW002808,USR0234,MOV0037,2026-04-23T10:41:14Z,2026-04-23T11:15:14Z,19,20,abandoned,smart_tv,HD,KR,0,trending
VEW002809,USR0235,MOV0155,2025-05-30T19:22:08Z,2025-05-30T21:18:08Z,116,95,completed,tablet,SD,KR,0,friend_share
VEW002810,USR0235,MOV0021,2023-05-03T02:50:04Z,2023-05-03T05:25:04Z,151,94,completed,web,SD,KR,0,search
VEW002811,USR0235,MOV0060,2026-07-14T10:03:22Z,2026-07-14T12:15:22Z,132,88,completed,web,HD,KR,0,watchlist
VEW002812,USR0235,MOV0138,2024-05-14T10:07:10Z,2024-05-14T11:12:10Z,63,71,abandoned,tablet,SD,KR,0,search
VEW002813,USR0235,MOV0072,2022-04-09T22:55:04Z,2022-04-09T23:38:04Z,31,27,abandoned,tablet,FHD,KR,0,friend_share
VEW002814,USR0235,MOV0044,2025-09-18T07:20:29Z,2025-09-18T10:12:29Z,161,100,completed,web,FHD,KR,0,search
VEW002815,USR0235,MOV0116,2025-07-07T23:55:59Z,2025-07-08T00:20:59Z,25,22,abandoned,smart_tv,SD,KR,0,home_recommendation
VEW002816,USR0235,MOV0191,2026-01-12T23:40:35Z,2026-01-13T02:26:35Z,159,98,completed,game_console,FHD,KR,0,home_recommendation
VEW002817,USR0235,MOV0027,2026-04-03T09:23:32Z,2026-04-03T10:34:32Z,69,67,abandoned,web,4K,KR,0,home_recommendation
VEW002818,USR0235,MOV0126,2026-02-25T04:16:29Z,2026-02-25T06:41:29Z,140,93,completed,game_console,HD,KR,0,friend_share
VEW002819,USR0235,MOV0125,2025-05-07T22:57:24Z,2025-05-08T00:03:24Z,54,59,abandoned,game_console,FHD,KR,0,friend_share
VEW002820,USR0235,MOV0025,2026-07-11T00:43:35Z,2026-07-11T02:10:35Z,80,51,abandoned,mobile,SD,KR,0,watchlist
VEW002821,USR0236,MOV0074,2022-08-14T13:09:45Z,2022-08-14T15:32:45Z,129,92,completed,tablet,4K,KR,0,home_recommendation
VEW002822,USR0236,MOV0026,2024-10-31T17:23:45Z,2024-10-31T18:48:45Z,84,90,completed,smart_tv,4K,KR,0,search
VEW002823,USR0236,MOV0136,2024-09-17T08:04:42Z,2024-09-17T10:29:42Z,142,98,completed,tablet,SD,KR,0,search
VEW002824,USR0236,MOV0063,2025-10-20T20:06:52Z,2025-10-20T20:44:52Z,24,21,abandoned,web,HD,KR,0,search
VEW002825,USR0236,MOV0099,2026-03-06T07:09:41Z,2026-03-06T08:04:41Z,53,41,abandoned,web,FHD,KR,0,friend_share
VEW002826,USR0236,MOV0165,2025-03-25T21:09:44Z,2025-03-25T22:42:44Z,84,69,abandoned,tablet,4K,KR,0,friend_share
VEW002827,USR0236,MOV0066,2022-07-14T07:21:47Z,2022-07-14T08:33:47Z,62,39,abandoned,mobile,FHD,KR,0,friend_share
VEW002828,USR0236,MOV0185,2025-06-01T07:46:26Z,2025-06-01T09:12:26Z,79,51,abandoned,mobile,FHD,KR,0,watchlist
VEW002829,USR0236,MOV0119,2025-04-18T21:28:09Z,2025-04-18T22:25:09Z,50,37,abandoned,tablet,HD,KR,0,search
VEW002830,USR0236,MOV0142,2024-01-24T10:50:21Z,2024-01-24T12:11:21Z,80,57,abandoned,tablet,FHD,KR,0,search
VEW002831,USR0236,MOV0143,2025-06-11T20:53:50Z,2025-06-11T21:55:50Z,53,50,abandoned,web,4K,KR,0,friend_share
VEW002832,USR0236,MOV0130,2025-05-10T15:37:40Z,2025-05-10T17:50:40Z,116,92,completed,web,HD,KR,0,home_recommendation
VEW002833,USR0237,MOV0167,2026-06-06T16:29:32Z,2026-06-06T17:41:32Z,70,91,completed,game_console,HD,KR,0,watchlist
VEW002834,USR0237,MOV0044,2026-07-11T20:58:17Z,2026-07-11T23:52:17Z,156,97,completed,web,SD,KR,0,friend_share
VEW002835,USR0237,MOV0122,2026-06-24T19:33:01Z,2026-06-24T21:44:01Z,129,98,completed,web,HD,KR,0,friend_share
VEW002836,USR0237,MOV0126,2026-04-20T19:42:19Z,2026-04-20T20:58:19Z,74,49,abandoned,smart_tv,4K,KR,0,friend_share
VEW002837,USR0237,MOV0018,2026-04-09T03:27:50Z,2026-04-09T04:22:50Z,37,32,abandoned,tablet,4K,KR,0,trending
VEW002838,USR0237,MOV0093,2026-05-29T18:54:14Z,2026-05-29T20:50:14Z,114,100,completed,smart_tv,4K,KR,0,friend_share
VEW002839,USR0237,MOV0128,2026-03-24T01:29:20Z,2026-03-24T02:06:20Z,25,28,abandoned,tablet,HD,KR,0,watchlist
VEW002840,USR0237,MOV0156,2026-03-19T09:44:13Z,2026-03-19T11:24:13Z,86,89,completed,tablet,HD,KR,0,trending
VEW002841,USR0237,MOV0111,2026-04-09T06:48:54Z,2026-04-09T07:24:54Z,34,34,abandoned,mobile,FHD,KR,0,watchlist
VEW002842,USR0237,MOV0112,2026-02-27T23:59:43Z,2026-02-28T01:38:43Z,85,79,abandoned,smart_tv,SD,KR,0,friend_share
VEW002843,USR0237,MOV0098,2026-02-23T20:32:57Z,2026-02-23T21:27:57Z,41,39,abandoned,mobile,FHD,KR,0,search
VEW002844,USR0237,MOV0004,2026-02-27T17:36:25Z,2026-02-27T19:40:25Z,119,92,completed,web,SD,KR,0,friend_share
VEW002845,USR0238,MOV0190,2022-04-16T07:17:44Z,2022-04-16T10:02:44Z,160,100,completed,smart_tv,4K,KR,0,home_recommendation
VEW002846,USR0238,MOV0141,2026-06-29T03:35:25Z,2026-06-29T05:14:25Z,91,92,completed,web,SD,KR,0,friend_share
VEW002847,USR0238,MOV0183,2026-02-02T18:26:25Z,2026-02-02T20:21:25Z,99,89,completed,mobile,FHD,KR,0,trending
VEW002848,USR0238,MOV0082,2025-07-11T09:41:06Z,2025-07-11T11:03:06Z,78,54,abandoned,game_console,SD,KR,0,watchlist
VEW002849,USR0238,MOV0164,2025-05-13T11:32:58Z,2025-05-13T12:15:58Z,35,27,abandoned,tablet,4K,KR,0,home_recommendation
VEW002850,USR0238,MOV0031,2024-11-23T10:11:38Z,2024-11-23T11:43:38Z,82,85,completed,mobile,4K,KR,0,friend_share
VEW002851,USR0238,MOV0178,2026-04-30T09:01:34Z,2026-04-30T10:17:34Z,71,61,abandoned,web,FHD,KR,0,watchlist
VEW002852,USR0238,MOV0139,2025-08-20T00:09:13Z,2025-08-20T02:03:13Z,103,96,completed,web,4K,KR,0,home_recommendation
VEW002853,USR0238,MOV0065,2026-04-08T13:16:50Z,2026-04-08T13:57:50Z,35,27,abandoned,web,SD,KR,0,friend_share
VEW002854,USR0238,MOV0081,2025-01-08T19:20:45Z,2025-01-08T22:13:45Z,163,100,completed,game_console,HD,KR,0,friend_share
VEW002855,USR0238,MOV0126,2026-05-22T06:49:21Z,2026-05-22T07:36:21Z,35,23,abandoned,game_console,4K,KR,0,trending
VEW002856,USR0238,MOV0192,2025-06-02T01:14:13Z,2025-06-02T03:01:13Z,94,100,completed,mobile,FHD,KR,0,friend_share
VEW002857,USR0239,MOV0101,2024-09-25T18:42:55Z,2024-09-25T21:08:55Z,145,97,completed,game_console,SD,KR,0,search
VEW002858,USR0239,MOV0172,2026-05-22T08:18:59Z,2026-05-22T10:20:59Z,119,88,completed,mobile,4K,KR,0,home_recommendation
VEW002859,USR0239,MOV0030,2024-05-25T06:54:32Z,2024-05-25T08:40:32Z,106,93,completed,smart_tv,4K,KR,0,home_recommendation
VEW002860,USR0239,MOV0192,2025-11-11T22:56:17Z,2025-11-12T00:06:17Z,56,60,abandoned,tablet,FHD,KR,0,search
VEW002861,USR0239,MOV0039,2023-12-23T14:34:45Z,2023-12-23T16:09:45Z,78,49,abandoned,tablet,4K,KR,0,home_recommendation
VEW002862,USR0239,MOV0079,2025-03-21T01:06:54Z,2025-03-21T03:03:54Z,104,68,abandoned,tablet,FHD,KR,0,trending
VEW002863,USR0239,MOV0008,2026-03-31T02:37:18Z,2026-03-31T03:29:18Z,46,54,abandoned,tablet,4K,KR,0,search
VEW002864,USR0239,MOV0044,2025-04-17T17:38:18Z,2025-04-17T19:54:18Z,132,82,abandoned,tablet,4K,KR,0,home_recommendation
VEW002865,USR0239,MOV0041,2026-07-09T06:16:44Z,2026-07-09T08:40:44Z,129,84,abandoned,tablet,SD,KR,0,trending
VEW002866,USR0239,MOV0124,2026-04-19T22:42:53Z,2026-04-19T23:18:53Z,28,29,abandoned,smart_tv,4K,KR,0,search
VEW002867,USR0239,MOV0114,2025-10-26T00:58:58Z,2025-10-26T02:01:58Z,62,56,abandoned,web,SD,KR,0,home_recommendation
VEW002868,USR0239,MOV0034,2024-08-27T18:20:50Z,2024-08-27T19:13:50Z,48,48,abandoned,mobile,SD,KR,0,home_recommendation
VEW002869,USR0240,MOV0001,2026-05-21T08:13:43Z,2026-05-21T10:40:43Z,141,99,completed,smart_tv,4K,KR,0,home_recommendation
VEW002870,USR0240,MOV0002,2025-06-19T23:33:12Z,2025-06-20T01:22:12Z,97,94,completed,web,4K,KR,0,friend_share
VEW002871,USR0240,MOV0139,2026-03-15T13:48:20Z,2026-03-15T15:32:20Z,98,92,completed,game_console,4K,KR,0,home_recommendation
VEW002872,USR0240,MOV0116,2025-07-30T04:37:11Z,2025-07-30T05:38:11Z,51,45,abandoned,tablet,SD,KR,0,search
VEW002873,USR0240,MOV0038,2026-03-24T08:39:49Z,2026-03-24T10:32:49Z,105,94,completed,smart_tv,HD,KR,0,watchlist
VEW002874,USR0240,MOV0179,2026-02-20T03:19:43Z,2026-02-20T04:07:43Z,39,30,abandoned,smart_tv,HD,KR,0,trending
VEW002875,USR0240,MOV0099,2025-11-25T18:13:40Z,2025-11-25T19:31:40Z,69,53,abandoned,mobile,4K,KR,0,home_recommendation
VEW002876,USR0240,MOV0160,2025-04-25T16:33:56Z,2025-04-25T17:54:56Z,63,59,abandoned,game_console,FHD,KR,0,watchlist
VEW002877,USR0240,MOV0041,2026-06-28T04:31:49Z,2026-06-28T06:35:49Z,118,77,abandoned,mobile,HD,KR,0,friend_share
VEW002878,USR0240,MOV0181,2025-02-03T05:30:30Z,2025-02-03T07:42:30Z,122,84,abandoned,game_console,SD,KR,0,trending
VEW002879,USR0240,MOV0141,2025-07-27T09:38:50Z,2025-07-27T10:51:50Z,63,64,abandoned,game_console,FHD,KR,0,watchlist
VEW002880,USR0240,MOV0150,2025-11-01T20:38:44Z,2025-11-01T21:09:44Z,24,19,abandoned,tablet,HD,KR,0,trending
VEW002881,USR0241,MOV0140,2025-04-24T06:23:29Z,2025-04-24T08:28:29Z,124,99,completed,tablet,HD,KR,0,friend_share
VEW002882,USR0241,MOV0170,2024-10-29T13:24:43Z,2024-10-29T15:13:43Z,108,99,completed,web,4K,KR,0,friend_share
VEW002883,USR0241,MOV0020,2025-07-21T00:03:51Z,2025-07-21T02:05:51Z,106,99,completed,mobile,SD,KR,0,trending
VEW002884,USR0241,MOV0185,2025-09-26T09:16:58Z,2025-09-26T10:11:58Z,50,32,abandoned,tablet,SD,KR,0,trending
VEW002885,USR0241,MOV0087,2025-06-30T20:13:31Z,2025-06-30T22:08:31Z,97,99,completed,tablet,FHD,KR,0,search
VEW002886,USR0241,MOV0169,2026-04-09T19:24:09Z,2026-04-09T20:32:09Z,68,45,abandoned,tablet,SD,KR,0,watchlist
VEW002887,USR0241,MOV0137,2025-09-25T13:57:45Z,2025-09-25T14:52:45Z,40,43,abandoned,web,4K,KR,0,friend_share
VEW002888,USR0241,MOV0082,2022-04-29T03:24:57Z,2022-04-29T05:50:57Z,134,93,completed,mobile,4K,KR,0,watchlist
VEW002889,USR0241,MOV0057,2024-03-03T22:53:45Z,2024-03-04T00:43:45Z,92,93,completed,mobile,HD,KR,0,watchlist
VEW002890,USR0241,MOV0153,2026-05-10T20:10:06Z,2026-05-10T20:58:06Z,39,27,abandoned,smart_tv,FHD,KR,0,watchlist
VEW002891,USR0241,MOV0200,2025-08-06T07:56:25Z,2025-08-06T08:59:25Z,62,67,abandoned,smart_tv,SD,KR,0,search
VEW002892,USR0241,MOV0050,2026-06-20T07:05:17Z,2026-06-20T08:37:17Z,82,58,abandoned,game_console,SD,KR,0,home_recommendation
VEW002893,USR0242,MOV0040,2026-03-06T19:22:01Z,2026-03-06T21:15:01Z,98,89,completed,tablet,FHD,KR,0,home_recommendation
VEW002894,USR0242,MOV0014,2024-11-09T13:16:59Z,2024-11-09T15:33:59Z,126,93,completed,smart_tv,FHD,KR,0,trending
VEW002895,USR0242,MOV0134,2026-04-16T05:14:40Z,2026-04-16T06:57:40Z,90,89,completed,smart_tv,FHD,KR,0,trending
VEW002896,USR0242,MOV0095,2026-07-04T21:26:58Z,2026-07-04T22:10:58Z,39,42,abandoned,tablet,SD,KR,0,watchlist
VEW002897,USR0242,MOV0099,2025-10-26T18:54:24Z,2025-10-26T20:13:24Z,68,52,abandoned,mobile,SD,KR,0,watchlist
VEW002898,USR0242,MOV0121,2026-01-10T12:04:30Z,2026-01-10T12:36:30Z,25,21,abandoned,game_console,SD,KR,0,home_recommendation
VEW002899,USR0242,MOV0009,2025-11-04T20:38:24Z,2025-11-04T21:14:24Z,26,19,abandoned,game_console,4K,KR,0,search
VEW002900,USR0242,MOV0128,2025-01-27T04:55:24Z,2025-01-27T05:56:24Z,53,58,abandoned,tablet,FHD,KR,0,home_recommendation
VEW002901,USR0242,MOV0048,2025-09-28T23:19:57Z,2025-09-29T00:34:57Z,74,96,completed,tablet,FHD,KR,0,watchlist
VEW002902,USR0242,MOV0036,2025-11-26T22:30:16Z,2025-11-27T00:18:16Z,95,90,completed,tablet,FHD,KR,0,search
VEW002903,USR0242,MOV0104,2026-02-21T05:37:41Z,2026-02-21T08:11:41Z,152,93,completed,web,4K,KR,0,home_recommendation
VEW002904,USR0242,MOV0152,2025-11-05T16:14:30Z,2025-11-05T18:12:30Z,101,81,abandoned,smart_tv,4K,KR,0,trending
VEW002905,USR0243,MOV0008,2026-03-04T01:20:15Z,2026-03-04T03:00:15Z,83,96,completed,web,HD,KR,0,search
VEW002906,USR0243,MOV0148,2025-12-11T18:15:41Z,2025-12-11T20:08:41Z,113,98,completed,game_console,4K,KR,0,friend_share
VEW002907,USR0243,MOV0136,2025-07-30T13:39:12Z,2025-07-30T15:53:12Z,129,89,completed,web,HD,KR,0,trending
VEW002908,USR0243,MOV0115,2026-04-30T11:22:36Z,2026-04-30T12:54:36Z,88,60,abandoned,web,FHD,KR,0,friend_share
VEW002909,USR0243,MOV0128,2025-07-27T04:32:50Z,2025-07-27T05:36:50Z,64,70,abandoned,tablet,HD,KR,0,search
VEW002910,USR0243,MOV0179,2025-09-03T20:29:45Z,2025-09-03T22:31:45Z,116,89,completed,game_console,HD,KR,0,watchlist
VEW002911,USR0243,MOV0083,2023-11-20T10:07:32Z,2023-11-20T11:50:32Z,102,70,abandoned,game_console,HD,KR,0,search
VEW002912,USR0243,MOV0185,2024-10-22T00:32:05Z,2024-10-22T02:26:05Z,98,63,abandoned,web,HD,KR,0,search
VEW002913,USR0243,MOV0181,2024-03-05T15:54:11Z,2024-03-05T18:16:11Z,136,94,completed,tablet,4K,KR,0,trending
VEW002914,USR0243,MOV0023,2024-10-05T14:39:53Z,2024-10-05T16:23:53Z,87,58,abandoned,web,4K,KR,0,friend_share
VEW002915,USR0243,MOV0180,2025-07-25T15:54:10Z,2025-07-25T18:15:10Z,133,89,completed,game_console,HD,KR,0,home_recommendation
VEW002916,USR0243,MOV0113,2026-01-15T17:13:19Z,2026-01-15T18:08:19Z,38,26,abandoned,tablet,HD,KR,0,search
VEW002917,USR0244,MOV0051,2026-01-18T17:44:42Z,2026-01-18T19:34:42Z,110,95,completed,mobile,4K,KR,0,friend_share
VEW002918,USR0244,MOV0178,2026-07-06T14:02:50Z,2026-07-06T16:06:50Z,116,100,completed,web,SD,KR,0,trending
VEW002919,USR0244,MOV0101,2025-06-17T05:09:10Z,2025-06-17T07:33:10Z,143,96,completed,smart_tv,FHD,KR,0,search
VEW002920,USR0244,MOV0045,2024-04-08T19:15:27Z,2024-04-08T20:20:27Z,60,43,abandoned,smart_tv,4K,KR,0,watchlist
VEW002921,USR0244,MOV0198,2024-04-05T21:57:56Z,2024-04-05T23:30:56Z,80,70,abandoned,web,SD,KR,0,friend_share
VEW002922,USR0244,MOV0184,2025-11-06T12:44:27Z,2025-11-06T13:20:27Z,29,28,abandoned,game_console,FHD,KR,0,trending
VEW002923,USR0244,MOV0195,2026-05-16T05:15:33Z,2026-05-16T07:39:33Z,139,91,completed,smart_tv,HD,KR,0,friend_share
VEW002924,USR0244,MOV0052,2025-12-28T10:24:53Z,2025-12-28T12:05:53Z,90,56,abandoned,tablet,4K,KR,0,search
VEW002925,USR0244,MOV0188,2026-03-12T20:47:16Z,2026-03-12T22:01:16Z,64,74,abandoned,tablet,HD,KR,0,search
VEW002926,USR0244,MOV0058,2025-05-14T19:45:31Z,2025-05-14T20:29:31Z,44,38,abandoned,game_console,FHD,KR,0,search
VEW002927,USR0244,MOV0061,2023-09-08T09:55:27Z,2023-09-08T11:35:27Z,85,74,abandoned,web,SD,KR,0,watchlist
VEW002928,USR0244,MOV0057,2026-04-03T03:23:49Z,2026-04-03T03:46:49Z,22,22,abandoned,smart_tv,4K,KR,0,friend_share
VEW002929,USR0245,MOV0087,2025-01-07T08:17:52Z,2025-01-07T09:57:52Z,94,96,completed,mobile,HD,KR,0,trending
VEW002930,USR0245,MOV0136,2024-06-30T15:49:56Z,2024-06-30T18:18:56Z,139,96,completed,web,HD,KR,0,friend_share
VEW002931,USR0245,MOV0089,2026-03-07T13:28:33Z,2026-03-07T15:32:33Z,116,89,completed,game_console,HD,KR,0,watchlist
VEW002932,USR0245,MOV0169,2026-06-27T17:12:59Z,2026-06-27T20:01:59Z,152,100,completed,web,HD,KR,0,watchlist
VEW002933,USR0245,MOV0022,2025-04-24T01:33:18Z,2025-04-24T03:15:18Z,91,98,completed,mobile,HD,KR,0,search
VEW002934,USR0245,MOV0119,2023-06-29T17:47:50Z,2023-06-29T19:51:50Z,120,88,completed,mobile,FHD,KR,0,home_recommendation
VEW002935,USR0245,MOV0137,2025-06-05T11:12:25Z,2025-06-05T11:44:25Z,22,24,abandoned,tablet,FHD,KR,0,trending
VEW002936,USR0245,MOV0013,2025-06-29T07:58:18Z,2025-06-29T09:54:18Z,105,75,abandoned,smart_tv,4K,KR,0,search
VEW002937,USR0245,MOV0067,2025-11-11T02:06:20Z,2025-11-11T03:25:20Z,64,59,abandoned,game_console,HD,KR,0,watchlist
VEW002938,USR0245,MOV0048,2025-08-05T11:07:04Z,2025-08-05T11:26:04Z,18,23,abandoned,web,FHD,KR,0,search
VEW002939,USR0245,MOV0166,2025-08-01T01:06:23Z,2025-08-01T02:17:23Z,55,38,abandoned,game_console,SD,KR,0,friend_share
VEW002940,USR0245,MOV0102,2024-07-29T09:55:54Z,2024-07-29T11:27:54Z,87,95,completed,tablet,SD,KR,0,search
VEW002941,USR0246,MOV0148,2024-01-24T21:08:02Z,2024-01-24T23:06:02Z,112,97,completed,tablet,4K,KR,0,watchlist
VEW002942,USR0246,MOV0186,2026-05-07T23:06:51Z,2026-05-08T01:40:51Z,149,99,completed,smart_tv,HD,KR,0,search
VEW002943,USR0246,MOV0163,2026-04-07T01:38:55Z,2026-04-07T03:34:55Z,110,89,completed,mobile,FHD,KR,0,search
VEW002944,USR0246,MOV0006,2023-09-01T08:05:30Z,2023-09-01T10:18:30Z,133,92,completed,web,SD,KR,0,friend_share
VEW002945,USR0246,MOV0112,2024-05-17T16:42:06Z,2024-05-17T17:22:06Z,33,31,abandoned,smart_tv,HD,KR,0,friend_share
VEW002946,USR0246,MOV0081,2024-12-19T00:04:26Z,2024-12-19T01:38:26Z,93,57,abandoned,web,FHD,KR,0,trending
VEW002947,USR0246,MOV0103,2026-02-03T03:26:31Z,2026-02-03T04:37:31Z,65,64,abandoned,web,HD,KR,0,home_recommendation
VEW002948,USR0246,MOV0175,2026-03-08T10:14:35Z,2026-03-08T11:33:35Z,71,62,abandoned,game_console,FHD,KR,0,friend_share
VEW002949,USR0246,MOV0142,2025-02-01T15:52:54Z,2025-02-01T17:57:54Z,121,86,completed,web,FHD,KR,0,home_recommendation
VEW002950,USR0246,MOV0014,2024-08-27T21:47:22Z,2024-08-27T22:27:22Z,39,29,abandoned,game_console,FHD,KR,0,trending
VEW002951,USR0246,MOV0038,2026-06-21T15:38:19Z,2026-06-21T16:14:19Z,22,20,abandoned,web,HD,KR,0,search
VEW002952,USR0246,MOV0188,2026-06-11T04:33:16Z,2026-06-11T05:14:16Z,23,26,abandoned,game_console,FHD,KR,0,watchlist
VEW002953,USR0247,MOV0134,2022-08-13T12:21:49Z,2022-08-13T14:03:49Z,93,92,completed,smart_tv,FHD,KR,0,friend_share
VEW002954,USR0247,MOV0195,2026-05-24T00:18:19Z,2026-05-24T02:59:19Z,150,98,completed,smart_tv,SD,KR,0,friend_share
VEW002955,USR0247,MOV0017,2025-02-12T17:11:12Z,2025-02-12T18:54:12Z,99,96,completed,web,HD,KR,0,friend_share
VEW002956,USR0247,MOV0044,2025-04-26T09:29:36Z,2025-04-26T11:56:36Z,130,81,abandoned,smart_tv,FHD,KR,0,friend_share
VEW002957,USR0247,MOV0152,2025-07-15T00:50:19Z,2025-07-15T01:57:19Z,55,44,abandoned,mobile,HD,KR,0,home_recommendation
VEW002958,USR0247,MOV0075,2025-07-30T02:38:41Z,2025-07-30T03:58:41Z,77,66,abandoned,game_console,HD,KR,0,trending
VEW002959,USR0247,MOV0110,2026-06-03T12:31:06Z,2026-06-03T14:28:06Z,106,68,abandoned,game_console,HD,KR,0,trending
VEW002960,USR0247,MOV0125,2026-04-02T07:45:27Z,2026-04-02T08:52:27Z,66,72,abandoned,game_console,FHD,KR,0,friend_share
VEW002961,USR0247,MOV0139,2023-08-11T14:27:10Z,2023-08-11T15:58:10Z,85,79,abandoned,game_console,HD,KR,0,friend_share
VEW002962,USR0247,MOV0175,2024-09-25T09:49:38Z,2024-09-25T10:42:38Z,43,38,abandoned,smart_tv,FHD,KR,0,trending
VEW002963,USR0247,MOV0002,2025-12-27T17:14:44Z,2025-12-27T18:38:44Z,79,77,abandoned,smart_tv,HD,KR,0,search
VEW002964,USR0247,MOV0124,2025-10-25T21:50:09Z,2025-10-25T22:53:09Z,56,58,abandoned,web,4K,KR,0,watchlist
VEW002965,USR0248,MOV0199,2025-04-19T14:25:12Z,2025-04-19T16:21:12Z,103,94,completed,tablet,HD,KR,0,friend_share
VEW002966,USR0248,MOV0160,2026-06-02T09:50:28Z,2026-06-02T11:33:28Z,96,91,completed,smart_tv,FHD,KR,0,search
VEW002967,USR0248,MOV0113,2026-02-11T04:00:40Z,2026-02-11T06:33:40Z,143,98,completed,mobile,4K,KR,0,home_recommendation
VEW002968,USR0248,MOV0186,2026-06-10T14:31:30Z,2026-06-10T17:12:30Z,149,99,completed,tablet,FHD,KR,0,friend_share
VEW002969,USR0248,MOV0057,2025-05-19T02:16:42Z,2025-05-19T03:31:42Z,70,71,abandoned,game_console,SD,KR,0,home_recommendation
VEW002970,USR0248,MOV0141,2026-07-01T14:09:28Z,2026-07-01T15:49:28Z,86,87,completed,mobile,FHD,KR,0,friend_share
VEW002971,USR0248,MOV0129,2025-05-14T09:03:14Z,2025-05-14T11:16:14Z,124,93,completed,game_console,SD,KR,0,trending
VEW002972,USR0248,MOV0175,2026-01-05T19:02:16Z,2026-01-05T21:00:16Z,105,92,completed,tablet,SD,KR,0,trending
VEW002973,USR0248,MOV0024,2026-04-04T00:54:42Z,2026-04-04T02:38:42Z,103,84,abandoned,web,4K,KR,0,friend_share
VEW002974,USR0248,MOV0133,2026-02-10T04:17:20Z,2026-02-10T05:41:20Z,75,52,abandoned,game_console,4K,KR,0,home_recommendation
VEW002975,USR0248,MOV0136,2025-05-24T16:17:49Z,2025-05-24T16:59:49Z,32,22,abandoned,tablet,4K,KR,0,friend_share
VEW002976,USR0248,MOV0189,2026-06-02T18:34:56Z,2026-06-02T20:17:56Z,100,65,abandoned,game_console,SD,KR,0,home_recommendation
VEW002977,USR0249,MOV0157,2026-04-17T01:55:31Z,2026-04-17T03:25:31Z,74,99,completed,game_console,SD,KR,0,home_recommendation
VEW002978,USR0249,MOV0084,2026-04-13T19:03:53Z,2026-04-13T21:30:53Z,140,94,completed,smart_tv,FHD,KR,0,trending
VEW002979,USR0249,MOV0119,2024-09-10T01:29:30Z,2024-09-10T04:02:30Z,136,100,completed,tablet,HD,KR,0,trending
VEW002980,USR0249,MOV0019,2023-12-23T01:17:01Z,2023-12-23T01:45:01Z,27,28,abandoned,mobile,HD,KR,0,home_recommendation
VEW002981,USR0249,MOV0017,2026-03-28T23:26:08Z,2026-03-29T00:14:08Z,48,47,abandoned,tablet,FHD,KR,0,watchlist
VEW002982,USR0249,MOV0099,2025-09-21T01:51:02Z,2025-09-21T03:50:02Z,114,88,completed,smart_tv,4K,KR,0,watchlist
VEW002983,USR0249,MOV0136,2025-01-09T14:26:13Z,2025-01-09T15:11:13Z,36,25,abandoned,tablet,SD,KR,0,friend_share
VEW002984,USR0249,MOV0016,2026-02-01T05:43:47Z,2026-02-01T07:59:47Z,132,92,completed,game_console,SD,KR,0,trending
VEW002985,USR0249,MOV0198,2024-04-20T20:46:12Z,2024-04-20T21:14:12Z,24,21,abandoned,game_console,HD,KR,0,search
VEW002986,USR0249,MOV0033,2023-12-01T11:12:21Z,2023-12-01T12:15:21Z,54,61,abandoned,tablet,FHD,KR,0,home_recommendation
VEW002987,USR0249,MOV0053,2026-02-27T01:18:12Z,2026-02-27T02:41:12Z,74,76,abandoned,smart_tv,FHD,KR,0,watchlist
VEW002988,USR0249,MOV0018,2024-09-10T02:11:54Z,2024-09-10T03:28:54Z,59,51,abandoned,game_console,SD,KR,0,friend_share
VEW002989,USR0250,MOV0076,2026-04-01T12:48:34Z,2026-04-01T15:31:34Z,145,96,completed,web,FHD,KR,0,friend_share
VEW002990,USR0250,MOV0014,2026-04-25T11:41:07Z,2026-04-25T14:05:07Z,128,94,completed,game_console,HD,KR,0,search
VEW002991,USR0250,MOV0133,2026-07-03T01:24:37Z,2026-07-03T03:41:37Z,135,94,completed,smart_tv,FHD,KR,0,friend_share
VEW002992,USR0250,MOV0134,2026-01-08T06:08:32Z,2026-01-08T07:41:32Z,78,77,abandoned,game_console,SD,KR,0,watchlist
VEW002993,USR0250,MOV0194,2026-05-17T03:40:32Z,2026-05-17T05:21:32Z,98,97,completed,game_console,SD,KR,0,friend_share
VEW002994,USR0250,MOV0113,2026-04-21T23:04:25Z,2026-04-22T01:32:25Z,133,91,completed,game_console,FHD,KR,0,watchlist
VEW002995,USR0250,MOV0193,2025-12-28T17:21:11Z,2025-12-28T18:05:11Z,36,27,abandoned,web,4K,KR,0,search
VEW002996,USR0250,MOV0153,2026-02-10T19:38:47Z,2026-02-10T20:25:47Z,43,30,abandoned,tablet,SD,KR,0,search
VEW002997,USR0250,MOV0019,2026-02-11T12:56:19Z,2026-02-11T13:25:19Z,27,28,abandoned,web,HD,KR,0,trending
VEW002998,USR0250,MOV0045,2025-12-30T14:43:05Z,2025-12-30T16:59:05Z,136,98,completed,smart_tv,4K,KR,0,friend_share
VEW002999,USR0250,MOV0080,2026-05-10T08:54:12Z,2026-05-10T10:42:12Z,107,72,abandoned,mobile,4K,KR,0,trending
VEW003000,USR0250,MOV0179,2026-03-09T07:05:33Z,2026-03-09T08:07:33Z,49,38,abandoned,web,SD,KR,0,friend_share
VEW003001,USR0251,MOV0069,2025-05-28T13:25:13Z,2025-05-28T15:12:13Z,92,99,completed,mobile,FHD,KR,0,home_recommendation
VEW003002,USR0251,MOV0188,2026-03-08T06:36:07Z,2026-03-08T07:59:07Z,79,91,completed,mobile,HD,KR,0,home_recommendation
VEW003003,USR0251,MOV0125,2025-08-02T19:24:55Z,2025-08-02T20:58:55Z,84,92,completed,smart_tv,FHD,KR,0,trending
VEW003004,USR0251,MOV0133,2023-11-10T11:22:18Z,2023-11-10T12:07:18Z,29,20,abandoned,smart_tv,4K,KR,0,home_recommendation
VEW003005,USR0251,MOV0199,2025-01-10T11:58:49Z,2025-01-10T12:31:49Z,31,28,abandoned,smart_tv,FHD,KR,0,watchlist
VEW003006,USR0251,MOV0127,2023-08-22T09:29:35Z,2023-08-22T10:47:35Z,72,70,abandoned,mobile,4K,KR,0,home_recommendation
VEW003007,USR0251,MOV0191,2026-02-21T06:19:35Z,2026-02-21T09:09:35Z,157,97,completed,game_console,SD,KR,0,home_recommendation
VEW003008,USR0251,MOV0011,2025-09-07T19:27:31Z,2025-09-07T20:47:31Z,73,66,abandoned,tablet,FHD,KR,0,trending
VEW003009,USR0251,MOV0016,2025-10-08T21:13:12Z,2025-10-08T23:19:12Z,110,77,abandoned,tablet,4K,KR,0,search
VEW003010,USR0251,MOV0120,2025-03-19T03:55:24Z,2025-03-19T05:28:24Z,92,98,completed,smart_tv,SD,KR,0,watchlist
VEW003011,USR0251,MOV0074,2024-07-01T11:16:07Z,2024-07-01T13:35:07Z,132,94,completed,smart_tv,HD,KR,0,search
VEW003012,USR0251,MOV0085,2026-07-14T17:36:22Z,2026-07-14T19:37:22Z,105,83,abandoned,game_console,SD,KR,0,home_recommendation
VEW003013,USR0252,MOV0009,2026-04-29T02:22:38Z,2026-04-29T04:25:38Z,123,90,completed,smart_tv,FHD,KR,0,watchlist
VEW003014,USR0252,MOV0026,2026-05-17T06:53:43Z,2026-05-17T08:29:43Z,86,92,completed,game_console,4K,KR,0,trending
VEW003015,USR0252,MOV0196,2026-02-06T23:05:08Z,2026-02-07T01:15:08Z,120,99,completed,game_console,HD,KR,0,trending
VEW003016,USR0252,MOV0027,2026-03-29T12:36:03Z,2026-03-29T14:01:03Z,77,75,abandoned,tablet,SD,KR,0,watchlist
VEW003017,USR0252,MOV0037,2025-12-14T19:25:59Z,2025-12-14T20:32:59Z,49,52,abandoned,mobile,HD,KR,0,trending
VEW003018,USR0252,MOV0145,2026-03-20T05:41:43Z,2026-03-20T07:05:43Z,80,59,abandoned,mobile,HD,KR,0,watchlist
VEW003019,USR0252,MOV0184,2025-12-30T10:34:11Z,2025-12-30T12:12:11Z,85,83,abandoned,tablet,4K,KR,0,home_recommendation
VEW003020,USR0252,MOV0108,2026-06-04T07:12:31Z,2026-06-04T08:55:31Z,90,77,abandoned,web,SD,KR,0,home_recommendation
VEW003021,USR0252,MOV0171,2026-02-07T11:49:07Z,2026-02-07T14:03:07Z,124,97,completed,web,SD,KR,0,search
VEW003022,USR0252,MOV0004,2026-07-13T05:30:48Z,2026-07-13T07:33:48Z,119,92,completed,web,HD,KR,0,search
VEW003023,USR0252,MOV0024,2025-12-18T06:23:31Z,2025-12-18T08:06:31Z,87,71,abandoned,mobile,HD,KR,0,trending
VEW003024,USR0252,MOV0128,2026-01-28T18:47:22Z,2026-01-28T20:15:22Z,78,86,completed,web,FHD,KR,0,search
VEW003025,USR0253,MOV0080,2024-08-28T15:32:55Z,2024-08-28T18:08:55Z,145,97,completed,mobile,FHD,KR,0,home_recommendation
VEW003026,USR0253,MOV0140,2025-12-19T06:02:13Z,2025-12-19T08:20:13Z,124,99,completed,smart_tv,FHD,KR,0,friend_share
VEW003027,USR0253,MOV0191,2025-06-09T22:28:12Z,2025-06-10T01:23:12Z,157,97,completed,tablet,4K,KR,0,watchlist
VEW003028,USR0253,MOV0113,2026-02-23T06:42:00Z,2026-02-23T09:14:00Z,134,92,completed,tablet,SD,KR,0,friend_share
VEW003029,USR0253,MOV0114,2024-12-24T17:40:34Z,2024-12-24T18:40:34Z,45,41,abandoned,web,FHD,KR,0,friend_share
VEW003030,USR0253,MOV0136,2025-10-21T10:01:39Z,2025-10-21T11:24:39Z,70,48,abandoned,game_console,SD,KR,0,home_recommendation
VEW003031,USR0253,MOV0046,2026-06-19T18:59:59Z,2026-06-19T20:37:59Z,93,76,abandoned,web,SD,KR,0,trending
VEW003032,USR0253,MOV0021,2026-06-17T01:46:37Z,2026-06-17T02:41:37Z,39,24,abandoned,web,FHD,KR,0,watchlist
VEW003033,USR0253,MOV0120,2024-04-15T05:23:43Z,2024-04-15T06:28:43Z,61,65,abandoned,web,SD,KR,0,watchlist
VEW003034,USR0253,MOV0131,2024-11-09T12:38:08Z,2024-11-09T14:41:08Z,109,100,completed,smart_tv,SD,KR,0,watchlist
VEW003035,USR0253,MOV0155,2025-12-22T10:44:47Z,2025-12-22T11:26:47Z,26,21,abandoned,tablet,4K,KR,0,watchlist
VEW003036,USR0253,MOV0160,2026-05-05T23:54:22Z,2026-05-06T01:53:22Z,101,95,completed,tablet,4K,KR,0,trending
VEW003037,USR0254,MOV0093,2026-02-05T22:16:56Z,2026-02-06T00:19:56Z,112,98,completed,web,SD,KR,0,watchlist
VEW003038,USR0254,MOV0157,2026-07-04T10:52:32Z,2026-07-04T12:12:32Z,71,95,completed,smart_tv,FHD,KR,0,friend_share
VEW003039,USR0254,MOV0081,2026-05-16T17:54:17Z,2026-05-16T20:27:17Z,145,89,completed,web,SD,KR,0,home_recommendation
VEW003040,USR0254,MOV0069,2026-03-17T14:18:47Z,2026-03-17T15:12:47Z,54,58,abandoned,mobile,FHD,KR,0,trending
VEW003041,USR0254,MOV0020,2026-03-03T11:22:33Z,2026-03-03T12:36:33Z,68,64,abandoned,web,FHD,KR,0,home_recommendation
VEW003042,USR0254,MOV0066,2026-02-26T14:00:13Z,2026-02-26T15:25:13Z,84,53,abandoned,web,FHD,KR,0,search
VEW003043,USR0254,MOV0049,2026-05-30T09:15:26Z,2026-05-30T10:32:26Z,73,51,abandoned,game_console,SD,KR,0,trending
VEW003044,USR0254,MOV0014,2026-03-05T07:00:20Z,2026-03-05T08:37:20Z,86,63,abandoned,tablet,HD,KR,0,trending
VEW003045,USR0254,MOV0141,2026-07-13T10:47:16Z,2026-07-13T11:30:16Z,33,33,abandoned,web,HD,KR,0,search
VEW003046,USR0254,MOV0103,2026-05-13T10:47:01Z,2026-05-13T11:16:01Z,21,21,abandoned,smart_tv,4K,KR,0,trending
VEW003047,USR0254,MOV0140,2026-01-12T21:25:24Z,2026-01-12T22:23:24Z,43,34,abandoned,mobile,SD,KR,0,home_recommendation
VEW003048,USR0254,MOV0114,2026-02-02T03:31:54Z,2026-02-02T05:01:54Z,76,69,abandoned,mobile,SD,KR,0,trending
VEW003049,USR0255,MOV0055,2026-07-15T22:40:23Z,2026-07-16T01:05:23Z,130,96,completed,web,FHD,KR,0,home_recommendation
VEW003050,USR0255,MOV0158,2024-10-10T02:58:02Z,2024-10-10T04:41:02Z,91,93,completed,tablet,FHD,KR,0,home_recommendation
VEW003051,USR0255,MOV0073,2024-04-18T08:10:40Z,2024-04-18T11:02:40Z,157,97,completed,mobile,FHD,KR,0,friend_share
VEW003052,USR0255,MOV0110,2026-05-22T10:57:06Z,2026-05-22T13:23:06Z,142,91,completed,game_console,SD,KR,0,watchlist
VEW003053,USR0255,MOV0112,2023-11-15T19:36:36Z,2023-11-15T21:18:36Z,87,81,abandoned,mobile,SD,KR,0,trending
VEW003054,USR0255,MOV0195,2026-02-02T22:50:02Z,2026-02-03T00:39:02Z,95,62,abandoned,mobile,SD,KR,0,search
VEW003055,USR0255,MOV0056,2022-12-01T10:53:22Z,2022-12-01T12:55:22Z,108,96,completed,game_console,FHD,KR,0,friend_share
VEW003056,USR0255,MOV0142,2024-09-24T01:32:02Z,2024-09-24T03:03:02Z,82,58,abandoned,tablet,FHD,KR,0,trending
VEW003057,USR0255,MOV0196,2025-10-04T10:13:06Z,2025-10-04T11:13:06Z,53,44,abandoned,game_console,4K,KR,0,watchlist
VEW003058,USR0255,MOV0155,2024-01-26T03:40:48Z,2024-01-26T04:23:48Z,39,32,abandoned,tablet,SD,KR,0,trending
VEW003059,USR0255,MOV0057,2026-05-15T00:04:28Z,2026-05-15T01:02:28Z,44,44,abandoned,web,SD,KR,0,home_recommendation
VEW003060,USR0255,MOV0137,2026-05-16T19:23:20Z,2026-05-16T20:16:20Z,40,43,abandoned,game_console,SD,KR,0,search
VEW003061,USR0256,MOV0131,2025-01-28T02:45:15Z,2025-01-28T04:44:15Z,106,97,completed,smart_tv,SD,KR,0,trending
VEW003062,USR0256,MOV0121,2026-01-10T16:35:02Z,2026-01-10T18:26:02Z,111,93,completed,smart_tv,FHD,KR,0,friend_share
VEW003063,USR0256,MOV0085,2026-07-15T23:07:04Z,2026-07-16T01:23:04Z,120,95,completed,smart_tv,4K,KR,0,search
VEW003064,USR0256,MOV0021,2024-02-08T10:44:37Z,2024-02-08T12:50:37Z,108,67,abandoned,game_console,4K,KR,0,watchlist
VEW003065,USR0256,MOV0095,2026-02-10T03:18:28Z,2026-02-10T03:58:28Z,25,27,abandoned,game_console,FHD,KR,0,home_recommendation
VEW003066,USR0256,MOV0093,2025-12-31T07:30:24Z,2025-12-31T08:35:24Z,63,55,abandoned,mobile,4K,KR,0,friend_share
VEW003067,USR0256,MOV0190,2026-05-14T07:28:41Z,2026-05-14T09:10:41Z,102,64,abandoned,smart_tv,4K,KR,0,trending
VEW003068,USR0256,MOV0041,2026-04-11T14:26:07Z,2026-04-11T16:41:07Z,130,85,completed,mobile,4K,KR,0,watchlist
VEW003069,USR0256,MOV0153,2025-08-22T05:42:12Z,2025-08-22T06:59:12Z,69,48,abandoned,smart_tv,HD,KR,0,search
VEW003070,USR0256,MOV0112,2023-11-23T05:40:38Z,2023-11-23T06:36:38Z,41,38,abandoned,tablet,SD,KR,0,search
VEW003071,USR0256,MOV0170,2026-01-14T08:03:45Z,2026-01-14T08:59:45Z,53,49,abandoned,tablet,SD,KR,0,watchlist
VEW003072,USR0256,MOV0173,2023-06-15T05:03:45Z,2023-06-15T06:54:45Z,105,77,abandoned,tablet,SD,KR,0,watchlist
VEW003073,USR0257,MOV0020,2025-06-15T06:17:03Z,2025-06-15T08:09:03Z,100,93,completed,tablet,SD,KR,0,trending
VEW003074,USR0257,MOV0178,2026-04-28T13:18:57Z,2026-04-28T15:19:57Z,106,91,completed,tablet,4K,KR,0,watchlist
VEW003075,USR0257,MOV0074,2023-08-14T16:29:38Z,2023-08-14T19:03:38Z,136,97,completed,mobile,FHD,KR,0,trending
VEW003076,USR0257,MOV0177,2026-01-23T17:22:29Z,2026-01-23T18:11:29Z,36,51,abandoned,game_console,4K,KR,0,search
VEW003077,USR0257,MOV0079,2025-05-09T17:47:13Z,2025-05-09T20:21:13Z,147,96,completed,web,4K,KR,0,friend_share
VEW003078,USR0257,MOV0103,2025-09-22T06:29:05Z,2025-09-22T07:12:05Z,25,25,abandoned,mobile,SD,KR,0,friend_share
VEW003079,USR0257,MOV0134,2024-02-25T12:49:05Z,2024-02-25T13:27:05Z,21,21,abandoned,mobile,FHD,KR,0,friend_share
VEW003080,USR0257,MOV0109,2026-03-31T17:43:02Z,2026-03-31T19:19:02Z,78,61,abandoned,web,FHD,KR,0,friend_share
VEW003081,USR0257,MOV0198,2023-05-07T23:40:57Z,2023-05-08T00:30:57Z,33,29,abandoned,game_console,HD,KR,0,trending
VEW003082,USR0257,MOV0124,2025-06-20T12:59:29Z,2025-06-20T14:26:29Z,76,79,abandoned,smart_tv,SD,KR,0,trending
VEW003083,USR0257,MOV0027,2023-04-23T11:34:20Z,2023-04-23T12:14:20Z,32,31,abandoned,smart_tv,FHD,KR,0,watchlist
VEW003084,USR0257,MOV0033,2025-08-05T22:47:46Z,2025-08-05T23:55:46Z,58,66,abandoned,mobile,HD,KR,0,trending
VEW003085,USR0258,MOV0121,2025-05-26T23:12:26Z,2025-05-27T01:21:26Z,111,93,completed,tablet,4K,KR,0,search
VEW003086,USR0258,MOV0020,2024-04-20T11:01:46Z,2024-04-20T12:51:46Z,106,99,completed,mobile,FHD,KR,0,watchlist
VEW003087,USR0258,MOV0005,2023-10-10T18:02:27Z,2023-10-10T19:52:27Z,94,94,completed,game_console,4K,KR,0,search
VEW003088,USR0258,MOV0029,2025-09-14T12:37:51Z,2025-09-14T13:48:51Z,64,54,abandoned,tablet,HD,KR,0,search
VEW003089,USR0258,MOV0047,2025-11-19T23:03:03Z,2025-11-19T23:40:03Z,33,46,abandoned,web,HD,KR,0,watchlist
VEW003090,USR0258,MOV0095,2026-07-11T14:23:02Z,2026-07-11T15:19:02Z,38,41,abandoned,tablet,FHD,KR,0,trending
VEW003091,USR0258,MOV0150,2026-07-12T03:59:17Z,2026-07-12T04:54:17Z,45,36,abandoned,game_console,4K,KR,0,search
VEW003092,USR0258,MOV0187,2026-03-30T07:12:00Z,2026-03-30T08:34:00Z,65,75,abandoned,smart_tv,FHD,KR,0,friend_share
VEW003093,USR0258,MOV0098,2026-03-10T20:24:07Z,2026-03-10T21:05:07Z,32,30,abandoned,smart_tv,4K,KR,0,home_recommendation
VEW003094,USR0258,MOV0036,2026-03-24T06:42:13Z,2026-03-24T07:23:13Z,37,35,abandoned,game_console,SD,KR,0,watchlist
VEW003095,USR0258,MOV0174,2022-05-16T09:26:25Z,2022-05-16T10:54:25Z,75,58,abandoned,web,HD,KR,0,trending
VEW003096,USR0258,MOV0163,2026-04-08T20:07:07Z,2026-04-08T21:02:07Z,40,32,abandoned,web,SD,KR,0,trending
VEW003097,USR0259,MOV0123,2025-10-29T19:20:23Z,2025-10-29T21:06:23Z,96,93,completed,mobile,4K,KR,0,search
VEW003098,USR0259,MOV0093,2026-06-10T22:31:21Z,2026-06-11T00:41:21Z,113,99,completed,game_console,HD,KR,0,search
VEW003099,USR0259,MOV0144,2025-12-18T00:58:01Z,2025-12-18T03:51:01Z,161,99,completed,tablet,FHD,KR,0,home_recommendation
VEW003100,USR0259,MOV0107,2025-06-23T02:07:36Z,2025-06-23T03:11:36Z,53,54,abandoned,game_console,4K,KR,0,friend_share
VEW003101,USR0259,MOV0113,2026-02-10T10:20:46Z,2026-02-10T11:20:46Z,58,40,abandoned,game_console,FHD,KR,0,trending
VEW003102,USR0259,MOV0124,2025-09-12T00:44:31Z,2025-09-12T01:08:31Z,20,21,abandoned,tablet,4K,KR,0,friend_share
VEW003103,USR0259,MOV0019,2025-09-21T14:19:27Z,2025-09-21T14:39:27Z,20,21,abandoned,smart_tv,SD,KR,0,watchlist
VEW003104,USR0259,MOV0059,2026-02-06T18:55:02Z,2026-02-06T19:41:02Z,37,27,abandoned,web,SD,KR,0,friend_share
VEW003105,USR0259,MOV0192,2026-02-20T00:21:58Z,2026-02-20T01:38:58Z,65,69,abandoned,tablet,HD,KR,0,watchlist
VEW003106,USR0259,MOV0127,2026-03-31T15:15:26Z,2026-03-31T15:57:26Z,25,24,abandoned,web,4K,KR,0,friend_share
VEW003107,USR0259,MOV0029,2025-09-25T21:15:18Z,2025-09-25T21:58:18Z,25,21,abandoned,web,HD,KR,0,watchlist
VEW003108,USR0259,MOV0142,2025-09-01T23:09:32Z,2025-09-01T23:56:32Z,47,33,abandoned,tablet,FHD,KR,0,search
VEW003109,USR0260,MOV0025,2026-06-19T05:01:38Z,2026-06-19T07:40:38Z,148,94,completed,tablet,4K,KR,0,friend_share
VEW003110,USR0260,MOV0175,2025-11-26T19:07:07Z,2025-11-26T21:08:07Z,105,92,completed,smart_tv,4K,KR,0,home_recommendation
VEW003111,USR0260,MOV0152,2026-02-23T02:54:19Z,2026-02-23T05:02:19Z,125,100,completed,mobile,SD,KR,0,search
VEW003112,USR0260,MOV0194,2026-07-16T13:52:25Z,2026-07-16T15:20:25Z,78,77,abandoned,mobile,FHD,KR,0,home_recommendation
VEW003113,USR0260,MOV0075,2025-05-12T08:10:18Z,2025-05-12T10:00:18Z,106,91,completed,smart_tv,HD,KR,0,friend_share
VEW003114,USR0260,MOV0184,2024-04-23T03:50:25Z,2024-04-23T05:20:25Z,90,88,completed,tablet,SD,KR,0,home_recommendation
VEW003115,USR0260,MOV0020,2026-05-06T15:03:43Z,2026-05-06T16:18:43Z,60,56,abandoned,mobile,4K,KR,0,search
VEW003116,USR0260,MOV0144,2023-10-15T09:56:53Z,2023-10-15T12:04:53Z,114,70,abandoned,game_console,4K,KR,0,friend_share
VEW003117,USR0260,MOV0189,2026-05-16T15:54:37Z,2026-05-16T16:51:37Z,54,35,abandoned,mobile,HD,KR,0,friend_share
VEW003118,USR0260,MOV0069,2026-04-15T01:36:09Z,2026-04-15T02:21:09Z,34,37,abandoned,tablet,FHD,KR,0,home_recommendation
VEW003119,USR0260,MOV0124,2024-12-26T08:52:57Z,2024-12-26T10:12:57Z,69,72,abandoned,tablet,4K,KR,0,friend_share
VEW003120,USR0260,MOV0192,2025-12-27T08:56:14Z,2025-12-27T09:58:14Z,49,52,abandoned,web,FHD,KR,0,search
VEW003121,USR0261,MOV0120,2024-04-04T17:53:20Z,2024-04-04T19:28:20Z,85,90,completed,web,SD,KR,0,search
VEW003122,USR0261,MOV0070,2025-12-22T21:02:29Z,2025-12-22T22:47:29Z,103,95,completed,tablet,SD,KR,0,friend_share
VEW003123,USR0261,MOV0122,2024-10-27T22:24:25Z,2024-10-28T00:31:25Z,119,90,completed,smart_tv,SD,KR,0,home_recommendation
VEW003124,USR0261,MOV0050,2026-05-09T15:21:16Z,2026-05-09T17:13:16Z,97,68,abandoned,tablet,FHD,KR,0,watchlist
VEW003125,USR0261,MOV0172,2026-07-06T18:47:08Z,2026-07-06T19:37:08Z,41,30,abandoned,web,SD,KR,0,watchlist
VEW003126,USR0261,MOV0186,2026-05-23T04:01:15Z,2026-05-23T04:37:15Z,35,23,abandoned,tablet,4K,KR,0,search
VEW003127,USR0261,MOV0029,2024-04-09T17:11:39Z,2024-04-09T18:31:39Z,70,59,abandoned,game_console,SD,KR,0,trending
VEW003128,USR0261,MOV0136,2025-06-27T04:23:53Z,2025-06-27T06:02:53Z,84,58,abandoned,web,FHD,KR,0,watchlist
VEW003129,USR0261,MOV0069,2023-03-13T15:13:45Z,2023-03-13T16:30:45Z,60,65,abandoned,web,4K,KR,0,watchlist
VEW003130,USR0261,MOV0150,2025-11-10T07:40:45Z,2025-11-10T09:20:45Z,86,69,abandoned,tablet,FHD,KR,0,watchlist
VEW003131,USR0261,MOV0066,2025-06-09T21:03:34Z,2025-06-09T22:03:34Z,49,31,abandoned,smart_tv,HD,KR,0,watchlist
VEW003132,USR0261,MOV0011,2026-06-14T22:56:44Z,2026-06-15T00:25:44Z,80,72,abandoned,smart_tv,HD,KR,0,home_recommendation
VEW003133,USR0262,MOV0134,2026-02-03T07:19:03Z,2026-02-03T09:10:03Z,100,99,completed,web,HD,KR,0,watchlist
VEW003134,USR0262,MOV0036,2026-03-12T03:17:45Z,2026-03-12T05:10:45Z,104,98,completed,game_console,4K,KR,0,watchlist
VEW003135,USR0262,MOV0182,2026-02-06T15:51:44Z,2026-02-06T18:06:44Z,132,100,completed,tablet,HD,KR,0,home_recommendation
VEW003136,USR0262,MOV0086,2026-01-14T05:26:32Z,2026-01-14T06:14:32Z,48,37,abandoned,web,SD,KR,0,trending
VEW003137,USR0262,MOV0147,2026-01-14T15:24:23Z,2026-01-14T15:55:23Z,27,33,abandoned,smart_tv,SD,KR,0,watchlist
VEW003138,USR0262,MOV0164,2026-06-16T07:16:23Z,2026-06-16T08:02:23Z,29,22,abandoned,tablet,SD,KR,0,watchlist
VEW003139,USR0262,MOV0178,2026-04-19T18:51:05Z,2026-04-19T20:08:05Z,59,51,abandoned,mobile,HD,KR,0,home_recommendation
VEW003140,USR0262,MOV0049,2026-02-15T19:39:14Z,2026-02-15T21:01:14Z,72,50,abandoned,game_console,SD,KR,0,home_recommendation
VEW003141,USR0262,MOV0162,2025-10-26T23:19:07Z,2025-10-27T01:41:07Z,142,99,completed,tablet,HD,KR,0,trending
VEW003142,USR0262,MOV0011,2026-04-05T16:11:56Z,2026-04-05T17:31:56Z,74,67,abandoned,game_console,HD,KR,0,trending
VEW003143,USR0262,MOV0112,2026-07-03T09:54:18Z,2026-07-03T10:44:18Z,43,40,abandoned,web,HD,KR,0,search
VEW003144,USR0262,MOV0017,2025-12-15T01:37:14Z,2025-12-15T02:45:14Z,55,53,abandoned,smart_tv,FHD,KR,0,friend_share
VEW003145,USR0263,MOV0174,2025-12-28T00:17:51Z,2025-12-28T02:36:51Z,126,98,completed,mobile,FHD,KR,0,home_recommendation
VEW003146,USR0263,MOV0198,2025-08-13T22:30:04Z,2025-08-14T00:34:04Z,106,93,completed,tablet,HD,KR,0,watchlist
VEW003147,USR0263,MOV0059,2025-09-07T09:44:08Z,2025-09-07T12:08:08Z,127,92,completed,mobile,SD,KR,0,home_recommendation
VEW003148,USR0263,MOV0142,2025-12-30T05:21:09Z,2025-12-30T07:14:09Z,100,71,abandoned,web,HD,KR,0,home_recommendation
VEW003149,USR0263,MOV0093,2026-06-23T23:10:53Z,2026-06-23T23:57:53Z,38,33,abandoned,mobile,HD,KR,0,trending
VEW003150,USR0263,MOV0149,2025-06-29T16:35:46Z,2025-06-29T18:42:46Z,115,81,abandoned,tablet,FHD,KR,0,search
VEW003151,USR0263,MOV0015,2025-08-03T00:08:23Z,2025-08-03T01:33:23Z,78,50,abandoned,mobile,FHD,KR,0,watchlist
VEW003152,USR0263,MOV0073,2026-01-08T15:41:29Z,2026-01-08T16:37:29Z,47,29,abandoned,web,HD,KR,0,friend_share
VEW003153,USR0263,MOV0159,2025-09-15T16:22:39Z,2025-09-15T18:06:39Z,95,70,abandoned,game_console,SD,KR,0,friend_share
VEW003154,USR0263,MOV0019,2026-04-19T18:36:55Z,2026-04-19T19:43:55Z,64,66,abandoned,smart_tv,4K,KR,0,friend_share
VEW003155,USR0263,MOV0197,2025-04-19T03:25:31Z,2025-04-19T04:22:31Z,46,43,abandoned,game_console,SD,KR,0,friend_share
VEW003156,USR0263,MOV0006,2025-02-25T20:59:10Z,2025-02-25T21:44:10Z,38,26,abandoned,smart_tv,SD,KR,0,friend_share
VEW003157,USR0264,MOV0136,2025-05-25T11:50:17Z,2025-05-25T14:16:17Z,139,96,completed,web,SD,KR,0,friend_share
VEW003158,USR0264,MOV0121,2025-07-01T00:46:18Z,2025-07-01T02:53:18Z,114,96,completed,smart_tv,FHD,KR,0,home_recommendation
VEW003159,USR0264,MOV0034,2025-07-10T19:46:47Z,2025-07-10T21:31:47Z,100,99,completed,web,FHD,KR,0,watchlist
VEW003160,USR0264,MOV0104,2026-01-13T17:55:50Z,2026-01-13T18:50:50Z,52,32,abandoned,smart_tv,4K,KR,0,trending
VEW003161,USR0264,MOV0081,2024-10-17T04:10:12Z,2024-10-17T06:41:12Z,148,91,completed,tablet,SD,KR,0,trending
VEW003162,USR0264,MOV0187,2025-06-02T06:37:35Z,2025-06-02T07:15:35Z,23,27,abandoned,web,HD,KR,0,search
VEW003163,USR0264,MOV0179,2024-10-22T07:51:41Z,2024-10-22T08:32:41Z,38,29,abandoned,game_console,FHD,KR,0,search
VEW003164,USR0264,MOV0141,2026-06-23T00:17:21Z,2026-06-23T01:06:21Z,46,46,abandoned,game_console,HD,KR,0,search
VEW003165,USR0264,MOV0177,2024-01-02T17:11:58Z,2024-01-02T17:46:58Z,23,32,abandoned,smart_tv,FHD,KR,0,friend_share
VEW003166,USR0264,MOV0098,2026-03-27T10:04:55Z,2026-03-27T11:08:55Z,59,56,abandoned,mobile,HD,KR,0,home_recommendation
VEW003167,USR0264,MOV0181,2026-02-14T21:34:47Z,2026-02-14T22:34:47Z,54,37,abandoned,mobile,SD,KR,0,watchlist
VEW003168,USR0264,MOV0097,2026-04-03T17:36:17Z,2026-04-03T18:03:17Z,27,36,abandoned,game_console,HD,KR,0,watchlist
VEW003169,USR0265,MOV0132,2026-06-30T14:13:06Z,2026-06-30T15:53:06Z,94,98,completed,game_console,4K,KR,0,home_recommendation
VEW003170,USR0265,MOV0105,2026-06-24T17:49:00Z,2026-06-24T19:47:00Z,112,100,completed,web,4K,KR,0,friend_share
VEW003171,USR0265,MOV0054,2025-07-30T19:34:47Z,2025-07-30T21:22:47Z,100,93,completed,tablet,SD,KR,0,home_recommendation
VEW003172,USR0265,MOV0097,2026-04-29T08:09:43Z,2026-04-29T09:16:43Z,59,79,abandoned,game_console,SD,KR,0,trending
VEW003173,USR0265,MOV0178,2026-04-30T06:35:50Z,2026-04-30T07:28:50Z,38,33,abandoned,mobile,SD,KR,0,friend_share
VEW003174,USR0265,MOV0100,2025-09-30T04:43:32Z,2025-09-30T06:36:32Z,111,97,completed,tablet,FHD,KR,0,search
VEW003175,USR0265,MOV0136,2026-02-10T23:32:55Z,2026-02-11T00:35:55Z,51,35,abandoned,web,HD,KR,0,friend_share
VEW003176,USR0265,MOV0040,2025-08-23T04:53:29Z,2025-08-23T06:39:29Z,100,91,completed,game_console,SD,KR,0,friend_share
VEW003177,USR0265,MOV0111,2024-08-31T21:07:13Z,2024-08-31T22:42:13Z,80,79,abandoned,mobile,SD,KR,0,friend_share
VEW003178,USR0265,MOV0048,2025-01-18T01:10:35Z,2025-01-18T01:57:35Z,35,45,abandoned,mobile,HD,KR,0,home_recommendation
VEW003179,USR0265,MOV0053,2026-04-09T02:19:25Z,2026-04-09T03:42:25Z,71,72,abandoned,web,SD,KR,0,trending
VEW003180,USR0265,MOV0069,2024-02-11T06:09:40Z,2024-02-11T07:00:40Z,36,39,abandoned,tablet,4K,KR,0,search
VEW003181,USR0266,MOV0122,2026-04-08T04:30:01Z,2026-04-08T06:43:01Z,125,95,completed,game_console,SD,KR,0,search
VEW003182,USR0266,MOV0133,2024-01-31T07:10:09Z,2024-01-31T09:45:09Z,140,97,completed,mobile,4K,KR,0,watchlist
VEW003183,USR0266,MOV0143,2025-07-12T02:45:47Z,2025-07-12T04:36:47Z,97,92,completed,game_console,FHD,KR,0,home_recommendation
VEW003184,USR0266,MOV0193,2026-01-19T19:10:48Z,2026-01-19T21:05:48Z,112,83,abandoned,web,FHD,KR,0,home_recommendation
VEW003185,USR0266,MOV0016,2026-01-01T01:49:48Z,2026-01-01T03:23:48Z,83,58,abandoned,smart_tv,HD,KR,0,friend_share
VEW003186,USR0266,MOV0135,2026-01-31T04:06:53Z,2026-01-31T04:58:53Z,37,27,abandoned,smart_tv,4K,KR,0,watchlist
VEW003187,USR0266,MOV0062,2026-05-23T12:02:24Z,2026-05-23T14:42:24Z,143,96,completed,web,SD,KR,0,friend_share
VEW003188,USR0266,MOV0158,2025-10-09T01:23:28Z,2025-10-09T03:05:28Z,95,97,completed,web,4K,KR,0,search
VEW003189,USR0266,MOV0008,2026-07-18T00:04:07Z,2026-07-18T00:57:07Z,50,58,abandoned,game_console,4K,KR,0,home_recommendation
VEW003190,USR0266,MOV0055,2026-05-19T04:19:54Z,2026-05-19T04:57:54Z,36,27,abandoned,web,HD,KR,0,search
VEW003191,USR0266,MOV0025,2025-04-12T15:41:56Z,2025-04-12T18:13:56Z,151,96,completed,mobile,SD,KR,0,watchlist
VEW003192,USR0266,MOV0140,2025-08-01T02:33:46Z,2025-08-01T04:34:46Z,114,91,completed,mobile,SD,KR,0,friend_share
VEW003193,USR0267,MOV0160,2025-01-12T09:52:15Z,2025-01-12T11:36:15Z,102,96,completed,game_console,HD,KR,0,watchlist
VEW003194,USR0267,MOV0154,2025-10-27T05:22:07Z,2025-10-27T07:21:07Z,116,94,completed,mobile,FHD,KR,0,home_recommendation
VEW003195,USR0267,MOV0123,2025-09-02T17:19:41Z,2025-09-02T18:55:41Z,93,90,completed,smart_tv,SD,KR,0,home_recommendation
VEW003196,USR0267,MOV0008,2026-02-12T01:24:12Z,2026-02-12T02:43:12Z,63,73,abandoned,mobile,4K,KR,0,search
VEW003197,USR0267,MOV0065,2026-06-09T20:57:24Z,2026-06-09T22:05:24Z,52,40,abandoned,tablet,4K,KR,0,home_recommendation
VEW003198,USR0267,MOV0165,2025-10-25T20:38:10Z,2025-10-25T22:08:10Z,73,60,abandoned,game_console,HD,KR,0,trending
VEW003199,USR0267,MOV0147,2026-03-13T15:39:13Z,2026-03-13T16:19:13Z,22,26,abandoned,web,SD,KR,0,search
VEW003200,USR0267,MOV0119,2023-08-07T20:21:02Z,2023-08-07T21:34:02Z,69,51,abandoned,mobile,4K,KR,0,home_recommendation
VEW003201,USR0267,MOV0084,2026-06-17T22:13:01Z,2026-06-17T23:00:01Z,33,22,abandoned,tablet,SD,KR,0,watchlist
VEW003202,USR0267,MOV0020,2025-09-14T03:58:48Z,2025-09-14T05:21:48Z,74,69,abandoned,smart_tv,FHD,KR,0,search
VEW003203,USR0267,MOV0009,2026-01-19T14:31:50Z,2026-01-19T15:54:50Z,69,50,abandoned,tablet,4K,KR,0,friend_share
VEW003204,USR0267,MOV0170,2023-01-21T18:17:05Z,2023-01-21T19:35:05Z,78,72,abandoned,mobile,HD,KR,0,watchlist
VEW003205,USR0268,MOV0037,2026-02-07T07:25:20Z,2026-02-07T09:10:20Z,89,94,completed,mobile,SD,KR,0,trending
VEW003206,USR0268,MOV0013,2023-04-18T07:28:22Z,2023-04-18T09:58:22Z,137,98,completed,web,SD,KR,0,watchlist
VEW003207,USR0268,MOV0065,2025-11-24T14:24:34Z,2025-11-24T16:44:34Z,123,95,completed,web,FHD,KR,0,home_recommendation
VEW003208,USR0268,MOV0101,2024-02-11T00:59:18Z,2024-02-11T02:41:18Z,101,68,abandoned,smart_tv,4K,KR,0,search
VEW003209,USR0268,MOV0115,2026-03-02T13:12:53Z,2026-03-02T15:15:53Z,121,83,abandoned,game_console,FHD,KR,0,watchlist
VEW003210,USR0268,MOV0137,2025-12-27T15:40:16Z,2025-12-27T16:40:16Z,50,54,abandoned,smart_tv,SD,KR,0,friend_share
VEW003211,USR0268,MOV0154,2024-02-24T23:24:33Z,2024-02-25T00:31:33Z,54,44,abandoned,smart_tv,4K,KR,0,trending
VEW003212,USR0268,MOV0166,2025-12-02T13:14:58Z,2025-12-02T15:38:58Z,143,99,completed,game_console,HD,KR,0,trending
VEW003213,USR0268,MOV0130,2023-02-26T08:55:36Z,2023-02-26T10:24:36Z,77,61,abandoned,mobile,FHD,KR,0,search
VEW003214,USR0268,MOV0021,2025-05-17T16:19:25Z,2025-05-17T17:58:25Z,85,53,abandoned,web,SD,KR,0,home_recommendation
VEW003215,USR0268,MOV0133,2024-10-22T02:13:05Z,2024-10-22T03:15:05Z,60,42,abandoned,mobile,HD,KR,0,watchlist
VEW003216,USR0268,MOV0161,2025-02-01T03:52:08Z,2025-02-01T05:39:08Z,100,66,abandoned,mobile,FHD,KR,0,search
VEW003217,USR0269,MOV0122,2025-11-25T11:57:09Z,2025-11-25T14:19:09Z,128,97,completed,mobile,FHD,KR,0,watchlist
VEW003218,USR0269,MOV0006,2025-11-16T05:01:00Z,2025-11-16T07:20:00Z,128,88,completed,game_console,SD,KR,0,friend_share
VEW003219,USR0269,MOV0086,2026-02-22T01:05:27Z,2026-02-22T03:11:27Z,118,90,completed,web,4K,KR,0,friend_share
VEW003220,USR0269,MOV0011,2025-03-09T06:29:00Z,2025-03-09T08:25:00Z,103,93,completed,game_console,SD,KR,0,friend_share
VEW003221,USR0269,MOV0120,2025-05-05T15:39:58Z,2025-05-05T16:51:58Z,66,70,abandoned,tablet,4K,KR,0,home_recommendation
VEW003222,USR0269,MOV0010,2026-04-21T16:32:50Z,2026-04-21T18:32:50Z,112,87,completed,mobile,HD,KR,0,search
VEW003223,USR0269,MOV0148,2025-07-13T09:45:51Z,2025-07-13T11:01:51Z,58,50,abandoned,mobile,4K,KR,0,friend_share
VEW003224,USR0269,MOV0146,2026-03-12T02:16:52Z,2026-03-12T03:48:52Z,81,56,abandoned,web,4K,KR,0,watchlist
VEW003225,USR0269,MOV0020,2025-08-23T21:07:42Z,2025-08-23T22:52:42Z,97,91,completed,smart_tv,FHD,KR,0,friend_share
VEW003226,USR0269,MOV0080,2025-08-28T08:34:51Z,2025-08-28T10:47:51Z,130,87,completed,tablet,SD,KR,0,watchlist
VEW003227,USR0269,MOV0025,2026-05-04T19:56:54Z,2026-05-04T22:06:54Z,124,79,abandoned,tablet,HD,KR,0,home_recommendation
VEW003228,USR0269,MOV0007,2025-11-29T20:50:32Z,2025-11-29T22:02:32Z,54,57,abandoned,mobile,4K,KR,0,trending
VEW003229,USR0270,MOV0068,2026-05-22T14:46:10Z,2026-05-22T16:55:10Z,115,98,completed,mobile,FHD,KR,0,watchlist
VEW003230,USR0270,MOV0161,2026-02-02T11:21:37Z,2026-02-02T13:44:37Z,142,94,completed,web,SD,KR,0,trending
VEW003231,USR0270,MOV0091,2026-03-16T09:12:15Z,2026-03-16T11:07:15Z,102,89,completed,mobile,HD,KR,0,search
VEW003232,USR0270,MOV0196,2026-04-28T12:34:16Z,2026-04-28T14:15:16Z,87,72,abandoned,mobile,FHD,KR,0,watchlist
VEW003233,USR0270,MOV0132,2026-04-05T04:40:30Z,2026-04-05T05:21:30Z,24,25,abandoned,mobile,SD,KR,0,search
VEW003234,USR0270,MOV0163,2026-06-18T17:34:00Z,2026-06-18T18:08:00Z,22,18,abandoned,web,HD,KR,0,watchlist
VEW003235,USR0270,MOV0140,2026-03-09T16:22:38Z,2026-03-09T18:03:38Z,84,67,abandoned,tablet,SD,KR,0,friend_share
VEW003236,USR0270,MOV0111,2026-01-30T20:54:35Z,2026-01-30T22:15:35Z,75,74,abandoned,web,SD,KR,0,friend_share
VEW003237,USR0270,MOV0151,2026-06-11T18:32:53Z,2026-06-11T19:47:53Z,59,63,abandoned,mobile,HD,KR,0,home_recommendation
VEW003238,USR0270,MOV0188,2026-05-27T10:07:39Z,2026-05-27T11:18:39Z,57,66,abandoned,mobile,FHD,KR,0,watchlist
VEW003239,USR0270,MOV0114,2025-12-14T16:35:27Z,2025-12-14T17:12:27Z,29,26,abandoned,smart_tv,4K,KR,0,trending
VEW003240,USR0270,MOV0189,2026-06-25T18:25:31Z,2026-06-25T19:19:31Z,48,31,abandoned,mobile,HD,KR,0,home_recommendation
VEW003241,USR0271,MOV0017,2026-05-19T21:04:59Z,2026-05-19T22:59:59Z,98,95,completed,mobile,4K,KR,0,friend_share
VEW003242,USR0271,MOV0018,2023-08-07T11:32:58Z,2023-08-07T13:36:58Z,108,94,completed,mobile,SD,KR,0,friend_share
VEW003243,USR0271,MOV0038,2026-05-09T16:45:49Z,2026-05-09T18:26:49Z,99,88,completed,web,FHD,KR,0,home_recommendation
VEW003244,USR0271,MOV0170,2026-05-24T14:40:01Z,2026-05-24T15:02:01Z,20,18,abandoned,tablet,SD,KR,0,trending
VEW003245,USR0271,MOV0091,2026-07-09T02:04:59Z,2026-07-09T04:06:59Z,113,98,completed,game_console,FHD,KR,0,home_recommendation
VEW003246,USR0271,MOV0147,2024-10-17T11:23:24Z,2024-10-17T12:00:24Z,35,42,abandoned,tablet,SD,KR,0,friend_share
VEW003247,USR0271,MOV0176,2025-12-29T23:19:23Z,2025-12-30T01:02:23Z,100,69,abandoned,smart_tv,SD,KR,0,search
VEW003248,USR0271,MOV0131,2025-04-15T04:23:38Z,2025-04-15T05:01:38Z,21,19,abandoned,web,SD,KR,0,home_recommendation
VEW003249,USR0271,MOV0054,2025-11-16T12:54:24Z,2025-11-16T14:45:24Z,105,98,completed,mobile,4K,KR,0,home_recommendation
VEW003250,USR0271,MOV0029,2023-09-22T19:14:32Z,2023-09-22T20:01:32Z,45,38,abandoned,mobile,4K,KR,0,watchlist
VEW003251,USR0271,MOV0100,2025-09-11T09:45:34Z,2025-09-11T11:03:34Z,71,62,abandoned,web,HD,KR,0,trending
VEW003252,USR0271,MOV0012,2023-04-28T03:06:36Z,2023-04-28T04:19:36Z,65,48,abandoned,smart_tv,FHD,KR,0,friend_share
VEW003253,USR0272,MOV0110,2026-04-26T03:46:26Z,2026-04-26T06:14:26Z,144,92,completed,smart_tv,HD,KR,0,home_recommendation
VEW003254,USR0272,MOV0121,2026-04-15T08:54:38Z,2026-04-15T10:53:38Z,118,99,completed,tablet,HD,KR,0,trending
VEW003255,USR0272,MOV0109,2026-06-03T00:08:12Z,2026-06-03T02:02:12Z,114,89,completed,web,4K,KR,0,watchlist
VEW003256,USR0272,MOV0010,2025-04-17T06:00:23Z,2025-04-17T08:04:23Z,116,90,completed,tablet,FHD,KR,0,trending
VEW003257,USR0272,MOV0157,2024-02-24T18:02:15Z,2024-02-24T18:30:15Z,15,20,abandoned,smart_tv,4K,KR,0,watchlist
VEW003258,USR0272,MOV0144,2025-06-29T02:26:52Z,2025-06-29T03:58:52Z,77,47,abandoned,tablet,HD,KR,0,watchlist
VEW003259,USR0272,MOV0188,2026-07-09T21:21:25Z,2026-07-09T21:50:25Z,19,22,abandoned,game_console,SD,KR,0,trending
VEW003260,USR0272,MOV0084,2026-02-26T07:19:14Z,2026-02-26T08:12:14Z,43,29,abandoned,mobile,HD,KR,0,search
VEW003261,USR0272,MOV0162,2025-04-10T07:34:20Z,2025-04-10T09:01:20Z,74,52,abandoned,game_console,4K,KR,0,trending
VEW003262,USR0272,MOV0029,2025-09-11T06:41:37Z,2025-09-11T07:38:37Z,57,48,abandoned,web,HD,KR,0,search
VEW003263,USR0272,MOV0089,2025-07-15T09:51:55Z,2025-07-15T11:54:55Z,116,89,completed,smart_tv,SD,KR,0,friend_share
VEW003264,USR0272,MOV0068,2026-01-08T13:55:41Z,2026-01-08T15:21:41Z,77,66,abandoned,tablet,SD,KR,0,home_recommendation
VEW003265,USR0273,MOV0158,2025-10-12T20:25:49Z,2025-10-12T22:06:49Z,87,89,completed,tablet,FHD,KR,0,friend_share
VEW003266,USR0273,MOV0183,2026-01-21T12:01:39Z,2026-01-21T13:59:39Z,103,93,completed,web,FHD,KR,0,watchlist
VEW003267,USR0273,MOV0178,2026-05-09T16:51:14Z,2026-05-09T18:51:14Z,102,88,completed,tablet,HD,KR,0,trending
VEW003268,USR0273,MOV0187,2025-09-05T05:25:30Z,2025-09-05T06:34:30Z,56,64,abandoned,game_console,FHD,KR,0,trending
VEW003269,USR0273,MOV0135,2026-04-05T12:18:25Z,2026-04-05T14:01:25Z,95,69,abandoned,game_console,FHD,KR,0,watchlist
VEW003270,USR0273,MOV0199,2026-05-10T09:38:10Z,2026-05-10T10:42:10Z,53,48,abandoned,web,SD,KR,0,watchlist
VEW003271,USR0273,MOV0118,2026-05-20T10:31:44Z,2026-05-20T11:19:44Z,44,43,abandoned,game_console,SD,KR,0,search
VEW003272,USR0273,MOV0112,2024-05-21T02:43:40Z,2024-05-21T04:27:40Z,93,86,completed,game_console,FHD,KR,0,trending
VEW003273,USR0273,MOV0024,2024-10-05T00:57:35Z,2024-10-05T01:45:35Z,48,39,abandoned,tablet,FHD,KR,0,watchlist
VEW003274,USR0273,MOV0065,2025-04-26T20:17:04Z,2025-04-26T21:37:04Z,63,49,abandoned,mobile,SD,KR,0,search
VEW003275,USR0273,MOV0169,2026-06-25T20:59:20Z,2026-06-25T22:37:20Z,96,63,abandoned,smart_tv,4K,KR,0,home_recommendation
VEW003276,USR0273,MOV0097,2025-12-23T01:53:20Z,2025-12-23T02:47:20Z,40,53,abandoned,smart_tv,HD,KR,0,search
VEW003277,USR0274,MOV0056,2024-11-14T22:35:19Z,2024-11-15T00:29:19Z,104,93,completed,web,FHD,KR,0,watchlist
VEW003278,USR0274,MOV0003,2025-11-25T08:40:33Z,2025-11-25T10:24:33Z,103,91,completed,mobile,SD,KR,0,friend_share
VEW003279,USR0274,MOV0057,2023-05-15T16:36:44Z,2023-05-15T18:15:44Z,98,99,completed,mobile,SD,KR,0,search
VEW003280,USR0274,MOV0070,2026-02-19T09:54:42Z,2026-02-19T11:30:42Z,80,74,abandoned,web,FHD,KR,0,friend_share
VEW003281,USR0274,MOV0051,2026-03-24T02:01:28Z,2026-03-24T03:16:28Z,65,56,abandoned,web,SD,KR,0,search
VEW003282,USR0274,MOV0114,2026-07-12T14:10:24Z,2026-07-12T15:48:24Z,97,88,completed,game_console,4K,KR,0,watchlist
VEW003283,USR0274,MOV0119,2025-04-21T18:24:25Z,2025-04-21T19:01:25Z,37,27,abandoned,tablet,FHD,KR,0,home_recommendation
VEW003284,USR0274,MOV0173,2023-11-16T04:48:16Z,2023-11-16T07:20:16Z,136,100,completed,web,SD,KR,0,search
VEW003285,USR0274,MOV0028,2025-11-05T15:21:53Z,2025-11-05T17:07:53Z,88,83,abandoned,game_console,4K,KR,0,search
VEW003286,USR0274,MOV0137,2025-06-04T16:59:19Z,2025-06-04T18:33:19Z,78,85,completed,web,HD,KR,0,watchlist
VEW003287,USR0274,MOV0005,2023-10-03T05:40:16Z,2023-10-03T06:18:16Z,30,30,abandoned,mobile,HD,KR,0,friend_share
VEW003288,USR0274,MOV0041,2026-07-13T22:52:39Z,2026-07-13T23:52:39Z,57,37,abandoned,mobile,SD,KR,0,trending
VEW003289,USR0275,MOV0076,2025-06-11T20:30:22Z,2025-06-11T23:12:22Z,146,97,completed,smart_tv,HD,KR,0,friend_share
VEW003290,USR0275,MOV0132,2024-07-21T00:32:18Z,2024-07-21T02:11:18Z,92,96,completed,web,4K,KR,0,trending
VEW003291,USR0275,MOV0192,2024-08-05T16:17:40Z,2024-08-05T17:46:40Z,88,94,completed,game_console,4K,KR,0,search
VEW003292,USR0275,MOV0022,2025-10-02T21:32:53Z,2025-10-02T22:37:53Z,53,57,abandoned,smart_tv,SD,KR,0,watchlist
VEW003293,USR0275,MOV0182,2025-10-08T21:54:26Z,2025-10-08T23:46:26Z,102,77,abandoned,game_console,HD,KR,0,watchlist
VEW003294,USR0275,MOV0074,2024-02-04T21:16:43Z,2024-02-04T21:58:43Z,32,23,abandoned,web,FHD,KR,0,watchlist
VEW003295,USR0275,MOV0038,2026-05-21T14:10:53Z,2026-05-21T15:23:53Z,55,49,abandoned,tablet,HD,KR,0,trending
VEW003296,USR0275,MOV0047,2024-05-06T02:34:24Z,2024-05-06T03:22:24Z,38,53,abandoned,tablet,SD,KR,0,trending
VEW003297,USR0275,MOV0051,2026-03-08T05:21:29Z,2026-03-08T06:51:29Z,73,63,abandoned,game_console,4K,KR,0,search
VEW003298,USR0275,MOV0190,2023-11-10T12:26:45Z,2023-11-10T13:44:45Z,77,48,abandoned,game_console,4K,KR,0,watchlist
VEW003299,USR0275,MOV0069,2026-02-06T14:55:12Z,2026-02-06T16:33:12Z,82,88,completed,smart_tv,FHD,KR,0,watchlist
VEW003300,USR0275,MOV0088,2024-12-02T06:38:37Z,2024-12-02T07:39:37Z,47,46,abandoned,web,4K,KR,0,watchlist
VEW003301,USR0276,MOV0126,2026-06-15T20:35:54Z,2026-06-15T23:12:54Z,146,97,completed,mobile,FHD,KR,0,watchlist
VEW003302,USR0276,MOV0167,2022-07-13T21:47:14Z,2022-07-13T23:07:14Z,76,99,completed,tablet,4K,KR,0,watchlist
VEW003303,USR0276,MOV0006,2023-11-10T05:53:19Z,2023-11-10T08:17:19Z,139,96,completed,mobile,FHD,KR,0,home_recommendation
VEW003304,USR0276,MOV0064,2026-05-10T05:40:43Z,2026-05-10T07:00:43Z,65,49,abandoned,mobile,HD,KR,0,watchlist
VEW003305,USR0276,MOV0042,2026-01-28T05:56:59Z,2026-01-28T07:27:59Z,88,69,abandoned,game_console,SD,KR,0,friend_share
VEW003306,USR0276,MOV0185,2026-06-26T21:08:21Z,2026-06-26T23:53:21Z,155,100,completed,tablet,SD,KR,0,home_recommendation
VEW003307,USR0276,MOV0003,2026-01-31T00:01:35Z,2026-01-31T01:18:35Z,76,67,abandoned,web,FHD,KR,0,watchlist
VEW003308,USR0276,MOV0093,2026-04-02T23:07:24Z,2026-04-03T00:53:24Z,91,80,abandoned,game_console,4K,KR,0,search
VEW003309,USR0276,MOV0131,2026-02-25T09:41:49Z,2026-02-25T10:31:49Z,46,42,abandoned,smart_tv,HD,KR,0,trending
VEW003310,USR0276,MOV0020,2024-12-25T00:20:44Z,2024-12-25T01:22:44Z,59,55,abandoned,web,FHD,KR,0,trending
VEW003311,USR0276,MOV0017,2025-06-17T17:38:55Z,2025-06-17T19:20:55Z,92,89,completed,game_console,FHD,KR,0,search
VEW003312,USR0276,MOV0078,2026-04-21T08:50:26Z,2026-04-21T10:42:26Z,103,90,completed,game_console,HD,KR,0,trending
VEW003313,USR0277,MOV0088,2025-10-11T05:00:49Z,2025-10-11T06:36:49Z,96,94,completed,web,HD,KR,0,watchlist
VEW003314,USR0277,MOV0125,2025-11-01T14:58:06Z,2025-11-01T16:31:06Z,87,96,completed,tablet,4K,KR,0,search
VEW003315,USR0277,MOV0073,2026-05-21T22:21:38Z,2026-05-22T00:48:38Z,143,88,completed,smart_tv,HD,KR,0,watchlist
VEW003316,USR0277,MOV0167,2025-12-13T07:00:26Z,2025-12-13T08:06:26Z,59,77,abandoned,mobile,4K,KR,0,home_recommendation
VEW003317,USR0277,MOV0091,2025-10-07T08:02:31Z,2025-10-07T08:39:31Z,24,21,abandoned,mobile,SD,KR,0,home_recommendation
VEW003318,USR0277,MOV0105,2026-04-12T16:52:44Z,2026-04-12T17:36:44Z,32,29,abandoned,mobile,FHD,KR,0,trending
VEW003319,USR0277,MOV0082,2026-04-14T16:15:56Z,2026-04-14T17:34:56Z,76,53,abandoned,smart_tv,SD,KR,0,search
VEW003320,USR0277,MOV0107,2025-10-24T20:21:15Z,2025-10-24T20:51:15Z,30,31,abandoned,tablet,FHD,KR,0,friend_share
VEW003321,USR0277,MOV0175,2026-06-22T20:42:57Z,2026-06-22T22:31:57Z,97,85,completed,smart_tv,SD,KR,0,trending
VEW003322,USR0277,MOV0176,2025-12-17T20:28:18Z,2025-12-17T21:32:18Z,46,32,abandoned,web,HD,KR,0,trending
VEW003323,USR0277,MOV0059,2026-03-11T11:58:54Z,2026-03-11T13:55:54Z,99,72,abandoned,web,4K,KR,0,friend_share
VEW003324,USR0277,MOV0134,2025-12-21T03:24:03Z,2025-12-21T04:37:03Z,73,72,abandoned,web,4K,KR,0,trending
VEW003325,USR0278,MOV0126,2026-06-15T18:09:14Z,2026-06-15T20:39:14Z,134,89,completed,smart_tv,FHD,KR,0,home_recommendation
VEW003326,USR0278,MOV0051,2026-01-02T13:34:46Z,2026-01-02T15:29:46Z,111,96,completed,smart_tv,HD,KR,0,trending
VEW003327,USR0278,MOV0194,2025-06-12T11:09:54Z,2025-06-12T12:44:54Z,93,92,completed,web,SD,KR,0,home_recommendation
VEW003328,USR0278,MOV0153,2026-04-30T10:17:34Z,2026-04-30T11:06:34Z,40,28,abandoned,web,FHD,KR,0,friend_share
VEW003329,USR0278,MOV0112,2025-07-20T05:56:19Z,2025-07-20T07:12:19Z,76,70,abandoned,game_console,HD,KR,0,friend_share
VEW003330,USR0278,MOV0078,2026-01-21T09:19:08Z,2026-01-21T10:42:08Z,75,66,abandoned,tablet,4K,KR,0,search
VEW003331,USR0278,MOV0021,2025-10-18T20:16:33Z,2025-10-18T21:56:33Z,100,62,abandoned,tablet,FHD,KR,0,watchlist
VEW003332,USR0278,MOV0031,2025-01-18T10:43:21Z,2025-01-18T12:02:21Z,75,78,abandoned,web,4K,KR,0,friend_share
VEW003333,USR0278,MOV0058,2023-02-24T06:12:18Z,2023-02-24T07:47:18Z,90,78,abandoned,web,4K,KR,0,trending
VEW003334,USR0278,MOV0174,2024-03-05T13:24:23Z,2024-03-05T15:19:23Z,114,88,completed,web,HD,KR,0,friend_share
VEW003335,USR0278,MOV0019,2024-10-15T17:02:08Z,2024-10-15T18:44:08Z,86,89,completed,web,SD,KR,0,home_recommendation
VEW003336,USR0278,MOV0085,2026-04-01T20:18:43Z,2026-04-01T21:46:43Z,82,65,abandoned,tablet,SD,KR,0,home_recommendation
VEW003337,USR0279,MOV0184,2025-08-25T04:54:35Z,2025-08-25T06:40:35Z,94,92,completed,smart_tv,4K,KR,0,search
VEW003338,USR0279,MOV0174,2023-04-11T11:44:37Z,2023-04-11T13:48:37Z,120,93,completed,smart_tv,HD,KR,0,trending
VEW003339,USR0279,MOV0083,2023-01-20T14:03:43Z,2023-01-20T16:21:43Z,133,91,completed,tablet,4K,KR,0,trending
VEW003340,USR0279,MOV0013,2023-08-09T09:15:30Z,2023-08-09T10:19:30Z,56,40,abandoned,smart_tv,4K,KR,0,friend_share
VEW003341,USR0279,MOV0151,2024-10-07T04:38:23Z,2024-10-07T05:31:23Z,52,56,abandoned,web,SD,KR,0,home_recommendation
VEW003342,USR0279,MOV0154,2024-09-18T11:13:27Z,2024-09-18T13:11:27Z,111,90,completed,mobile,SD,KR,0,search
VEW003343,USR0279,MOV0066,2025-04-24T14:50:18Z,2025-04-24T16:06:18Z,76,48,abandoned,tablet,FHD,KR,0,trending
VEW003344,USR0279,MOV0193,2025-08-02T11:18:44Z,2025-08-02T12:43:44Z,74,55,abandoned,tablet,HD,KR,0,watchlist
VEW003345,USR0279,MOV0064,2025-06-13T10:23:50Z,2025-06-13T12:45:50Z,125,95,completed,web,FHD,KR,0,home_recommendation
VEW003346,USR0279,MOV0096,2026-01-23T02:05:33Z,2026-01-23T04:02:33Z,103,90,completed,smart_tv,SD,KR,0,friend_share
VEW003347,USR0279,MOV0062,2026-07-16T06:13:46Z,2026-07-16T08:12:46Z,104,70,abandoned,web,HD,KR,0,watchlist
VEW003348,USR0279,MOV0012,2024-10-03T08:31:07Z,2024-10-03T10:55:07Z,131,97,completed,mobile,HD,KR,0,trending
VEW003349,USR0280,MOV0061,2026-06-14T23:27:53Z,2026-06-15T01:12:53Z,102,89,completed,web,FHD,KR,0,watchlist
VEW003350,USR0280,MOV0001,2023-11-12T12:35:45Z,2023-11-12T14:49:45Z,126,89,completed,tablet,HD,KR,0,watchlist
VEW003351,USR0280,MOV0171,2024-08-01T19:36:23Z,2024-08-01T21:39:23Z,114,89,completed,game_console,HD,KR,0,friend_share
VEW003352,USR0280,MOV0019,2024-02-02T05:45:48Z,2024-02-02T07:03:48Z,67,69,abandoned,web,HD,KR,0,friend_share
VEW003353,USR0280,MOV0118,2026-06-29T17:47:16Z,2026-06-29T19:03:16Z,71,69,abandoned,web,SD,KR,0,friend_share
VEW003354,USR0280,MOV0025,2025-01-25T16:46:57Z,2025-01-25T18:43:57Z,115,73,abandoned,game_console,4K,KR,0,friend_share
VEW003355,USR0280,MOV0084,2026-03-05T14:09:36Z,2026-03-05T15:30:36Z,77,52,abandoned,tablet,HD,KR,0,home_recommendation
VEW003356,USR0280,MOV0054,2025-12-16T07:15:06Z,2025-12-16T08:28:06Z,59,55,abandoned,mobile,SD,KR,0,watchlist
VEW003357,USR0280,MOV0035,2026-06-23T01:12:25Z,2026-06-23T02:26:25Z,73,65,abandoned,mobile,HD,KR,0,friend_share
VEW003358,USR0280,MOV0197,2025-01-28T03:24:19Z,2025-01-28T04:15:19Z,34,32,abandoned,game_console,HD,KR,0,trending
VEW003359,USR0280,MOV0196,2025-10-31T06:05:25Z,2025-10-31T07:56:25Z,108,89,completed,game_console,HD,KR,0,watchlist
VEW003360,USR0280,MOV0005,2026-05-31T17:40:44Z,2026-05-31T18:15:44Z,18,18,abandoned,smart_tv,SD,KR,0,home_recommendation
VEW003361,USR0281,MOV0117,2026-07-03T19:36:45Z,2026-07-03T21:05:45Z,71,88,completed,game_console,4K,KR,0,watchlist
VEW003362,USR0281,MOV0147,2025-03-22T19:19:54Z,2025-03-22T20:40:54Z,76,91,completed,web,4K,KR,0,friend_share
VEW003363,USR0281,MOV0154,2025-11-28T12:10:18Z,2025-11-28T14:13:18Z,117,95,completed,web,FHD,KR,0,trending
VEW003364,USR0281,MOV0161,2025-01-03T10:45:24Z,2025-01-03T12:25:24Z,82,54,abandoned,smart_tv,SD,KR,0,friend_share
VEW003365,USR0281,MOV0036,2026-05-15T12:31:01Z,2026-05-15T14:19:01Z,94,89,completed,game_console,HD,KR,0,watchlist
VEW003366,USR0281,MOV0063,2023-05-25T22:30:55Z,2023-05-25T23:55:55Z,70,60,abandoned,mobile,4K,KR,0,home_recommendation
VEW003367,USR0281,MOV0115,2023-12-24T14:31:45Z,2023-12-24T16:32:45Z,104,71,abandoned,game_console,HD,KR,0,trending
VEW003368,USR0281,MOV0068,2026-06-17T18:00:55Z,2026-06-17T19:22:55Z,82,70,abandoned,tablet,SD,KR,0,trending
VEW003369,USR0281,MOV0146,2026-07-04T11:30:37Z,2026-07-04T13:24:37Z,96,66,abandoned,smart_tv,FHD,KR,0,search
VEW003370,USR0281,MOV0025,2025-05-16T22:39:55Z,2025-05-16T23:55:55Z,58,37,abandoned,smart_tv,SD,KR,0,search
VEW003371,USR0281,MOV0091,2026-03-11T08:17:11Z,2026-03-11T08:56:11Z,24,21,abandoned,game_console,FHD,KR,0,search
VEW003372,USR0281,MOV0101,2025-06-09T22:18:19Z,2025-06-10T00:51:19Z,143,96,completed,mobile,SD,KR,0,trending
VEW003373,USR0282,MOV0133,2026-02-23T05:46:47Z,2026-02-23T08:07:47Z,138,96,completed,tablet,SD,KR,0,home_recommendation
VEW003374,USR0282,MOV0035,2026-07-07T16:19:46Z,2026-07-07T18:21:46Z,104,92,completed,web,HD,KR,0,home_recommendation
VEW003375,USR0282,MOV0154,2026-02-27T01:48:46Z,2026-02-27T03:45:46Z,109,89,completed,game_console,FHD,KR,0,home_recommendation
VEW003376,USR0282,MOV0089,2026-06-04T06:34:48Z,2026-06-04T08:36:48Z,121,93,completed,tablet,4K,KR,0,home_recommendation
VEW003377,USR0282,MOV0114,2026-02-27T06:44:46Z,2026-02-27T07:13:46Z,21,19,abandoned,web,HD,KR,0,search
VEW003378,USR0282,MOV0159,2026-01-09T20:31:14Z,2026-01-09T22:34:14Z,118,87,completed,web,HD,KR,0,watchlist
VEW003379,USR0282,MOV0151,2026-01-01T15:00:58Z,2026-01-01T15:25:58Z,19,20,abandoned,tablet,4K,KR,0,home_recommendation
VEW003380,USR0282,MOV0011,2025-12-24T01:33:04Z,2025-12-24T02:56:04Z,83,75,abandoned,web,FHD,KR,0,watchlist
VEW003381,USR0282,MOV0187,2026-04-22T08:59:28Z,2026-04-22T09:17:28Z,17,20,abandoned,tablet,HD,KR,0,trending
VEW003382,USR0282,MOV0057,2026-04-08T08:55:12Z,2026-04-08T10:16:12Z,69,70,abandoned,tablet,SD,KR,0,search
VEW003383,USR0282,MOV0123,2026-06-29T16:59:48Z,2026-06-29T17:24:48Z,23,22,abandoned,game_console,HD,KR,0,trending
VEW003384,USR0282,MOV0030,2026-05-04T17:20:04Z,2026-05-04T18:37:04Z,65,57,abandoned,tablet,SD,KR,0,search
VEW003385,USR0283,MOV0064,2025-09-14T15:57:21Z,2025-09-14T18:05:21Z,123,93,completed,mobile,FHD,KR,0,watchlist
VEW003386,USR0283,MOV0154,2025-12-31T23:38:05Z,2026-01-01T01:53:05Z,123,100,completed,mobile,FHD,KR,0,home_recommendation
VEW003387,USR0283,MOV0073,2026-03-16T09:35:04Z,2026-03-16T12:22:04Z,160,99,completed,mobile,4K,KR,0,search
VEW003388,USR0283,MOV0198,2026-01-24T02:24:04Z,2026-01-24T03:57:04Z,84,74,abandoned,web,SD,KR,0,friend_share
VEW003389,USR0283,MOV0093,2026-05-09T00:15:55Z,2026-05-09T01:35:55Z,70,61,abandoned,tablet,HD,KR,0,home_recommendation
VEW003390,USR0283,MOV0125,2025-08-01T22:01:00Z,2025-08-01T23:05:00Z,53,58,abandoned,mobile,FHD,KR,0,friend_share
VEW003391,USR0283,MOV0031,2025-10-10T03:43:05Z,2025-10-10T04:23:05Z,28,29,abandoned,game_console,HD,KR,0,friend_share
VEW003392,USR0283,MOV0034,2025-11-09T23:02:15Z,2025-11-10T00:51:15Z,98,97,completed,smart_tv,FHD,KR,0,friend_share
VEW003393,USR0283,MOV0003,2026-05-03T12:19:29Z,2026-05-03T13:30:29Z,57,50,abandoned,smart_tv,FHD,KR,0,friend_share
VEW003394,USR0283,MOV0068,2026-03-24T16:50:41Z,2026-03-24T18:39:41Z,103,88,completed,tablet,4K,KR,0,search
VEW003395,USR0283,MOV0183,2026-06-09T09:32:32Z,2026-06-09T10:47:32Z,63,57,abandoned,tablet,FHD,KR,0,search
VEW003396,USR0283,MOV0048,2026-05-01T08:39:58Z,2026-05-01T09:31:58Z,35,46,abandoned,web,FHD,KR,0,home_recommendation
VEW003397,USR0284,MOV0078,2025-12-30T17:28:09Z,2025-12-30T19:18:09Z,104,91,completed,smart_tv,SD,KR,0,watchlist
VEW003398,USR0284,MOV0042,2025-11-11T21:15:04Z,2025-11-11T23:26:04Z,127,100,completed,mobile,FHD,KR,0,friend_share
VEW003399,USR0284,MOV0027,2024-02-28T09:19:54Z,2024-02-28T11:11:54Z,98,95,completed,smart_tv,SD,KR,0,watchlist
VEW003400,USR0284,MOV0032,2025-09-27T23:00:10Z,2025-09-28T00:04:10Z,59,39,abandoned,mobile,SD,KR,0,search
VEW003401,USR0284,MOV0101,2025-03-12T16:31:40Z,2025-03-12T17:22:40Z,37,25,abandoned,smart_tv,SD,KR,0,trending
VEW003402,USR0284,MOV0196,2026-03-29T19:11:48Z,2026-03-29T19:53:48Z,29,24,abandoned,game_console,HD,KR,0,home_recommendation
VEW003403,USR0284,MOV0091,2026-03-12T10:18:49Z,2026-03-12T12:00:49Z,99,86,completed,smart_tv,SD,KR,0,friend_share
VEW003404,USR0284,MOV0059,2026-07-19T08:11:30Z,2026-07-19T10:31:30Z,137,99,completed,web,SD,KR,0,search
VEW003405,USR0284,MOV0140,2025-05-31T22:00:59Z,2025-05-31T23:47:59Z,100,80,abandoned,web,HD,KR,0,trending
VEW003406,USR0284,MOV0171,2024-09-12T15:48:18Z,2024-09-12T17:06:18Z,69,54,abandoned,tablet,SD,KR,0,watchlist
VEW003407,USR0284,MOV0126,2026-04-18T14:06:08Z,2026-04-18T15:58:08Z,106,70,abandoned,smart_tv,SD,KR,0,watchlist
VEW003408,USR0284,MOV0052,2026-05-27T13:37:08Z,2026-05-27T16:21:08Z,150,93,completed,smart_tv,SD,KR,0,friend_share
VEW003409,USR0285,MOV0173,2025-05-30T23:27:53Z,2025-05-31T01:46:53Z,129,95,completed,web,FHD,KR,0,search
VEW003410,USR0285,MOV0053,2026-04-20T15:47:53Z,2026-04-20T17:28:53Z,86,88,completed,game_console,4K,KR,0,watchlist
VEW003411,USR0285,MOV0129,2026-03-13T17:34:00Z,2026-03-13T19:44:00Z,117,88,completed,mobile,HD,KR,0,friend_share
VEW003412,USR0285,MOV0152,2026-03-16T19:07:22Z,2026-03-16T20:45:22Z,83,66,abandoned,tablet,FHD,KR,0,home_recommendation
VEW003413,USR0285,MOV0065,2025-03-29T01:48:04Z,2025-03-29T02:28:04Z,30,23,abandoned,mobile,HD,KR,0,friend_share
VEW003414,USR0285,MOV0007,2026-02-21T15:52:39Z,2026-02-21T17:18:39Z,71,76,abandoned,tablet,4K,KR,0,search
VEW003415,USR0285,MOV0111,2025-09-25T06:56:04Z,2025-09-25T08:34:04Z,80,79,abandoned,tablet,4K,KR,0,watchlist
VEW003416,USR0285,MOV0097,2026-07-02T14:03:20Z,2026-07-02T14:52:20Z,42,56,abandoned,mobile,FHD,KR,0,friend_share
VEW003417,USR0285,MOV0098,2026-04-09T07:04:00Z,2026-04-09T08:28:00Z,68,64,abandoned,tablet,HD,KR,0,search
VEW003418,USR0285,MOV0190,2026-07-16T22:02:58Z,2026-07-16T23:30:58Z,80,50,abandoned,smart_tv,HD,KR,0,friend_share
VEW003419,USR0285,MOV0105,2025-11-09T14:00:31Z,2025-11-09T15:23:31Z,76,68,abandoned,web,HD,KR,0,friend_share
VEW003420,USR0285,MOV0128,2025-12-27T17:25:47Z,2025-12-27T17:50:47Z,24,26,abandoned,mobile,HD,KR,0,watchlist
VEW003421,USR0286,MOV0002,2026-01-12T00:09:05Z,2026-01-12T01:48:05Z,96,93,completed,web,4K,KR,0,trending
VEW003422,USR0286,MOV0038,2026-06-12T14:10:40Z,2026-06-12T16:11:40Z,106,95,completed,web,HD,KR,0,watchlist
VEW003423,USR0286,MOV0076,2025-09-14T09:18:33Z,2025-09-14T11:43:33Z,143,95,completed,web,HD,KR,0,watchlist
VEW003424,USR0286,MOV0112,2025-02-18T19:50:55Z,2025-02-18T20:17:55Z,21,19,abandoned,game_console,HD,KR,0,search
VEW003425,USR0286,MOV0031,2026-04-24T14:21:27Z,2026-04-24T15:55:27Z,78,81,abandoned,smart_tv,4K,KR,0,home_recommendation
VEW003426,USR0286,MOV0097,2026-05-23T12:25:43Z,2026-05-23T13:37:43Z,68,90,completed,game_console,HD,KR,0,home_recommendation
VEW003427,USR0286,MOV0136,2025-01-30T09:04:17Z,2025-01-30T10:25:17Z,80,55,abandoned,web,4K,KR,0,search
VEW003428,USR0286,MOV0128,2025-06-22T21:23:37Z,2025-06-22T22:19:37Z,42,46,abandoned,tablet,FHD,KR,0,watchlist
VEW003429,USR0286,MOV0167,2022-08-05T13:57:04Z,2022-08-05T14:33:04Z,33,43,abandoned,mobile,4K,KR,0,home_recommendation
VEW003430,USR0286,MOV0065,2025-06-14T10:58:00Z,2025-06-14T11:52:00Z,37,29,abandoned,mobile,FHD,KR,0,friend_share
VEW003431,USR0286,MOV0130,2024-06-22T15:13:07Z,2024-06-22T16:32:07Z,76,60,abandoned,web,FHD,KR,0,search
VEW003432,USR0286,MOV0111,2025-07-18T10:19:56Z,2025-07-18T11:34:56Z,69,68,abandoned,game_console,SD,KR,0,watchlist
VEW003433,USR0287,MOV0111,2021-11-15T17:10:19Z,2021-11-15T18:56:19Z,99,98,completed,tablet,HD,KR,0,friend_share
VEW003434,USR0287,MOV0197,2025-09-04T17:22:21Z,2025-09-04T19:08:21Z,94,89,completed,mobile,FHD,KR,0,trending
VEW003435,USR0287,MOV0172,2026-05-04T09:56:18Z,2026-05-04T12:04:18Z,127,94,completed,web,HD,KR,0,friend_share
VEW003436,USR0287,MOV0041,2026-05-11T09:32:30Z,2026-05-11T12:11:30Z,153,100,completed,game_console,4K,KR,0,search
VEW003437,USR0287,MOV0180,2026-04-13T17:12:56Z,2026-04-13T19:47:56Z,146,98,completed,game_console,SD,KR,0,friend_share
VEW003438,USR0287,MOV0029,2024-11-07T09:38:29Z,2024-11-07T11:08:29Z,78,66,abandoned,smart_tv,HD,KR,0,home_recommendation
VEW003439,USR0287,MOV0059,2025-08-13T10:02:37Z,2025-08-13T11:03:37Z,43,31,abandoned,web,HD,KR,0,home_recommendation
VEW003440,USR0287,MOV0038,2026-06-05T19:22:32Z,2026-06-05T20:43:32Z,66,59,abandoned,web,4K,KR,0,friend_share
VEW003441,USR0287,MOV0028,2025-10-18T15:26:09Z,2025-10-18T15:47:09Z,20,19,abandoned,game_console,4K,KR,0,watchlist
VEW003442,USR0287,MOV0017,2026-03-12T15:22:50Z,2026-03-12T17:07:50Z,93,90,completed,mobile,SD,KR,0,search
VEW003443,USR0287,MOV0068,2025-12-03T12:00:14Z,2025-12-03T12:41:14Z,30,26,abandoned,smart_tv,SD,KR,0,trending
VEW003444,USR0287,MOV0118,2026-06-22T12:37:37Z,2026-06-22T13:32:37Z,46,45,abandoned,smart_tv,HD,KR,0,watchlist
VEW003445,USR0288,MOV0037,2025-10-07T13:23:34Z,2025-10-07T15:03:34Z,95,100,completed,tablet,4K,KR,0,watchlist
VEW003446,USR0288,MOV0074,2026-04-27T01:25:29Z,2026-04-27T03:49:29Z,132,94,completed,web,FHD,KR,0,home_recommendation
VEW003447,USR0288,MOV0042,2025-03-03T01:27:48Z,2025-03-03T03:23:48Z,112,88,completed,smart_tv,HD,KR,0,friend_share
VEW003448,USR0288,MOV0041,2026-06-05T23:21:09Z,2026-06-06T01:11:09Z,110,72,abandoned,mobile,SD,KR,0,search
VEW003449,USR0288,MOV0150,2025-12-08T00:14:30Z,2025-12-08T00:45:30Z,22,18,abandoned,mobile,FHD,KR,0,search
VEW003450,USR0288,MOV0131,2024-10-29T01:04:31Z,2024-10-29T01:37:31Z,24,22,abandoned,game_console,HD,KR,0,trending
VEW003451,USR0288,MOV0105,2025-04-18T20:35:34Z,2025-04-18T21:51:34Z,66,59,abandoned,web,4K,KR,0,trending
VEW003452,USR0288,MOV0189,2026-07-08T08:52:30Z,2026-07-08T10:40:30Z,99,64,abandoned,web,SD,KR,0,home_recommendation
VEW003453,USR0288,MOV0039,2026-05-05T19:59:12Z,2026-05-05T21:20:12Z,65,41,abandoned,smart_tv,HD,KR,0,home_recommendation
VEW003454,USR0288,MOV0052,2026-06-08T16:42:19Z,2026-06-08T19:23:19Z,159,99,completed,tablet,4K,KR,0,search
VEW003455,USR0288,MOV0076,2025-10-31T03:11:25Z,2025-10-31T05:16:25Z,107,71,abandoned,tablet,FHD,KR,0,search
VEW003456,USR0288,MOV0068,2026-03-04T19:18:28Z,2026-03-04T20:03:28Z,39,33,abandoned,mobile,4K,KR,0,search
VEW003457,USR0289,MOV0033,2024-07-27T22:40:04Z,2024-07-28T00:11:04Z,83,94,completed,tablet,FHD,KR,0,trending
VEW003458,USR0289,MOV0080,2025-04-06T10:27:34Z,2025-04-06T12:53:34Z,140,94,completed,web,4K,KR,0,watchlist
VEW003459,USR0289,MOV0004,2025-03-04T12:25:54Z,2025-03-04T14:24:54Z,117,91,completed,smart_tv,HD,KR,0,friend_share
VEW003460,USR0289,MOV0135,2026-05-02T23:49:24Z,2026-05-03T02:08:24Z,130,94,completed,game_console,4K,KR,0,search
VEW003461,USR0289,MOV0129,2026-05-10T07:15:35Z,2026-05-10T08:24:35Z,53,40,abandoned,mobile,4K,KR,0,trending
VEW003462,USR0289,MOV0162,2026-07-12T10:46:03Z,2026-07-12T12:03:03Z,64,45,abandoned,smart_tv,FHD,KR,0,home_recommendation
VEW003463,USR0289,MOV0021,2025-09-23T22:30:10Z,2025-09-24T00:17:10Z,98,61,abandoned,game_console,4K,KR,0,home_recommendation
VEW003464,USR0289,MOV0025,2025-05-16T14:06:30Z,2025-05-16T14:43:30Z,36,23,abandoned,mobile,SD,KR,0,watchlist
VEW003465,USR0289,MOV0192,2025-08-11T02:56:41Z,2025-08-11T03:38:41Z,41,44,abandoned,web,SD,KR,0,trending
VEW003466,USR0289,MOV0174,2025-07-27T06:04:07Z,2025-07-27T08:21:07Z,119,92,completed,tablet,HD,KR,0,search
VEW003467,USR0289,MOV0178,2026-04-04T19:37:49Z,2026-04-04T21:17:49Z,90,78,abandoned,smart_tv,FHD,KR,0,trending
VEW003468,USR0289,MOV0191,2024-02-25T03:03:13Z,2024-02-25T04:51:13Z,94,58,abandoned,mobile,FHD,KR,0,watchlist
VEW003469,USR0290,MOV0185,2025-11-07T21:09:46Z,2025-11-07T23:49:46Z,152,98,completed,smart_tv,SD,KR,0,watchlist
VEW003470,USR0290,MOV0054,2025-11-08T23:17:32Z,2025-11-09T01:12:32Z,107,100,completed,mobile,HD,KR,0,friend_share
VEW003471,USR0290,MOV0089,2025-10-02T13:33:46Z,2025-10-02T15:52:46Z,125,96,completed,game_console,FHD,KR,0,friend_share
VEW003472,USR0290,MOV0011,2026-06-27T04:22:27Z,2026-06-27T05:33:27Z,65,59,abandoned,game_console,SD,KR,0,friend_share
VEW003473,USR0290,MOV0006,2026-05-08T10:48:30Z,2026-05-08T12:44:30Z,104,72,abandoned,web,SD,KR,0,friend_share
VEW003474,USR0290,MOV0051,2025-11-23T11:38:55Z,2025-11-23T13:12:55Z,84,72,abandoned,game_console,4K,KR,0,friend_share
VEW003475,USR0290,MOV0061,2026-06-23T12:02:01Z,2026-06-23T12:47:01Z,41,36,abandoned,web,HD,KR,0,friend_share
VEW003476,USR0290,MOV0057,2026-05-25T10:21:19Z,2026-05-25T10:54:19Z,28,28,abandoned,mobile,FHD,KR,0,trending
VEW003477,USR0290,MOV0013,2026-06-07T21:36:19Z,2026-06-07T23:52:19Z,129,92,completed,mobile,HD,KR,0,home_recommendation
VEW003478,USR0290,MOV0184,2026-03-16T20:48:19Z,2026-03-16T22:08:19Z,67,66,abandoned,tablet,HD,KR,0,trending
VEW003479,USR0290,MOV0162,2026-03-15T10:07:31Z,2026-03-15T11:23:31Z,70,49,abandoned,game_console,SD,KR,0,watchlist
VEW003480,USR0290,MOV0177,2025-12-06T09:03:10Z,2025-12-06T09:34:10Z,22,31,abandoned,smart_tv,HD,KR,0,search
VEW003481,USR0291,MOV0186,2026-01-31T03:23:30Z,2026-01-31T05:54:30Z,133,88,completed,mobile,SD,KR,0,trending
VEW003482,USR0291,MOV0191,2026-02-01T13:58:10Z,2026-02-01T16:57:10Z,162,100,completed,web,4K,KR,0,home_recommendation
VEW003483,USR0291,MOV0098,2026-05-19T04:49:42Z,2026-05-19T06:24:42Z,93,88,completed,tablet,SD,KR,0,friend_share
VEW003484,USR0291,MOV0060,2026-06-22T00:56:46Z,2026-06-22T02:15:46Z,72,48,abandoned,smart_tv,FHD,KR,0,friend_share
VEW003485,USR0291,MOV0015,2026-05-27T17:18:50Z,2026-05-27T18:44:50Z,73,47,abandoned,tablet,4K,KR,0,search
VEW003486,USR0291,MOV0011,2023-01-29T12:09:46Z,2023-01-29T13:50:46Z,94,85,completed,smart_tv,HD,KR,0,search
VEW003487,USR0291,MOV0100,2026-03-02T06:52:05Z,2026-03-02T07:38:05Z,40,35,abandoned,tablet,4K,KR,0,search
VEW003488,USR0291,MOV0091,2026-03-30T18:04:16Z,2026-03-30T19:28:16Z,81,70,abandoned,mobile,SD,KR,0,watchlist
VEW003489,USR0291,MOV0023,2025-10-06T22:36:49Z,2025-10-07T00:02:49Z,68,45,abandoned,tablet,HD,KR,0,friend_share
VEW003490,USR0291,MOV0052,2026-02-02T06:34:03Z,2026-02-02T07:29:03Z,37,23,abandoned,game_console,4K,KR,0,watchlist
VEW003491,USR0291,MOV0196,2025-10-12T01:08:12Z,2025-10-12T02:25:12Z,73,60,abandoned,mobile,HD,KR,0,home_recommendation
VEW003492,USR0291,MOV0006,2023-08-10T18:17:45Z,2023-08-10T20:01:45Z,88,61,abandoned,mobile,FHD,KR,0,search
VEW003493,USR0292,MOV0109,2025-07-23T11:52:09Z,2025-07-23T13:57:09Z,124,97,completed,mobile,FHD,KR,0,friend_share
VEW003494,USR0292,MOV0181,2022-10-17T19:00:15Z,2022-10-17T21:31:15Z,142,98,completed,tablet,4K,KR,0,friend_share
VEW003495,USR0292,MOV0176,2025-06-24T20:31:00Z,2025-06-24T22:46:00Z,129,89,completed,web,4K,KR,0,trending
VEW003496,USR0292,MOV0081,2025-05-04T15:50:46Z,2025-05-04T16:51:46Z,60,37,abandoned,mobile,4K,KR,0,home_recommendation
VEW003497,USR0292,MOV0080,2025-07-29T15:46:44Z,2025-07-29T17:01:44Z,60,40,abandoned,game_console,HD,KR,0,friend_share
VEW003498,USR0292,MOV0022,2025-08-08T23:15:40Z,2025-08-08T23:43:40Z,22,24,abandoned,tablet,4K,KR,0,watchlist
VEW003499,USR0292,MOV0039,2023-04-17T11:10:38Z,2023-04-17T12:55:38Z,89,56,abandoned,mobile,HD,KR,0,home_recommendation
VEW003500,USR0292,MOV0037,2024-12-17T22:15:51Z,2024-12-17T22:58:51Z,37,39,abandoned,mobile,4K,KR,0,watchlist
VEW003501,USR0292,MOV0140,2025-08-23T07:30:20Z,2025-08-23T08:26:20Z,54,43,abandoned,web,FHD,KR,0,friend_share
VEW003502,USR0292,MOV0156,2026-02-11T01:38:07Z,2026-02-11T03:08:07Z,81,84,abandoned,game_console,SD,KR,0,search
VEW003503,USR0292,MOV0111,2021-11-26T10:44:45Z,2021-11-26T12:04:45Z,79,78,abandoned,web,HD,KR,0,home_recommendation
VEW003504,USR0292,MOV0132,2026-06-08T18:29:03Z,2026-06-08T19:34:03Z,53,55,abandoned,tablet,FHD,KR,0,home_recommendation
VEW003505,USR0293,MOV0093,2025-12-02T21:33:11Z,2025-12-02T23:42:11Z,112,98,completed,tablet,HD,KR,0,home_recommendation
VEW003506,USR0293,MOV0160,2026-01-08T15:54:02Z,2026-01-08T17:41:02Z,102,96,completed,mobile,4K,KR,0,trending
VEW003507,USR0293,MOV0101,2026-05-18T05:00:18Z,2026-05-18T07:27:18Z,131,88,completed,smart_tv,SD,KR,0,trending
VEW003508,USR0293,MOV0119,2024-07-28T10:04:37Z,2024-07-28T11:12:37Z,50,37,abandoned,mobile,4K,KR,0,home_recommendation
VEW003509,USR0293,MOV0113,2026-06-27T03:48:09Z,2026-06-27T04:14:09Z,26,18,abandoned,game_console,HD,KR,0,watchlist
VEW003510,USR0293,MOV0107,2026-03-28T16:56:44Z,2026-03-28T17:54:44Z,55,56,abandoned,mobile,FHD,KR,0,friend_share
VEW003511,USR0293,MOV0161,2024-09-17T08:02:38Z,2024-09-17T09:26:38Z,83,55,abandoned,smart_tv,HD,KR,0,watchlist
VEW003512,USR0293,MOV0039,2024-02-23T11:37:39Z,2024-02-23T14:17:39Z,148,93,completed,game_console,SD,KR,0,trending
VEW003513,USR0293,MOV0003,2026-05-09T10:13:31Z,2026-05-09T11:16:31Z,58,51,abandoned,mobile,4K,KR,0,trending
VEW003514,USR0293,MOV0062,2026-04-14T18:49:21Z,2026-04-14T20:26:21Z,79,53,abandoned,smart_tv,FHD,KR,0,watchlist
VEW003515,USR0293,MOV0040,2026-03-23T17:08:42Z,2026-03-23T18:42:42Z,85,77,abandoned,smart_tv,FHD,KR,0,trending
VEW003516,USR0293,MOV0154,2025-08-29T20:28:51Z,2025-08-29T20:57:51Z,25,20,abandoned,mobile,FHD,KR,0,trending
VEW003517,USR0294,MOV0136,2026-07-11T06:28:58Z,2026-07-11T08:56:58Z,133,92,completed,smart_tv,FHD,KR,0,search
VEW003518,USR0294,MOV0083,2026-06-13T09:06:05Z,2026-06-13T11:29:05Z,143,98,completed,smart_tv,SD,KR,0,friend_share
VEW003519,USR0294,MOV0178,2026-05-15T21:53:02Z,2026-05-15T23:54:02Z,115,99,completed,web,4K,KR,0,watchlist
VEW003520,USR0294,MOV0127,2024-05-28T12:36:46Z,2024-05-28T13:09:46Z,19,18,abandoned,mobile,FHD,KR,0,home_recommendation
VEW003521,USR0294,MOV0110,2026-05-16T23:39:22Z,2026-05-17T01:59:22Z,123,79,abandoned,game_console,HD,KR,0,trending
VEW003522,USR0294,MOV0028,2025-11-21T10:13:51Z,2025-11-21T10:58:51Z,30,28,abandoned,game_console,4K,KR,0,watchlist
VEW003523,USR0294,MOV0068,2026-03-22T00:36:31Z,2026-03-22T02:30:31Z,98,84,abandoned,smart_tv,SD,KR,0,watchlist
VEW003524,USR0294,MOV0019,2025-12-20T07:38:40Z,2025-12-20T08:58:40Z,70,72,abandoned,web,SD,KR,0,friend_share
VEW003525,USR0294,MOV0173,2024-06-15T04:35:05Z,2024-06-15T06:37:05Z,109,80,abandoned,smart_tv,4K,KR,0,trending
VEW003526,USR0294,MOV0185,2025-04-19T04:12:00Z,2025-04-19T05:53:00Z,93,60,abandoned,web,4K,KR,0,search
VEW003527,USR0294,MOV0200,2025-10-22T09:19:05Z,2025-10-22T09:55:05Z,36,39,abandoned,mobile,SD,KR,0,home_recommendation
VEW003528,USR0294,MOV0053,2026-06-22T07:56:52Z,2026-06-22T08:52:52Z,48,49,abandoned,mobile,4K,KR,0,search
VEW003529,USR0295,MOV0178,2026-06-02T13:05:17Z,2026-06-02T14:58:17Z,113,97,completed,web,FHD,KR,0,watchlist
VEW003530,USR0295,MOV0052,2025-10-29T20:30:17Z,2025-10-29T23:06:17Z,151,94,completed,web,HD,KR,0,home_recommendation
VEW003531,USR0295,MOV0063,2025-10-11T10:26:11Z,2025-10-11T12:33:11Z,111,96,completed,smart_tv,4K,KR,0,search
VEW003532,USR0295,MOV0191,2024-06-02T15:53:31Z,2024-06-02T18:18:31Z,139,86,completed,game_console,SD,KR,0,friend_share
VEW003533,USR0295,MOV0148,2025-02-02T05:17:36Z,2025-02-02T06:29:36Z,62,54,abandoned,mobile,SD,KR,0,trending
VEW003534,USR0295,MOV0009,2025-09-22T23:35:43Z,2025-09-23T00:41:43Z,58,42,abandoned,tablet,4K,KR,0,search
VEW003535,USR0295,MOV0032,2024-12-30T19:51:38Z,2024-12-30T21:54:38Z,123,81,abandoned,game_console,4K,KR,0,search
VEW003536,USR0295,MOV0116,2025-07-23T07:48:40Z,2025-07-23T08:24:40Z,24,21,abandoned,game_console,4K,KR,0,search
VEW003537,USR0295,MOV0186,2026-01-14T17:55:29Z,2026-01-14T19:38:29Z,85,56,abandoned,smart_tv,SD,KR,0,search
VEW003538,USR0295,MOV0190,2024-02-29T16:30:22Z,2024-02-29T18:58:22Z,130,81,abandoned,tablet,HD,KR,0,friend_share
VEW003539,USR0295,MOV0073,2025-12-12T00:52:28Z,2025-12-12T02:43:28Z,105,65,abandoned,mobile,FHD,KR,0,search
VEW003540,USR0295,MOV0088,2024-06-19T10:29:25Z,2024-06-19T12:10:25Z,89,87,completed,smart_tv,SD,KR,0,search
VEW003541,USR0296,MOV0052,2025-10-21T09:46:40Z,2025-10-21T12:19:40Z,150,93,completed,smart_tv,4K,KR,0,watchlist
VEW003542,USR0296,MOV0035,2025-12-20T22:15:40Z,2025-12-21T00:09:40Z,108,96,completed,web,HD,KR,0,home_recommendation
VEW003543,USR0296,MOV0013,2025-12-31T00:32:45Z,2025-12-31T02:52:45Z,125,89,completed,web,HD,KR,0,search
VEW003544,USR0296,MOV0039,2023-05-03T00:06:55Z,2023-05-03T02:41:55Z,149,94,completed,tablet,HD,KR,0,home_recommendation
VEW003545,USR0296,MOV0018,2026-05-13T14:51:15Z,2026-05-13T15:27:15Z,22,19,abandoned,tablet,HD,KR,0,friend_share
VEW003546,USR0296,MOV0075,2024-08-16T20:33:28Z,2024-08-16T22:18:28Z,92,79,abandoned,mobile,HD,KR,0,watchlist
VEW003547,USR0296,MOV0141,2026-03-31T09:07:27Z,2026-03-31T10:22:27Z,57,58,abandoned,web,FHD,KR,0,trending
VEW003548,USR0296,MOV0005,2026-01-11T10:58:42Z,2026-01-11T11:45:42Z,47,47,abandoned,mobile,SD,KR,0,search
VEW003549,USR0296,MOV0149,2026-05-11T03:43:43Z,2026-05-11T05:54:43Z,129,91,completed,tablet,4K,KR,0,home_recommendation
VEW003550,USR0296,MOV0062,2026-07-05T12:27:29Z,2026-07-05T14:35:29Z,124,83,abandoned,web,4K,KR,0,friend_share
VEW003551,USR0296,MOV0006,2026-03-19T14:00:55Z,2026-03-19T15:31:55Z,87,60,abandoned,game_console,SD,KR,0,search
VEW003552,USR0296,MOV0128,2025-03-01T22:50:50Z,2025-03-01T23:20:50Z,21,23,abandoned,web,HD,KR,0,search
VEW003553,USR0297,MOV0090,2026-01-29T13:40:11Z,2026-01-29T15:50:11Z,113,94,completed,web,SD,KR,0,home_recommendation
VEW003554,USR0297,MOV0050,2026-02-06T01:10:14Z,2026-02-06T03:21:14Z,131,92,completed,tablet,HD,KR,0,friend_share
VEW003555,USR0297,MOV0142,2025-12-18T22:29:23Z,2025-12-19T00:53:23Z,131,93,completed,game_console,4K,KR,0,watchlist
VEW003556,USR0297,MOV0166,2026-06-18T07:35:35Z,2026-06-18T09:02:35Z,73,51,abandoned,web,SD,KR,0,home_recommendation
VEW003557,USR0297,MOV0154,2026-05-03T08:56:28Z,2026-05-03T10:47:28Z,93,76,abandoned,tablet,4K,KR,0,home_recommendation
VEW003558,USR0297,MOV0146,2026-01-27T15:38:24Z,2026-01-27T16:23:24Z,36,25,abandoned,web,HD,KR,0,home_recommendation
VEW003559,USR0297,MOV0084,2026-05-27T07:10:36Z,2026-05-27T09:12:36Z,122,82,abandoned,game_console,4K,KR,0,friend_share
VEW003560,USR0297,MOV0069,2025-10-25T09:31:25Z,2025-10-25T10:04:25Z,21,23,abandoned,smart_tv,SD,KR,0,watchlist
VEW003561,USR0297,MOV0140,2026-05-06T08:28:46Z,2026-05-06T10:26:46Z,105,84,abandoned,web,SD,KR,0,friend_share
VEW003562,USR0297,MOV0137,2026-04-24T05:36:43Z,2026-04-24T06:00:43Z,22,24,abandoned,tablet,FHD,KR,0,home_recommendation
VEW003563,USR0297,MOV0057,2025-11-06T16:47:06Z,2025-11-06T17:23:06Z,26,26,abandoned,smart_tv,4K,KR,0,friend_share
VEW003564,USR0297,MOV0098,2026-06-07T08:51:49Z,2026-06-07T10:08:49Z,64,60,abandoned,tablet,FHD,KR,0,home_recommendation
VEW003565,USR0298,MOV0189,2026-05-29T10:11:36Z,2026-05-29T12:44:36Z,151,98,completed,mobile,FHD,KR,0,friend_share
VEW003566,USR0298,MOV0048,2026-03-18T23:18:50Z,2026-03-19T00:48:50Z,72,93,completed,mobile,HD,KR,0,friend_share
VEW003567,USR0298,MOV0087,2025-11-25T07:43:35Z,2025-11-25T09:29:35Z,88,90,completed,game_console,FHD,KR,0,watchlist
VEW003568,USR0298,MOV0170,2026-02-18T12:17:35Z,2026-02-18T13:24:35Z,62,57,abandoned,game_console,SD,KR,0,friend_share
VEW003569,USR0298,MOV0077,2026-03-12T17:51:48Z,2026-03-12T18:55:48Z,49,52,abandoned,tablet,SD,KR,0,friend_share
VEW003570,USR0298,MOV0078,2026-01-19T07:43:13Z,2026-01-19T08:23:13Z,25,22,abandoned,game_console,HD,KR,0,search
VEW003571,USR0298,MOV0175,2026-06-27T01:48:46Z,2026-06-27T03:50:46Z,109,96,completed,game_console,FHD,KR,0,watchlist
VEW003572,USR0298,MOV0014,2025-12-09T06:01:51Z,2025-12-09T07:45:51Z,102,75,abandoned,tablet,FHD,KR,0,search
VEW003573,USR0298,MOV0117,2026-03-03T02:00:52Z,2026-03-03T02:58:52Z,41,50,abandoned,web,SD,KR,0,watchlist
VEW003574,USR0298,MOV0197,2026-04-28T07:58:01Z,2026-04-28T08:29:01Z,29,27,abandoned,tablet,FHD,KR,0,search
VEW003575,USR0298,MOV0054,2026-05-23T15:07:16Z,2026-05-23T16:18:16Z,71,66,abandoned,tablet,HD,KR,0,search
VEW003576,USR0298,MOV0171,2026-05-22T17:50:46Z,2026-05-22T19:55:46Z,115,90,completed,game_console,HD,KR,0,watchlist
VEW003577,USR0299,MOV0009,2026-02-10T05:33:59Z,2026-02-10T07:52:59Z,134,98,completed,web,HD,KR,0,trending
VEW003578,USR0299,MOV0148,2025-06-16T01:42:40Z,2025-06-16T03:49:40Z,114,99,completed,tablet,4K,KR,0,trending
VEW003579,USR0299,MOV0008,2026-06-01T23:11:43Z,2026-06-02T00:50:43Z,83,96,completed,game_console,FHD,KR,0,friend_share
VEW003580,USR0299,MOV0196,2026-07-14T22:08:12Z,2026-07-14T23:40:12Z,85,70,abandoned,tablet,HD,KR,0,search
VEW003581,USR0299,MOV0035,2025-04-27T02:50:29Z,2025-04-27T03:11:29Z,20,18,abandoned,game_console,HD,KR,0,watchlist
VEW003582,USR0299,MOV0066,2024-08-14T10:42:09Z,2024-08-14T12:27:09Z,93,59,abandoned,web,SD,KR,0,watchlist
VEW003583,USR0299,MOV0047,2025-10-21T11:23:00Z,2025-10-21T12:24:00Z,60,84,abandoned,game_console,SD,KR,0,home_recommendation
VEW003584,USR0299,MOV0125,2025-07-25T10:44:35Z,2025-07-25T12:18:35Z,76,84,abandoned,smart_tv,4K,KR,0,search
VEW003585,USR0299,MOV0049,2025-11-29T16:41:21Z,2025-11-29T17:44:21Z,53,37,abandoned,game_console,HD,KR,0,trending
VEW003586,USR0299,MOV0160,2025-05-28T15:54:46Z,2025-05-28T17:36:46Z,96,91,completed,tablet,HD,KR,0,trending
VEW003587,USR0299,MOV0095,2026-03-27T21:00:47Z,2026-03-27T21:32:47Z,24,26,abandoned,smart_tv,SD,KR,0,watchlist
VEW003588,USR0299,MOV0012,2024-06-17T12:44:24Z,2024-06-17T14:33:24Z,109,81,abandoned,tablet,FHD,KR,0,search
VEW003589,USR0300,MOV0017,2025-01-17T20:23:53Z,2025-01-17T22:15:53Z,102,99,completed,tablet,SD,KR,0,friend_share
VEW003590,USR0300,MOV0130,2025-04-10T15:43:10Z,2025-04-10T17:42:10Z,113,90,completed,web,FHD,KR,0,home_recommendation
VEW003591,USR0300,MOV0188,2026-03-10T04:53:00Z,2026-03-10T06:20:00Z,77,89,completed,smart_tv,HD,KR,0,trending
VEW003592,USR0300,MOV0088,2023-09-10T07:24:14Z,2023-09-10T09:04:14Z,85,83,abandoned,web,HD,KR,0,home_recommendation
VEW003593,USR0300,MOV0091,2025-10-13T12:22:29Z,2025-10-13T13:11:29Z,38,33,abandoned,mobile,SD,KR,0,home_recommendation
VEW003594,USR0300,MOV0149,2022-08-17T23:40:11Z,2022-08-18T00:37:11Z,41,29,abandoned,web,4K,KR,0,search
VEW003595,USR0300,MOV0140,2025-05-18T14:42:35Z,2025-05-18T16:02:35Z,63,50,abandoned,mobile,HD,KR,0,friend_share
VEW003596,USR0300,MOV0114,2025-12-17T01:06:50Z,2025-12-17T01:59:50Z,42,38,abandoned,web,SD,KR,0,friend_share
VEW003597,USR0300,MOV0047,2025-06-14T21:28:34Z,2025-06-14T22:25:34Z,55,78,abandoned,game_console,HD,KR,0,trending
VEW003598,USR0300,MOV0166,2026-01-29T12:43:26Z,2026-01-29T14:10:26Z,84,58,abandoned,mobile,HD,KR,0,friend_share
VEW003599,USR0300,MOV0099,2026-07-05T20:40:37Z,2026-07-05T22:39:37Z,105,81,abandoned,game_console,4K,KR,0,watchlist
VEW003600,USR0300,MOV0067,2026-04-11T01:00:54Z,2026-04-11T02:40:54Z,100,92,completed,mobile,SD,KR,0,friend_share
VEW003601,USR0275,MOV0132,2025-09-19T23:37:41Z,2025-09-20T01:09:41Z,84,88,completed,web,HD,KR,1,continue_watching
VEW003602,USR0185,MOV0007,2025-11-18T20:34:55Z,2025-11-18T22:03:55Z,86,92,completed,tablet,HD,KR,1,continue_watching
VEW003603,USR0117,MOV0118,2026-07-19T08:22:18Z,2026-07-19T10:02:18Z,92,89,completed,web,HD,KR,1,continue_watching
VEW003604,USR0131,MOV0005,2026-07-29T09:40:32Z,2026-07-29T11:18:32Z,95,95,completed,smart_tv,4K,KR,1,continue_watching
VEW003605,USR0080,MOV0197,2026-01-23T20:11:23Z,2026-01-23T21:44:23Z,93,88,completed,web,4K,KR,1,continue_watching
VEW003606,USR0107,MOV0048,2026-04-10T02:22:19Z,2026-04-10T03:43:19Z,72,93,completed,web,HD,KR,1,continue_watching
VEW003607,USR0254,MOV0140,2026-05-27T20:20:36Z,2026-05-27T22:35:36Z,124,99,completed,mobile,HD,KR,1,continue_watching
VEW003608,USR0124,MOV0141,2025-05-24T23:22:13Z,2025-05-25T00:54:13Z,87,88,completed,tablet,HD,KR,1,continue_watching
VEW003609,USR0251,MOV0016,2026-03-08T03:46:19Z,2026-03-08T06:13:19Z,139,97,completed,tablet,FHD,KR,1,continue_watching
VEW003610,USR0177,MOV0180,2026-04-19T21:15:17Z,2026-04-19T23:29:17Z,134,90,completed,web,FHD,KR,1,continue_watching
VEW003611,USR0155,MOV0157,2026-06-01T18:08:03Z,2026-06-01T19:20:03Z,71,94,completed,game_console,HD,KR,1,continue_watching
VEW003612,USR0198,MOV0010,2026-03-22T16:41:59Z,2026-03-22T18:56:59Z,124,96,completed,smart_tv,4K,KR,1,continue_watching
VEW003613,USR0243,MOV0136,2025-11-23T05:49:54Z,2025-11-23T08:08:54Z,138,95,completed,web,4K,KR,1,continue_watching
VEW003614,USR0168,MOV0112,2026-04-28T20:27:23Z,2026-04-28T22:16:23Z,102,94,completed,tablet,HD,KR,1,continue_watching
VEW003615,USR0139,MOV0027,2026-03-11T22:39:50Z,2026-03-12T00:14:50Z,91,88,completed,game_console,HD,KR,1,continue_watching
VEW003616,USR0211,MOV0002,2026-06-15T11:26:37Z,2026-06-15T13:03:37Z,95,92,completed,game_console,4K,KR,1,continue_watching
VEW003617,USR0230,MOV0011,2026-07-17T13:02:00Z,2026-07-17T14:47:00Z,104,94,completed,smart_tv,HD,KR,1,continue_watching
VEW003618,USR0046,MOV0053,2026-06-23T01:01:03Z,2026-06-23T02:35:03Z,84,86,completed,game_console,HD,KR,1,continue_watching
VEW003619,USR0022,MOV0011,2026-05-28T22:53:15Z,2026-05-29T00:44:15Z,110,99,completed,game_console,FHD,KR,1,continue_watching
VEW003620,USR0229,MOV0151,2024-12-21T01:18:59Z,2024-12-21T02:54:59Z,92,99,completed,web,4K,KR,1,continue_watching
VEW003621,USR0078,MOV0051,2026-07-28T13:38:59Z,2026-07-28T15:37:59Z,108,93,completed,web,FHD,KR,1,continue_watching
VEW003622,USR0201,MOV0149,2026-01-12T06:43:18Z,2026-01-12T09:02:18Z,128,90,completed,web,HD,KR,1,continue_watching
VEW003623,USR0114,MOV0031,2025-06-11T05:08:03Z,2025-06-11T06:43:03Z,87,91,completed,game_console,HD,KR,1,continue_watching
VEW003624,USR0084,MOV0104,2026-06-26T15:43:23Z,2026-06-26T18:12:23Z,140,86,completed,tablet,4K,KR,1,continue_watching
VEW003625,USR0170,MOV0002,2026-06-19T10:42:05Z,2026-06-19T12:30:05Z,100,97,completed,tablet,HD,KR,1,continue_watching
VEW003626,USR0094,MOV0141,2026-06-17T13:05:06Z,2026-06-17T14:35:06Z,87,88,completed,tablet,FHD,KR,1,continue_watching
VEW003627,USR0041,MOV0105,2024-04-30T03:25:55Z,2024-04-30T05:16:55Z,100,89,completed,tablet,4K,KR,1,continue_watching
VEW003628,USR0135,MOV0081,2026-07-29T14:34:58Z,2026-07-29T17:13:58Z,150,92,completed,web,HD,KR,1,continue_watching
VEW003629,USR0144,MOV0083,2026-06-19T08:52:12Z,2026-06-19T11:00:12Z,126,86,completed,game_console,HD,KR,1,continue_watching
VEW003630,USR0140,MOV0176,2026-07-12T15:29:49Z,2026-07-12T17:50:49Z,133,92,completed,web,4K,KR,1,continue_watching
VEW003631,USR0234,MOV0020,2025-07-01T01:24:08Z,2025-07-01T03:08:08Z,93,87,completed,tablet,4K,KR,1,continue_watching
VEW003632,USR0117,MOV0015,2025-07-17T12:37:51Z,2025-07-17T15:10:51Z,153,98,completed,tablet,HD,KR,1,continue_watching
VEW003633,USR0185,MOV0117,2026-04-20T08:39:22Z,2026-04-20T10:08:22Z,80,99,completed,web,FHD,KR,1,continue_watching
VEW003634,USR0286,MOV0038,2026-07-16T10:29:17Z,2026-07-16T12:26:17Z,108,96,completed,web,FHD,KR,1,continue_watching
VEW003635,USR0176,MOV0134,2023-04-20T12:50:31Z,2023-04-20T14:25:31Z,87,86,completed,smart_tv,HD,KR,1,continue_watching
VEW003636,USR0264,MOV0181,2026-05-15T11:16:40Z,2026-05-15T13:42:40Z,144,99,completed,mobile,HD,KR,1,continue_watching
VEW003637,USR0164,MOV0003,2026-07-07T04:15:25Z,2026-07-07T06:06:25Z,99,88,completed,tablet,HD,KR,1,continue_watching
VEW003638,USR0163,MOV0171,2026-04-21T06:55:00Z,2026-04-21T09:14:00Z,128,100,completed,smart_tv,FHD,KR,1,continue_watching
VEW003639,USR0119,MOV0058,2026-05-21T05:21:02Z,2026-05-21T07:10:02Z,109,95,completed,game_console,HD,KR,1,continue_watching
VEW003640,USR0076,MOV0092,2026-05-22T19:32:20Z,2026-05-22T21:30:20Z,106,93,completed,mobile,HD,KR,1,continue_watching
VEW003641,USR0143,MOV0051,2026-06-10T14:36:47Z,2026-06-10T16:21:47Z,103,89,completed,web,HD,KR,1,continue_watching
VEW003642,USR0200,MOV0123,2026-06-07T06:18:31Z,2026-06-07T08:03:31Z,97,94,completed,smart_tv,HD,KR,1,continue_watching
VEW003643,USR0009,MOV0150,2026-03-04T06:55:49Z,2026-03-04T09:00:49Z,122,98,completed,mobile,4K,KR,1,continue_watching
VEW003644,USR0083,MOV0027,2026-03-11T09:12:57Z,2026-03-11T10:59:57Z,95,92,completed,mobile,HD,KR,1,continue_watching
VEW003645,USR0111,MOV0073,2026-01-18T03:42:13Z,2026-01-18T06:09:13Z,146,90,completed,mobile,HD,KR,1,continue_watching
VEW003646,USR0033,MOV0014,2026-05-14T19:03:48Z,2026-05-14T21:10:48Z,117,86,completed,mobile,FHD,KR,1,continue_watching
VEW003647,USR0225,MOV0154,2026-04-14T03:28:34Z,2026-04-14T05:40:34Z,121,98,completed,smart_tv,4K,KR,1,continue_watching
VEW003648,USR0218,MOV0151,2023-10-13T07:01:15Z,2023-10-13T08:31:15Z,86,92,completed,smart_tv,HD,KR,1,continue_watching
VEW003649,USR0268,MOV0013,2026-01-17T21:13:49Z,2026-01-17T23:25:49Z,127,91,completed,web,4K,KR,1,continue_watching
VEW003650,USR0224,MOV0119,2026-02-07T08:31:09Z,2026-02-07T10:41:09Z,129,95,completed,mobile,HD,KR,1,continue_watching
VEW003651,USR0211,MOV0140,2026-04-21T06:19:15Z,2026-04-21T08:15:15Z,110,88,completed,smart_tv,4K,KR,1,continue_watching
VEW003652,USR0231,MOV0163,2026-04-15T13:40:06Z,2026-04-15T15:46:06Z,117,94,completed,smart_tv,FHD,KR,1,continue_watching
VEW003653,USR0059,MOV0078,2026-05-23T09:23:28Z,2026-05-23T11:09:28Z,106,93,completed,smart_tv,HD,KR,1,continue_watching
VEW003654,USR0146,MOV0053,2026-07-20T19:53:45Z,2026-07-20T21:32:45Z,94,96,completed,smart_tv,4K,KR,1,continue_watching
VEW003655,USR0088,MOV0183,2025-10-17T18:33:10Z,2025-10-17T20:28:10Z,108,97,completed,web,4K,KR,1,continue_watching
VEW003656,USR0227,MOV0049,2026-03-13T17:50:51Z,2026-03-13T19:59:51Z,125,87,completed,smart_tv,4K,KR,1,continue_watching
VEW003657,USR0002,MOV0132,2026-07-17T22:15:55Z,2026-07-17T23:51:55Z,91,95,completed,web,HD,KR,1,continue_watching
VEW003658,USR0127,MOV0068,2026-07-13T22:20:41Z,2026-07-14T00:21:41Z,110,94,completed,game_console,FHD,KR,1,continue_watching
VEW003659,USR0241,MOV0082,2023-01-21T05:51:39Z,2023-01-21T08:04:39Z,124,86,completed,mobile,FHD,KR,1,continue_watching
VEW003660,USR0058,MOV0121,2026-07-06T15:48:31Z,2026-07-06T17:46:31Z,114,96,completed,game_console,4K,KR,1,continue_watching
VEW003661,USR0057,MOV0167,2026-01-19T06:43:48Z,2026-01-19T08:09:48Z,75,97,completed,tablet,HD,KR,1,continue_watching
VEW003662,USR0289,MOV0021,2026-01-01T05:31:26Z,2026-01-01T07:57:26Z,140,87,completed,game_console,FHD,KR,1,continue_watching
VEW003663,USR0273,MOV0199,2026-07-19T00:44:15Z,2026-07-19T02:33:15Z,99,90,completed,web,FHD,KR,1,continue_watching
VEW003664,USR0114,MOV0057,2025-06-08T08:21:17Z,2025-06-08T10:00:17Z,95,96,completed,tablet,4K,KR,1,continue_watching
VEW003665,USR0146,MOV0096,2026-07-18T08:59:15Z,2026-07-18T10:44:15Z,101,89,completed,web,4K,KR,1,continue_watching
VEW003666,USR0004,MOV0102,2026-07-08T15:49:28Z,2026-07-08T17:09:28Z,80,87,completed,game_console,HD,KR,1,continue_watching
VEW003667,USR0243,MOV0180,2025-11-04T03:15:01Z,2025-11-04T05:43:01Z,139,93,completed,game_console,FHD,KR,1,continue_watching
VEW003668,USR0168,MOV0041,2026-07-09T05:28:34Z,2026-07-09T08:09:34Z,150,98,completed,web,FHD,KR,1,continue_watching
VEW003669,USR0186,MOV0072,2026-07-23T04:57:34Z,2026-07-23T06:57:34Z,108,94,completed,mobile,FHD,KR,1,continue_watching
VEW003670,USR0083,MOV0021,2024-10-08T08:20:09Z,2024-10-08T11:03:09Z,155,96,completed,mobile,FHD,KR,1,continue_watching
VEW003671,USR0007,MOV0124,2026-03-16T19:31:23Z,2026-03-16T20:56:23Z,84,87,completed,web,HD,KR,1,continue_watching
VEW003672,USR0004,MOV0138,2026-07-22T03:33:57Z,2026-07-22T04:50:57Z,77,86,completed,web,4K,KR,1,continue_watching
VEW003673,USR0214,MOV0057,2026-04-13T13:23:35Z,2026-04-13T15:08:35Z,96,97,completed,game_console,HD,KR,1,continue_watching
VEW003674,USR0280,MOV0005,2026-06-15T03:39:03Z,2026-06-15T05:30:03Z,99,99,completed,smart_tv,4K,KR,1,continue_watching
VEW003675,USR0131,MOV0083,2026-07-07T11:49:03Z,2026-07-07T14:25:03Z,145,99,completed,mobile,FHD,KR,1,continue_watching
VEW003676,USR0021,MOV0135,2026-07-12T07:49:39Z,2026-07-12T09:57:39Z,124,90,completed,smart_tv,HD,KR,1,continue_watching
VEW003677,USR0145,MOV0083,2026-01-16T01:55:33Z,2026-01-16T04:21:33Z,142,97,completed,mobile,4K,KR,1,continue_watching
VEW003678,USR0252,MOV0171,2026-07-20T18:45:46Z,2026-07-20T20:53:46Z,125,98,completed,web,4K,KR,1,continue_watching
VEW003679,USR0027,MOV0059,2024-10-09T19:58:26Z,2024-10-09T21:59:26Z,119,86,completed,mobile,4K,KR,1,continue_watching
VEW003680,USR0107,MOV0134,2026-05-16T08:27:16Z,2026-05-16T10:16:16Z,100,99,completed,game_console,4K,KR,1,continue_watching
VEW003681,USR0106,MOV0033,2026-04-13T03:14:03Z,2026-04-13T04:42:03Z,87,99,completed,mobile,4K,KR,1,continue_watching
VEW003682,USR0159,MOV0134,2026-01-23T17:17:13Z,2026-01-23T19:04:13Z,101,100,completed,smart_tv,FHD,KR,1,continue_watching
VEW003683,USR0120,MOV0139,2026-07-23T22:58:30Z,2026-07-24T00:47:30Z,104,97,completed,web,HD,KR,1,continue_watching
VEW003684,USR0131,MOV0105,2026-06-02T15:58:46Z,2026-06-02T17:58:46Z,109,97,completed,web,HD,KR,1,continue_watching
VEW003685,USR0267,MOV0008,2026-04-06T22:32:39Z,2026-04-06T23:53:39Z,77,89,completed,mobile,FHD,KR,1,continue_watching
VEW003686,USR0231,MOV0190,2025-12-12T12:38:12Z,2025-12-12T15:01:12Z,141,88,completed,web,4K,KR,1,continue_watching
VEW003687,USR0233,MOV0043,2026-03-06T22:50:27Z,2026-03-07T00:19:27Z,87,87,completed,mobile,FHD,KR,1,continue_watching
VEW003688,USR0039,MOV0101,2026-07-21T15:38:33Z,2026-07-21T17:56:33Z,137,92,completed,tablet,HD,KR,1,continue_watching
VEW003689,USR0294,MOV0083,2026-06-23T10:00:04Z,2026-06-23T12:26:04Z,142,97,completed,smart_tv,4K,KR,1,continue_watching
VEW003690,USR0183,MOV0084,2026-06-30T22:49:00Z,2026-07-01T01:17:00Z,137,92,completed,web,HD,KR,1,continue_watching
VEW003691,USR0297,MOV0142,2026-05-07T17:55:55Z,2026-05-07T20:20:55Z,137,97,completed,game_console,HD,KR,1,continue_watching
VEW003692,USR0235,MOV0060,2026-07-26T14:56:15Z,2026-07-26T17:22:15Z,135,90,completed,web,HD,KR,1,continue_watching
VEW003693,USR0022,MOV0076,2026-06-19T09:28:52Z,2026-06-19T11:47:52Z,139,92,completed,smart_tv,4K,KR,1,continue_watching
VEW003694,USR0028,MOV0006,2026-05-30T06:05:43Z,2026-05-30T08:25:43Z,131,90,completed,tablet,FHD,KR,1,continue_watching
VEW003695,USR0096,MOV0086,2026-03-31T11:58:41Z,2026-03-31T14:17:41Z,131,100,completed,tablet,HD,KR,1,continue_watching
VEW003696,USR0051,MOV0105,2026-01-01T11:45:05Z,2026-01-01T13:29:05Z,100,89,completed,mobile,HD,KR,1,continue_watching
VEW003697,USR0091,MOV0058,2025-08-08T13:14:08Z,2025-08-08T15:01:08Z,102,89,completed,web,HD,KR,1,continue_watching
VEW003698,USR0047,MOV0175,2025-07-01T21:24:46Z,2025-07-01T23:15:46Z,104,91,completed,tablet,FHD,KR,1,continue_watching
VEW003699,USR0002,MOV0128,2026-04-21T07:41:26Z,2026-04-21T09:01:26Z,79,87,completed,mobile,FHD,KR,1,continue_watching
VEW003700,USR0059,MOV0178,2026-07-12T07:27:15Z,2026-07-12T09:24:15Z,111,96,completed,mobile,HD,KR,1,continue_watching
VEW003701,USR0165,MOV0022,2024-12-04T05:20:48Z,2024-12-04T06:48:48Z,82,88,completed,game_console,4K,KR,1,continue_watching
VEW003702,USR0229,MOV0135,2025-12-23T02:19:10Z,2025-12-23T04:36:10Z,130,94,completed,tablet,4K,KR,1,continue_watching
VEW003703,USR0128,MOV0096,2026-02-08T07:27:29Z,2026-02-08T09:14:29Z,105,92,completed,game_console,HD,KR,1,continue_watching
VEW003704,USR0047,MOV0064,2026-06-22T09:56:57Z,2026-06-22T11:55:57Z,115,87,completed,web,FHD,KR,1,continue_watching
VEW003705,USR0010,MOV0052,2026-04-19T19:13:54Z,2026-04-19T22:00:54Z,156,97,completed,mobile,HD,KR,1,continue_watching
VEW003706,USR0046,MOV0159,2026-06-12T08:45:24Z,2026-06-12T11:02:24Z,136,100,completed,game_console,4K,KR,1,continue_watching
VEW003707,USR0018,MOV0020,2025-11-30T16:12:09Z,2025-11-30T18:06:09Z,103,96,completed,tablet,HD,KR,1,continue_watching
VEW003708,USR0297,MOV0069,2025-12-16T13:44:00Z,2025-12-16T15:18:00Z,93,100,completed,smart_tv,FHD,KR,1,continue_watching
VEW003709,USR0219,MOV0186,2026-03-11T19:46:58Z,2026-03-11T22:10:58Z,137,91,completed,smart_tv,HD,KR,1,continue_watching
VEW003710,USR0049,MOV0007,2025-03-31T06:37:12Z,2025-03-31T08:03:12Z,81,86,completed,smart_tv,FHD,KR,1,continue_watching
VEW003711,USR0015,MOV0050,2026-06-13T13:31:51Z,2026-06-13T15:53:51Z,138,97,completed,web,FHD,KR,1,continue_watching
VEW003712,USR0102,MOV0053,2026-05-21T18:30:26Z,2026-05-21T20:07:26Z,94,96,completed,game_console,HD,KR,1,continue_watching
VEW003713,USR0268,MOV0037,2026-05-07T10:24:53Z,2026-05-07T11:58:53Z,91,96,completed,mobile,4K,KR,1,continue_watching
VEW003714,USR0243,MOV0115,2026-05-26T04:24:24Z,2026-05-26T06:48:24Z,136,93,completed,web,4K,KR,1,continue_watching
VEW003715,USR0132,MOV0081,2026-01-05T08:44:03Z,2026-01-05T11:27:03Z,160,98,completed,web,4K,KR,1,continue_watching
VEW003716,USR0276,MOV0131,2026-05-23T02:26:08Z,2026-05-23T04:15:08Z,101,93,completed,smart_tv,HD,KR,1,continue_watching
VEW003717,USR0199,MOV0159,2025-12-27T09:05:53Z,2025-12-27T11:25:53Z,131,96,completed,tablet,FHD,KR,1,continue_watching
VEW003718,USR0037,MOV0163,2026-05-23T09:09:52Z,2026-05-23T11:11:52Z,113,91,completed,game_console,4K,KR,1,continue_watching
VEW003719,USR0027,MOV0195,2026-04-13T15:42:00Z,2026-04-13T18:08:00Z,141,92,completed,web,HD,KR,1,continue_watching
VEW003720,USR0061,MOV0091,2026-06-17T02:59:21Z,2026-06-17T05:01:21Z,114,99,completed,game_console,FHD,KR,1,continue_watching
VEW003721,USR0002,MOV0140,2026-06-11T06:50:36Z,2026-06-11T08:44:36Z,113,90,completed,web,HD,KR,1,continue_watching
VEW003722,USR0141,MOV0102,2026-07-15T03:13:02Z,2026-07-15T04:41:02Z,87,95,completed,web,4K,KR,1,continue_watching
VEW003723,USR0060,MOV0015,2026-06-16T04:58:17Z,2026-06-16T07:27:17Z,145,93,completed,tablet,4K,KR,1,continue_watching
VEW003724,USR0060,MOV0062,2026-07-13T15:43:13Z,2026-07-13T17:54:13Z,131,88,completed,mobile,4K,KR,1,continue_watching
VEW003725,USR0076,MOV0005,2026-04-29T14:09:20Z,2026-04-29T15:41:20Z,89,89,completed,smart_tv,FHD,KR,1,continue_watching
VEW003726,USR0084,MOV0198,2026-02-10T14:56:10Z,2026-02-10T16:45:10Z,103,90,completed,smart_tv,FHD,KR,1,continue_watching
VEW003727,USR0206,MOV0057,2024-08-24T16:31:29Z,2024-08-24T18:03:29Z,87,88,completed,game_console,4K,KR,1,continue_watching
VEW003728,USR0151,MOV0016,2025-05-04T15:19:41Z,2025-05-04T17:31:41Z,129,90,completed,tablet,4K,KR,1,continue_watching
VEW003729,USR0053,MOV0083,2026-05-20T22:55:08Z,2026-05-21T01:10:08Z,127,87,completed,web,HD,KR,1,continue_watching
VEW003730,USR0106,MOV0055,2026-07-05T10:31:58Z,2026-07-05T12:50:58Z,134,99,completed,smart_tv,FHD,KR,1,continue_watching
VEW003731,USR0291,MOV0091,2026-05-26T15:29:05Z,2026-05-26T17:25:05Z,109,95,completed,mobile,4K,KR,1,continue_watching
VEW003732,USR0107,MOV0083,2026-05-07T11:27:07Z,2026-05-07T13:48:07Z,137,94,completed,mobile,FHD,KR,1,continue_watching
VEW003733,USR0175,MOV0194,2026-07-29T21:55:25Z,2026-07-29T23:42:25Z,99,98,completed,mobile,4K,KR,1,continue_watching
VEW003734,USR0257,MOV0103,2026-07-07T01:02:12Z,2026-07-07T02:38:12Z,90,89,completed,mobile,FHD,KR,1,continue_watching
VEW003735,USR0245,MOV0067,2026-01-06T08:51:54Z,2026-01-06T10:43:54Z,105,96,completed,game_console,FHD,KR,1,continue_watching
VEW003736,USR0088,MOV0196,2026-06-28T11:05:35Z,2026-06-28T12:58:35Z,111,92,completed,game_console,FHD,KR,1,continue_watching
VEW003737,USR0271,MOV0147,2025-06-12T11:05:50Z,2025-06-12T12:28:50Z,72,87,completed,tablet,HD,KR,1,continue_watching
VEW003738,USR0191,MOV0125,2026-03-28T14:39:59Z,2026-03-28T16:06:59Z,86,95,completed,tablet,FHD,KR,1,continue_watching
VEW003739,USR0082,MOV0152,2026-04-01T01:29:40Z,2026-04-01T03:36:40Z,120,96,completed,game_console,4K,KR,1,continue_watching
VEW003740,USR0055,MOV0184,2025-08-25T09:10:06Z,2025-08-25T10:57:06Z,101,99,completed,smart_tv,FHD,KR,1,continue_watching
VEW003741,USR0239,MOV0008,2026-07-23T01:31:26Z,2026-07-23T02:59:26Z,77,90,completed,tablet,HD,KR,1,continue_watching
VEW003742,USR0086,MOV0036,2026-07-23T14:55:19Z,2026-07-23T16:31:19Z,93,88,completed,web,4K,KR,1,continue_watching
VEW003743,USR0177,MOV0044,2026-04-07T08:10:43Z,2026-04-07T10:59:43Z,159,99,completed,mobile,4K,KR,1,continue_watching
VEW003744,USR0062,MOV0023,2025-05-20T14:05:16Z,2025-05-20T16:18:16Z,129,86,completed,web,FHD,KR,1,continue_watching
VEW003745,USR0261,MOV0070,2026-02-01T21:24:27Z,2026-02-01T23:23:27Z,108,100,completed,tablet,HD,KR,1,continue_watching
VEW003746,USR0286,MOV0130,2026-04-06T20:33:21Z,2026-04-06T22:33:21Z,108,86,completed,web,HD,KR,1,continue_watching
VEW003747,USR0243,MOV0179,2025-12-25T00:10:53Z,2025-12-25T02:21:53Z,121,93,completed,game_console,HD,KR,1,continue_watching
VEW003748,USR0300,MOV0047,2026-01-15T05:44:32Z,2026-01-15T06:57:32Z,68,96,completed,game_console,4K,KR,1,continue_watching
VEW003749,USR0009,MOV0165,2026-02-08T20:55:13Z,2026-02-08T22:54:13Z,113,93,completed,smart_tv,FHD,KR,1,continue_watching
VEW003750,USR0051,MOV0177,2025-02-26T12:20:13Z,2025-02-26T13:36:13Z,65,91,completed,mobile,4K,KR,1,continue_watching
VEW003751,USR0052,MOV0108,2026-06-29T13:02:37Z,2026-06-29T14:54:37Z,109,93,completed,tablet,HD,KR,1,continue_watching
VEW003752,USR0149,MOV0142,2025-11-25T19:35:05Z,2025-11-25T21:50:05Z,123,87,completed,mobile,HD,KR,1,continue_watching
VEW003753,USR0119,MOV0060,2026-06-03T10:35:42Z,2026-06-03T13:11:42Z,144,96,completed,web,4K,KR,1,continue_watching
VEW003754,USR0256,MOV0131,2025-05-04T21:38:12Z,2025-05-04T23:30:12Z,105,96,completed,smart_tv,FHD,KR,1,continue_watching
VEW003755,USR0102,MOV0190,2025-12-05T05:07:26Z,2025-12-05T07:30:26Z,139,87,completed,mobile,HD,KR,1,continue_watching
VEW003756,USR0165,MOV0198,2025-06-29T10:56:12Z,2025-06-29T12:56:12Z,108,95,completed,mobile,4K,KR,1,continue_watching
VEW003757,USR0296,MOV0149,2026-06-06T20:12:28Z,2026-06-06T22:28:28Z,126,89,completed,tablet,4K,KR,1,continue_watching
VEW003758,USR0037,MOV0070,2026-06-23T14:18:25Z,2026-06-23T16:09:25Z,106,98,completed,tablet,4K,KR,1,continue_watching
VEW003759,USR0031,MOV0154,2026-07-26T04:30:11Z,2026-07-26T06:25:11Z,111,90,completed,smart_tv,HD,KR,1,continue_watching
VEW003760,USR0257,MOV0033,2025-11-03T13:02:42Z,2025-11-03T14:33:42Z,87,99,completed,mobile,4K,KR,1,continue_watching
VEW003761,USR0023,MOV0164,2026-06-22T18:51:04Z,2026-06-22T21:02:04Z,121,93,completed,smart_tv,FHD,KR,1,continue_watching
VEW003762,USR0293,MOV0160,2026-04-07T23:54:43Z,2026-04-08T01:40:43Z,105,99,completed,mobile,FHD,KR,1,continue_watching
VEW003763,USR0226,MOV0143,2026-06-18T02:15:27Z,2026-06-18T04:00:27Z,98,93,completed,web,FHD,KR,1,continue_watching
VEW003764,USR0278,MOV0126,2026-06-26T20:49:15Z,2026-06-26T23:03:15Z,133,88,completed,smart_tv,4K,KR,1,continue_watching
VEW003765,USR0007,MOV0095,2026-07-22T14:41:47Z,2026-07-22T16:11:47Z,84,91,completed,mobile,HD,KR,1,continue_watching
VEW003766,USR0279,MOV0151,2025-06-01T02:42:23Z,2025-06-01T04:09:23Z,85,91,completed,web,FHD,KR,1,continue_watching
VEW003767,USR0079,MOV0034,2026-04-09T20:42:19Z,2026-04-09T22:24:19Z,94,93,completed,mobile,4K,KR,1,continue_watching
VEW003768,USR0297,MOV0137,2026-05-03T05:19:19Z,2026-05-03T06:53:19Z,90,98,completed,tablet,HD,KR,1,continue_watching
VEW003769,USR0174,MOV0031,2026-07-04T01:27:58Z,2026-07-04T03:09:58Z,92,96,completed,smart_tv,HD,KR,1,continue_watching
VEW003770,USR0181,MOV0109,2026-05-23T10:30:29Z,2026-05-23T12:29:29Z,115,90,completed,game_console,FHD,KR,1,continue_watching
VEW003771,USR0034,MOV0145,2024-12-08T10:35:41Z,2024-12-08T13:01:41Z,136,100,completed,smart_tv,4K,KR,1,continue_watching
VEW003772,USR0078,MOV0037,2026-03-22T23:42:58Z,2026-03-23T01:23:58Z,93,98,completed,game_console,4K,KR,1,continue_watching
VEW003773,USR0190,MOV0105,2026-05-30T01:10:49Z,2026-05-30T03:01:49Z,104,93,completed,smart_tv,4K,KR,1,continue_watching
VEW003774,USR0041,MOV0049,2026-02-26T21:30:43Z,2026-02-26T23:51:43Z,134,93,completed,tablet,4K,KR,1,continue_watching
VEW003775,USR0244,MOV0195,2026-07-23T06:56:57Z,2026-07-23T09:22:57Z,142,93,completed,smart_tv,FHD,KR,1,continue_watching
VEW003776,USR0116,MOV0041,2026-06-03T12:47:48Z,2026-06-03T15:19:48Z,142,93,completed,smart_tv,4K,KR,1,continue_watching
VEW003777,USR0281,MOV0117,2026-07-23T04:19:31Z,2026-07-23T05:42:31Z,72,89,completed,game_console,FHD,KR,1,continue_watching
VEW003778,USR0209,MOV0004,2026-07-16T01:58:28Z,2026-07-16T03:56:28Z,115,89,completed,game_console,FHD,KR,1,continue_watching
VEW003779,USR0104,MOV0014,2026-03-04T16:22:35Z,2026-03-04T18:43:35Z,135,99,completed,web,4K,KR,1,continue_watching
VEW003780,USR0288,MOV0189,2026-07-13T14:53:18Z,2026-07-13T17:19:18Z,139,90,completed,web,FHD,KR,1,continue_watching
VEW003781,USR0208,MOV0002,2026-04-21T05:15:18Z,2026-04-21T06:51:18Z,95,92,completed,web,4K,KR,1,continue_watching
VEW003782,USR0114,MOV0055,2026-07-11T14:36:14Z,2026-07-11T16:55:14Z,135,100,completed,web,4K,KR,1,continue_watching
VEW003783,USR0040,MOV0155,2025-02-28T15:49:44Z,2025-02-28T17:45:44Z,113,93,completed,smart_tv,4K,KR,1,continue_watching
VEW003784,USR0049,MOV0126,2026-07-20T19:16:01Z,2026-07-20T21:57:01Z,149,99,completed,web,FHD,KR,1,continue_watching
VEW003785,USR0193,MOV0094,2026-05-02T16:47:24Z,2026-05-02T18:51:24Z,118,92,completed,smart_tv,HD,KR,1,continue_watching
VEW003786,USR0210,MOV0062,2026-07-26T07:52:26Z,2026-07-26T10:05:26Z,131,88,completed,game_console,4K,KR,1,continue_watching
VEW003787,USR0141,MOV0108,2026-07-03T12:13:29Z,2026-07-03T14:15:29Z,116,99,completed,smart_tv,HD,KR,1,continue_watching
VEW003788,USR0045,MOV0031,2026-04-06T00:39:37Z,2026-04-06T02:16:37Z,94,98,completed,smart_tv,HD,KR,1,continue_watching
VEW003789,USR0187,MOV0115,2026-02-08T09:28:11Z,2026-02-08T11:59:11Z,145,99,completed,game_console,4K,KR,1,continue_watching
VEW003790,USR0123,MOV0019,2026-03-25T17:11:04Z,2026-03-25T18:49:04Z,94,97,completed,tablet,4K,KR,1,continue_watching
VEW003791,USR0021,MOV0121,2026-03-31T01:07:13Z,2026-03-31T03:02:13Z,111,93,completed,mobile,HD,KR,1,continue_watching
VEW003792,USR0094,MOV0079,2026-01-23T10:48:20Z,2026-01-23T13:28:20Z,151,99,completed,game_console,FHD,KR,1,continue_watching
VEW003793,USR0045,MOV0192,2026-04-05T20:32:47Z,2026-04-05T22:03:47Z,90,96,completed,web,FHD,KR,1,continue_watching
VEW003794,USR0060,MOV0112,2024-08-07T23:48:45Z,2024-08-08T01:38:45Z,105,97,completed,smart_tv,HD,KR,1,continue_watching
VEW003795,USR0189,MOV0020,2026-03-11T17:22:57Z,2026-03-11T19:10:57Z,106,99,completed,game_console,FHD,KR,1,continue_watching
VEW003796,USR0069,MOV0048,2024-07-03T16:17:52Z,2024-07-03T17:36:52Z,69,89,completed,game_console,HD,KR,1,continue_watching
VEW003797,USR0237,MOV0111,2026-07-07T13:35:40Z,2026-07-07T15:12:40Z,95,94,completed,mobile,FHD,KR,1,continue_watching
VEW003798,USR0084,MOV0014,2026-05-21T15:24:26Z,2026-05-21T17:41:26Z,128,94,completed,web,4K,KR,1,continue_watching
VEW003799,USR0254,MOV0157,2026-07-18T12:01:33Z,2026-07-18T13:13:33Z,68,91,completed,smart_tv,HD,KR,1,continue_watching
VEW003800,USR0019,MOV0097,2026-07-25T14:54:21Z,2026-07-25T16:13:21Z,72,96,completed,game_console,HD,KR,1,continue_watching
VEW003801,USR0051,MOV0109,2026-05-05T07:29:43Z,2026-05-05T09:26:43Z,110,86,completed,game_console,FHD,KR,1,continue_watching
VEW003802,USR0158,MOV0094,2026-07-25T11:50:17Z,2026-07-25T13:56:17Z,123,96,completed,tablet,4K,KR,1,continue_watching
VEW003803,USR0288,MOV0052,2026-07-04T23:33:09Z,2026-07-05T02:03:09Z,140,87,completed,tablet,HD,KR,1,continue_watching
VEW003804,USR0011,MOV0056,2025-02-08T11:05:38Z,2025-02-08T13:05:38Z,108,96,completed,mobile,4K,KR,1,continue_watching
VEW003805,USR0018,MOV0172,2026-07-26T15:50:50Z,2026-07-26T18:07:50Z,135,100,completed,smart_tv,HD,KR,1,continue_watching
VEW003806,USR0063,MOV0114,2025-09-28T18:45:58Z,2025-09-28T20:24:58Z,97,88,completed,smart_tv,HD,KR,1,continue_watching
VEW003807,USR0093,MOV0019,2026-03-06T01:06:36Z,2026-03-06T02:44:36Z,94,97,completed,tablet,4K,KR,1,continue_watching
VEW003808,USR0284,MOV0042,2026-06-16T10:30:29Z,2026-06-16T12:23:29Z,109,86,completed,mobile,4K,KR,1,continue_watching
VEW003809,USR0288,MOV0039,2026-05-18T04:45:08Z,2026-05-18T07:09:08Z,142,89,completed,smart_tv,HD,KR,1,continue_watching
VEW003810,USR0025,MOV0023,2026-07-14T18:02:58Z,2026-07-14T20:37:58Z,143,95,completed,tablet,4K,KR,1,continue_watching
VEW003811,USR0145,MOV0133,2025-02-04T11:35:00Z,2025-02-04T13:54:00Z,134,93,completed,game_console,FHD,KR,1,continue_watching
VEW003812,USR0149,MOV0117,2026-06-15T19:57:05Z,2026-06-15T21:21:05Z,78,96,completed,smart_tv,HD,KR,1,continue_watching
VEW003813,USR0063,MOV0127,2025-01-22T03:39:42Z,2025-01-22T05:21:42Z,90,87,completed,mobile,4K,KR,1,continue_watching
VEW003814,USR0183,MOV0067,2026-06-04T18:31:10Z,2026-06-04T20:19:10Z,108,99,completed,tablet,FHD,KR,1,continue_watching
VEW003815,USR0157,MOV0037,2026-05-15T13:17:17Z,2026-05-15T14:45:17Z,83,87,completed,mobile,4K,KR,1,continue_watching
VEW003816,USR0145,MOV0174,2026-06-14T10:09:11Z,2026-06-14T12:04:11Z,114,88,completed,smart_tv,4K,KR,1,continue_watching
VEW003817,USR0239,MOV0192,2026-06-11T20:50:08Z,2026-06-11T22:22:08Z,85,90,completed,tablet,4K,KR,1,continue_watching
VEW003818,USR0271,MOV0100,2025-12-12T22:00:37Z,2025-12-12T23:52:37Z,111,97,completed,web,HD,KR,1,continue_watching
VEW003819,USR0260,MOV0124,2024-12-28T20:58:06Z,2024-12-28T22:24:06Z,86,90,completed,tablet,4K,KR,1,continue_watching
VEW003820,USR0110,MOV0059,2025-04-27T01:09:00Z,2025-04-27T03:30:00Z,131,95,completed,mobile,4K,KR,1,continue_watching
VEW003821,USR0206,MOV0156,2026-02-21T13:53:37Z,2026-02-21T15:32:37Z,96,99,completed,web,HD,KR,1,continue_watching
VEW003822,USR0099,MOV0012,2026-02-24T12:30:15Z,2026-02-24T14:38:15Z,127,94,completed,smart_tv,4K,KR,1,continue_watching
VEW003823,USR0243,MOV0185,2025-01-18T08:21:22Z,2025-01-18T10:59:22Z,147,95,completed,web,FHD,KR,1,continue_watching
VEW003824,USR0043,MOV0188,2026-03-01T14:46:18Z,2026-03-01T16:06:18Z,80,92,completed,web,HD,KR,1,continue_watching
VEW003825,USR0196,MOV0146,2026-06-24T01:11:59Z,2026-06-24T03:31:59Z,138,95,completed,mobile,HD,KR,1,continue_watching
VEW003826,USR0209,MOV0077,2026-06-05T08:22:35Z,2026-06-05T10:00:35Z,95,100,completed,game_console,FHD,KR,1,continue_watching
VEW003827,USR0027,MOV0066,2025-09-12T02:43:26Z,2025-09-12T05:09:26Z,141,89,completed,smart_tv,HD,KR,1,continue_watching
VEW003828,USR0059,MOV0057,2026-07-14T03:25:09Z,2026-07-14T05:12:09Z,96,97,completed,game_console,4K,KR,1,continue_watching
VEW003829,USR0017,MOV0165,2026-07-01T17:40:30Z,2026-07-01T19:43:30Z,121,99,completed,game_console,4K,KR,1,continue_watching
VEW003830,USR0035,MOV0097,2026-07-21T08:21:34Z,2026-07-21T09:35:34Z,65,86,completed,web,FHD,KR,1,continue_watching
VEW003831,USR0155,MOV0007,2025-10-09T23:57:56Z,2025-10-10T01:39:56Z,90,96,completed,game_console,FHD,KR,1,continue_watching
VEW003832,USR0024,MOV0035,2026-07-25T21:40:54Z,2026-07-25T23:32:54Z,110,97,completed,tablet,HD,KR,1,continue_watching
VEW003833,USR0161,MOV0006,2023-08-22T05:21:05Z,2023-08-22T07:56:05Z,144,99,completed,web,HD,KR,1,continue_watching
VEW003834,USR0013,MOV0142,2026-04-08T11:39:02Z,2026-04-08T13:59:02Z,137,97,completed,game_console,4K,KR,1,continue_watching
VEW003835,USR0059,MOV0054,2025-11-20T14:50:33Z,2025-11-20T16:35:33Z,101,94,completed,web,FHD,KR,1,continue_watching
VEW003836,USR0006,MOV0109,2026-03-20T02:11:11Z,2026-03-20T04:28:11Z,128,100,completed,game_console,4K,KR,1,continue_watching
VEW003837,USR0178,MOV0197,2025-12-02T11:23:14Z,2025-12-02T13:03:14Z,98,92,completed,tablet,4K,KR,1,continue_watching
VEW003838,USR0078,MOV0094,2024-04-23T03:43:55Z,2024-04-23T05:51:55Z,116,91,completed,game_console,4K,KR,1,continue_watching
VEW003839,USR0064,MOV0185,2026-07-13T11:15:49Z,2026-07-13T13:45:49Z,147,95,completed,game_console,FHD,KR,1,continue_watching
VEW003840,USR0057,MOV0102,2026-07-18T11:53:44Z,2026-07-18T13:18:44Z,81,88,completed,mobile,4K,KR,1,continue_watching
VEW003841,USR0258,MOV0047,2026-02-03T07:29:43Z,2026-02-03T08:31:43Z,61,86,completed,web,FHD,KR,1,continue_watching
VEW003842,USR0254,MOV0114,2026-06-28T19:06:20Z,2026-06-28T20:46:20Z,96,87,completed,mobile,FHD,KR,1,continue_watching
VEW003843,USR0254,MOV0093,2026-04-28T01:02:40Z,2026-04-28T02:50:40Z,108,95,completed,web,4K,KR,1,continue_watching
VEW003844,USR0219,MOV0162,2026-05-29T09:01:16Z,2026-05-29T11:27:16Z,140,98,completed,mobile,HD,KR,1,continue_watching
VEW003845,USR0051,MOV0197,2025-10-23T19:54:48Z,2025-10-23T21:43:48Z,99,93,completed,tablet,FHD,KR,1,continue_watching
VEW003846,USR0280,MOV0171,2026-01-19T06:16:26Z,2026-01-19T08:11:26Z,115,90,completed,game_console,4K,KR,1,continue_watching
VEW003847,USR0006,MOV0018,2025-08-15T11:31:07Z,2025-08-15T13:20:07Z,105,91,completed,web,HD,KR,1,continue_watching
VEW003848,USR0053,MOV0192,2025-06-22T11:59:48Z,2025-06-22T13:25:48Z,86,91,completed,tablet,HD,KR,1,continue_watching
VEW003849,USR0072,MOV0113,2026-05-10T02:48:35Z,2026-05-10T05:07:35Z,136,93,completed,game_console,HD,KR,1,continue_watching
VEW003850,USR0283,MOV0031,2026-03-11T05:47:36Z,2026-03-11T07:29:36Z,91,95,completed,game_console,HD,KR,1,continue_watching
VEW003851,USR0150,MOV0154,2026-05-17T10:11:50Z,2026-05-17T12:13:50Z,112,91,completed,tablet,4K,KR,1,continue_watching
VEW003852,USR0272,MOV0162,2026-01-19T19:05:09Z,2026-01-19T21:30:09Z,133,93,completed,game_console,FHD,KR,1,continue_watching
VEW003853,USR0023,MOV0087,2026-06-25T22:32:23Z,2026-06-26T00:16:23Z,93,95,completed,tablet,4K,KR,1,continue_watching
VEW003854,USR0271,MOV0091,2026-07-20T12:35:00Z,2026-07-20T14:37:00Z,115,100,completed,game_console,4K,KR,1,continue_watching
VEW003855,USR0228,MOV0094,2025-12-21T20:07:26Z,2025-12-21T22:14:26Z,116,91,completed,web,FHD,KR,1,continue_watching
VEW003856,USR0040,MOV0152,2026-05-23T23:29:31Z,2026-05-24T01:41:31Z,123,98,completed,smart_tv,HD,KR,1,continue_watching
VEW003857,USR0056,MOV0075,2026-07-22T00:20:58Z,2026-07-22T02:22:58Z,114,98,completed,game_console,HD,KR,1,continue_watching
VEW003858,USR0158,MOV0057,2026-06-14T07:43:48Z,2026-06-14T09:21:48Z,92,93,completed,game_console,4K,KR,1,continue_watching
VEW003859,USR0023,MOV0175,2026-07-11T09:44:39Z,2026-07-11T11:34:39Z,109,96,completed,smart_tv,4K,KR,1,continue_watching
VEW003860,USR0121,MOV0146,2026-05-27T09:44:40Z,2026-05-27T12:07:40Z,133,92,completed,mobile,FHD,KR,1,continue_watching
VEW003861,USR0075,MOV0008,2026-05-02T19:52:23Z,2026-05-02T21:25:23Z,86,100,completed,tablet,FHD,KR,1,continue_watching
VEW003862,USR0084,MOV0059,2026-05-17T23:07:44Z,2026-05-18T01:15:44Z,126,91,completed,smart_tv,FHD,KR,1,continue_watching
VEW003863,USR0002,MOV0035,2026-06-10T19:42:44Z,2026-06-10T21:30:44Z,107,95,completed,mobile,4K,KR,1,continue_watching
VEW003864,USR0297,MOV0050,2026-02-24T19:02:49Z,2026-02-24T21:27:49Z,135,95,completed,tablet,FHD,KR,1,continue_watching
VEW003865,USR0180,MOV0074,2025-08-11T13:10:14Z,2025-08-11T15:19:14Z,122,87,completed,mobile,FHD,KR,1,continue_watching
VEW003866,USR0130,MOV0056,2026-07-11T15:10:27Z,2026-07-11T17:08:27Z,108,96,completed,smart_tv,FHD,KR,1,continue_watching
VEW003867,USR0021,MOV0048,2026-07-23T00:28:48Z,2026-07-23T01:46:48Z,75,97,completed,smart_tv,FHD,KR,1,continue_watching
VEW003868,USR0014,MOV0106,2026-02-14T00:42:46Z,2026-02-14T02:38:46Z,104,89,completed,smart_tv,4K,KR,1,continue_watching
VEW003869,USR0141,MOV0151,2026-01-04T10:39:20Z,2026-01-04T12:16:20Z,86,92,completed,web,FHD,KR,1,continue_watching
VEW003870,USR0293,MOV0119,2026-01-16T02:56:01Z,2026-01-16T05:00:01Z,117,86,completed,mobile,HD,KR,1,continue_watching
VEW003871,USR0061,MOV0189,2026-07-11T18:49:46Z,2026-07-11T21:01:46Z,132,86,completed,game_console,FHD,KR,1,continue_watching
VEW003872,USR0087,MOV0112,2025-07-08T11:04:32Z,2025-07-08T12:46:32Z,100,93,completed,smart_tv,4K,KR,1,continue_watching
VEW003873,USR0190,MOV0199,2026-07-13T21:27:42Z,2026-07-13T23:12:42Z,97,88,completed,game_console,HD,KR,1,continue_watching
VEW003874,USR0050,MOV0175,2026-03-08T23:41:54Z,2026-03-09T01:36:54Z,106,93,completed,mobile,HD,KR,1,continue_watching
VEW003875,USR0128,MOV0038,2026-06-27T02:34:46Z,2026-06-27T04:30:46Z,109,97,completed,game_console,HD,KR,1,continue_watching
VEW003876,USR0052,MOV0179,2026-04-30T23:29:10Z,2026-05-01T01:30:10Z,118,91,completed,tablet,HD,KR,1,continue_watching
VEW003877,USR0045,MOV0019,2026-05-03T06:06:57Z,2026-05-03T07:36:57Z,83,86,completed,mobile,FHD,KR,1,continue_watching
VEW003878,USR0044,MOV0125,2026-01-24T09:55:35Z,2026-01-24T11:18:35Z,81,89,completed,game_console,HD,KR,1,continue_watching
VEW003879,USR0252,MOV0184,2026-04-03T08:09:46Z,2026-04-03T09:50:46Z,100,98,completed,tablet,4K,KR,1,continue_watching
VEW003880,USR0007,MOV0174,2026-06-21T14:01:27Z,2026-06-21T16:10:27Z,124,96,completed,tablet,4K,KR,1,continue_watching
VEW003881,USR0092,MOV0093,2026-07-03T03:26:22Z,2026-07-03T05:22:22Z,113,99,completed,web,FHD,KR,1,continue_watching
VEW003882,USR0242,MOV0036,2026-03-27T02:25:19Z,2026-03-27T04:15:19Z,99,93,completed,tablet,4K,KR,1,continue_watching
VEW003883,USR0218,MOV0003,2026-02-01T11:20:46Z,2026-02-01T13:17:46Z,112,99,completed,web,FHD,KR,1,continue_watching
VEW003884,USR0124,MOV0031,2025-04-12T10:51:44Z,2025-04-12T12:31:44Z,93,97,completed,smart_tv,HD,KR,1,continue_watching
VEW003885,USR0162,MOV0101,2026-06-30T10:54:58Z,2026-06-30T13:23:58Z,145,97,completed,mobile,FHD,KR,1,continue_watching
VEW003886,USR0091,MOV0005,2025-07-23T11:48:11Z,2025-07-23T13:19:11Z,86,86,completed,game_console,HD,KR,1,continue_watching
VEW003887,USR0139,MOV0043,2026-07-09T17:52:25Z,2026-07-09T19:30:25Z,97,97,completed,game_console,HD,KR,1,continue_watching
VEW003888,USR0137,MOV0147,2026-03-16T20:08:43Z,2026-03-16T21:30:43Z,73,88,completed,game_console,HD,KR,1,continue_watching
VEW003889,USR0095,MOV0127,2026-02-05T21:31:17Z,2026-02-05T23:15:17Z,98,95,completed,web,HD,KR,1,continue_watching
VEW003890,USR0098,MOV0030,2026-05-31T19:09:07Z,2026-05-31T20:56:07Z,106,93,completed,tablet,4K,KR,1,continue_watching
VEW003891,USR0185,MOV0065,2025-10-25T00:36:21Z,2025-10-25T02:31:21Z,115,89,completed,smart_tv,HD,KR,1,continue_watching
VEW003892,USR0291,MOV0098,2026-06-23T01:44:35Z,2026-06-23T03:25:35Z,91,86,completed,tablet,HD,KR,1,continue_watching
VEW003893,USR0121,MOV0036,2025-11-12T11:09:35Z,2025-11-12T12:50:35Z,95,90,completed,web,HD,KR,1,continue_watching
VEW003894,USR0284,MOV0101,2026-02-16T05:17:34Z,2026-02-16T07:38:34Z,137,92,completed,smart_tv,4K,KR,1,continue_watching
VEW003895,USR0107,MOV0026,2026-06-01T06:53:04Z,2026-06-01T08:32:04Z,88,95,completed,game_console,FHD,KR,1,continue_watching
VEW003896,USR0079,MOV0041,2026-06-29T01:53:40Z,2026-06-29T04:33:40Z,153,100,completed,tablet,FHD,KR,1,continue_watching
VEW003897,USR0192,MOV0065,2026-04-19T09:23:39Z,2026-04-19T11:25:39Z,114,88,completed,smart_tv,FHD,KR,1,continue_watching
VEW003898,USR0172,MOV0076,2025-02-19T06:47:40Z,2025-02-19T09:22:40Z,149,99,completed,game_console,FHD,KR,1,continue_watching
VEW003899,USR0247,MOV0110,2026-07-12T11:49:08Z,2026-07-12T14:12:08Z,140,90,completed,game_console,HD,KR,1,continue_watching
VEW003900,USR0287,MOV0118,2026-07-14T06:43:57Z,2026-07-14T08:38:57Z,103,100,completed,smart_tv,FHD,KR,1,continue_watching
VEW003901,USR0096,MOV0055,2026-04-03T12:05:23Z,2026-04-03T14:12:23Z,117,87,completed,game_console,4K,KR,1,continue_watching
VEW003902,USR0154,MOV0174,2026-05-03T19:46:33Z,2026-05-03T21:55:33Z,121,94,completed,web,FHD,KR,1,continue_watching
VEW003903,USR0093,MOV0061,2025-05-20T23:56:18Z,2025-05-21T01:57:18Z,114,99,completed,game_console,4K,KR,1,continue_watching
VEW003904,USR0137,MOV0143,2026-07-22T04:23:36Z,2026-07-22T05:59:36Z,92,88,completed,web,4K,KR,1,continue_watching
VEW003905,USR0145,MOV0100,2026-05-11T07:39:50Z,2026-05-11T09:22:50Z,98,86,completed,mobile,FHD,KR,1,continue_watching
VEW003906,USR0137,MOV0161,2026-04-25T18:20:14Z,2026-04-25T20:39:14Z,136,90,completed,mobile,HD,KR,1,continue_watching
VEW003907,USR0222,MOV0085,2026-06-21T06:06:42Z,2026-06-21T08:11:42Z,125,99,completed,tablet,HD,KR,1,continue_watching
VEW003908,USR0295,MOV0116,2026-02-06T05:37:16Z,2026-02-06T07:38:16Z,114,100,completed,game_console,FHD,KR,1,continue_watching
VEW003909,USR0185,MOV0024,2026-06-18T01:09:14Z,2026-06-18T03:23:14Z,122,99,completed,smart_tv,4K,KR,1,continue_watching
VEW003910,USR0128,MOV0123,2026-02-01T21:45:37Z,2026-02-01T23:26:37Z,94,91,completed,web,FHD,KR,1,continue_watching
VEW003911,USR0041,MOV0138,2025-02-26T19:58:33Z,2025-02-26T21:29:33Z,88,99,completed,smart_tv,4K,KR,1,continue_watching
VEW003912,USR0017,MOV0115,2025-01-17T15:23:15Z,2025-01-17T17:46:15Z,143,98,completed,mobile,4K,KR,1,continue_watching
VEW003913,USR0160,MOV0072,2023-08-08T23:38:05Z,2023-08-09T01:29:05Z,108,94,completed,smart_tv,FHD,KR,1,continue_watching
VEW003914,USR0250,MOV0179,2026-03-13T20:46:38Z,2026-03-13T22:58:38Z,122,94,completed,web,FHD,KR,1,continue_watching
VEW003915,USR0133,MOV0056,2026-06-21T11:34:10Z,2026-06-21T13:32:10Z,112,100,completed,tablet,HD,KR,1,continue_watching
VEW003916,USR0126,MOV0097,2026-01-17T04:10:29Z,2026-01-17T05:32:29Z,75,100,completed,mobile,4K,KR,1,continue_watching
VEW003917,USR0051,MOV0131,2026-03-11T00:44:02Z,2026-03-11T02:22:02Z,97,89,completed,tablet,4K,KR,1,continue_watching
VEW003918,USR0080,MOV0157,2024-08-27T03:56:41Z,2024-08-27T05:18:41Z,75,100,completed,mobile,FHD,KR,1,continue_watching
VEW003919,USR0044,MOV0006,2024-02-26T04:21:41Z,2024-02-26T06:40:41Z,129,89,completed,web,4K,KR,1,continue_watching
VEW003920,USR0241,MOV0153,2026-06-20T04:40:54Z,2026-06-20T07:04:54Z,138,96,completed,smart_tv,4K,KR,1,continue_watching
VEW003921,USR0281,MOV0161,2025-06-04T00:08:14Z,2025-06-04T02:30:14Z,142,94,completed,smart_tv,FHD,KR,1,continue_watching
VEW003922,USR0086,MOV0034,2025-02-21T18:13:36Z,2025-02-21T19:57:36Z,101,100,completed,web,HD,KR,1,continue_watching
VEW003923,USR0065,MOV0014,2024-12-30T00:02:11Z,2024-12-30T02:22:11Z,131,96,completed,tablet,FHD,KR,1,continue_watching
VEW003924,USR0283,MOV0093,2026-07-08T07:31:10Z,2026-07-08T09:16:10Z,101,89,completed,tablet,HD,KR,1,continue_watching
VEW003925,USR0125,MOV0098,2026-05-07T22:17:31Z,2026-05-08T00:01:31Z,92,87,completed,web,HD,KR,1,continue_watching
VEW003926,USR0132,MOV0176,2026-07-23T10:55:29Z,2026-07-23T13:07:29Z,131,90,completed,web,HD,KR,1,continue_watching
VEW003927,USR0273,MOV0187,2025-10-23T14:25:42Z,2025-10-23T15:47:42Z,75,86,completed,game_console,HD,KR,1,continue_watching
VEW003928,USR0014,MOV0177,2025-05-26T04:16:00Z,2025-05-26T05:29:00Z,70,99,completed,mobile,4K,KR,1,continue_watching
VEW003929,USR0260,MOV0075,2025-08-15T00:43:41Z,2025-08-15T02:39:41Z,114,98,completed,smart_tv,FHD,KR,1,continue_watching
VEW003930,USR0026,MOV0149,2023-05-17T12:38:17Z,2023-05-17T15:06:17Z,138,97,completed,tablet,HD,KR,1,continue_watching
VEW003931,USR0191,MOV0138,2026-03-19T01:55:12Z,2026-03-19T03:18:12Z,81,91,completed,tablet,HD,KR,1,continue_watching
VEW003932,USR0234,MOV0140,2026-07-08T01:59:00Z,2026-07-08T03:57:00Z,115,92,completed,smart_tv,HD,KR,1,continue_watching
VEW003933,USR0049,MOV0173,2025-06-05T14:36:33Z,2025-06-05T16:53:33Z,126,93,completed,smart_tv,HD,KR,1,continue_watching
VEW003934,USR0213,MOV0167,2025-08-26T03:35:16Z,2025-08-26T04:55:16Z,69,89,completed,game_console,4K,KR,1,continue_watching
VEW003935,USR0009,MOV0064,2026-07-23T10:37:27Z,2026-07-23T12:47:27Z,119,90,completed,web,HD,KR,1,continue_watching
VEW003936,USR0133,MOV0001,2025-01-24T10:10:01Z,2025-01-24T12:21:01Z,124,87,completed,web,FHD,KR,1,continue_watching
VEW003937,USR0198,MOV0106,2026-06-24T09:12:48Z,2026-06-24T11:00:48Z,106,91,completed,smart_tv,FHD,KR,1,continue_watching
VEW003938,USR0003,MOV0137,2026-07-25T06:20:37Z,2026-07-25T07:50:37Z,79,86,completed,web,HD,KR,1,continue_watching
VEW003939,USR0074,MOV0004,2026-07-18T15:35:15Z,2026-07-18T17:43:15Z,123,95,completed,mobile,FHD,KR,1,continue_watching
VEW003940,USR0042,MOV0141,2026-06-08T22:00:23Z,2026-06-08T23:32:23Z,87,88,completed,smart_tv,HD,KR,1,continue_watching
VEW003941,USR0265,MOV0040,2026-03-11T15:51:10Z,2026-03-11T17:32:10Z,95,86,completed,game_console,HD,KR,1,continue_watching
VEW003942,USR0157,MOV0027,2026-05-23T04:08:44Z,2026-05-23T05:53:44Z,93,90,completed,game_console,HD,KR,1,continue_watching
VEW003943,USR0073,MOV0125,2025-11-27T20:05:21Z,2025-11-27T21:43:21Z,88,97,completed,web,HD,KR,1,continue_watching
VEW003944,USR0037,MOV0162,2025-06-24T10:23:05Z,2025-06-24T12:46:05Z,133,93,completed,web,FHD,KR,1,continue_watching
VEW003945,USR0013,MOV0143,2026-05-27T11:08:30Z,2026-05-27T12:53:30Z,95,90,completed,web,FHD,KR,1,continue_watching
VEW003946,USR0085,MOV0052,2026-07-20T20:34:41Z,2026-07-20T23:12:41Z,155,96,completed,tablet,HD,KR,1,continue_watching
VEW003947,USR0003,MOV0094,2025-07-09T13:12:52Z,2025-07-09T15:25:52Z,122,95,completed,smart_tv,4K,KR,1,continue_watching
VEW003948,USR0041,MOV0046,2026-03-15T15:53:24Z,2026-03-15T17:48:24Z,113,92,completed,mobile,4K,KR,1,continue_watching
VEW003949,USR0265,MOV0100,2026-02-24T21:47:56Z,2026-02-24T23:44:56Z,114,100,completed,tablet,FHD,KR,1,continue_watching
VEW003950,USR0092,MOV0118,2026-07-18T06:23:33Z,2026-07-18T08:05:33Z,100,97,completed,mobile,4K,KR,1,continue_watching
VEW003951,USR0071,MOV0016,2026-05-22T14:05:00Z,2026-05-22T16:23:00Z,129,90,completed,mobile,HD,KR,1,continue_watching
VEW003952,USR0100,MOV0060,2026-05-27T22:23:24Z,2026-05-28T00:45:24Z,134,89,completed,tablet,4K,KR,1,continue_watching
VEW003953,USR0206,MOV0143,2026-02-23T00:09:00Z,2026-02-23T01:57:00Z,100,95,completed,tablet,4K,KR,1,continue_watching
VEW003954,USR0048,MOV0027,2026-06-08T06:06:54Z,2026-06-08T07:40:54Z,94,91,completed,mobile,FHD,KR,1,continue_watching
VEW003955,USR0265,MOV0053,2026-05-14T11:31:03Z,2026-05-14T13:11:03Z,98,100,completed,web,FHD,KR,1,continue_watching
VEW003956,USR0172,MOV0043,2026-04-29T21:04:46Z,2026-04-29T22:39:46Z,92,92,completed,web,HD,KR,1,continue_watching
VEW003957,USR0106,MOV0030,2024-10-23T20:16:56Z,2024-10-23T22:04:56Z,101,89,completed,tablet,4K,KR,1,continue_watching
VEW003958,USR0175,MOV0015,2026-07-24T15:12:46Z,2026-07-24T17:40:46Z,142,91,completed,game_console,FHD,KR,1,continue_watching
VEW003959,USR0155,MOV0094,2026-07-10T09:21:49Z,2026-07-10T11:29:49Z,118,92,completed,game_console,FHD,KR,1,continue_watching
VEW003960,USR0253,MOV0021,2026-06-26T13:38:41Z,2026-06-26T16:17:41Z,153,95,completed,web,4K,KR,1,continue_watching
VEW003961,USR0257,MOV0198,2023-10-04T10:38:43Z,2023-10-04T12:32:43Z,104,91,completed,game_console,FHD,KR,1,continue_watching
VEW003962,USR0034,MOV0191,2025-12-03T06:00:58Z,2025-12-03T08:46:58Z,154,95,completed,game_console,HD,KR,1,continue_watching
VEW003963,USR0242,MOV0014,2025-07-19T11:06:04Z,2025-07-19T13:19:04Z,133,98,completed,smart_tv,FHD,KR,1,continue_watching
VEW003964,USR0129,MOV0105,2025-06-06T22:09:36Z,2025-06-06T23:49:36Z,96,86,completed,tablet,HD,KR,1,continue_watching
VEW003965,USR0015,MOV0090,2025-10-19T13:19:54Z,2025-10-19T15:13:54Z,103,86,completed,web,FHD,KR,1,continue_watching
VEW003966,USR0190,MOV0175,2026-04-28T23:01:54Z,2026-04-29T00:47:54Z,99,87,completed,game_console,4K,KR,1,continue_watching
VEW003967,USR0226,MOV0032,2025-03-22T07:43:49Z,2025-03-22T09:58:49Z,135,89,completed,smart_tv,4K,KR,1,continue_watching
VEW003968,USR0171,MOV0010,2025-08-30T11:28:33Z,2025-08-30T13:41:33Z,123,95,completed,smart_tv,HD,KR,1,continue_watching
VEW003969,USR0263,MOV0159,2025-10-15T05:39:11Z,2025-10-15T07:48:11Z,118,87,completed,game_console,HD,KR,1,continue_watching
VEW003970,USR0052,MOV0102,2026-06-29T04:13:54Z,2026-06-29T05:45:54Z,84,91,completed,game_console,4K,KR,1,continue_watching
VEW003971,USR0181,MOV0015,2026-05-31T00:40:27Z,2026-05-31T03:05:27Z,139,89,completed,tablet,FHD,KR,1,continue_watching
VEW003972,USR0248,MOV0024,2026-07-05T13:29:16Z,2026-07-05T15:16:16Z,107,87,completed,web,HD,KR,1,continue_watching
VEW003973,USR0141,MOV0197,2026-05-17T21:11:22Z,2026-05-17T23:05:22Z,102,96,completed,mobile,4K,KR,1,continue_watching
VEW003974,USR0273,MOV0065,2025-07-16T06:33:27Z,2025-07-16T08:41:27Z,126,98,completed,mobile,HD,KR,1,continue_watching
VEW003975,USR0278,MOV0194,2025-07-01T17:53:42Z,2025-07-01T19:38:42Z,99,98,completed,web,FHD,KR,1,continue_watching
VEW003976,USR0300,MOV0091,2026-01-09T18:38:59Z,2026-01-09T20:41:59Z,115,100,completed,mobile,HD,KR,1,continue_watching
VEW003977,USR0258,MOV0163,2026-06-27T07:12:09Z,2026-06-27T09:15:09Z,115,93,completed,web,HD,KR,1,continue_watching
VEW003978,USR0183,MOV0152,2026-05-06T12:27:40Z,2026-05-06T14:38:40Z,125,100,completed,tablet,FHD,KR,1,continue_watching
VEW003979,USR0186,MOV0019,2026-05-31T17:22:39Z,2026-05-31T18:55:39Z,85,88,completed,web,HD,KR,1,continue_watching
VEW003980,USR0240,MOV0099,2026-04-13T04:25:01Z,2026-04-13T06:43:01Z,130,100,completed,mobile,HD,KR,1,continue_watching
VEW003981,USR0169,MOV0138,2026-04-05T00:12:19Z,2026-04-05T01:36:19Z,79,89,completed,game_console,HD,KR,1,continue_watching
VEW003982,USR0045,MOV0119,2026-05-23T19:23:48Z,2026-05-23T21:38:48Z,125,92,completed,web,4K,KR,1,continue_watching
VEW003983,USR0186,MOV0037,2026-05-26T06:44:09Z,2026-05-26T08:14:09Z,88,93,completed,game_console,FHD,KR,1,continue_watching
VEW003984,USR0275,MOV0088,2026-01-11T15:54:18Z,2026-01-11T17:28:18Z,90,88,completed,web,HD,KR,1,continue_watching
VEW003985,USR0064,MOV0065,2026-04-23T18:16:12Z,2026-04-23T20:31:12Z,128,99,completed,tablet,FHD,KR,1,continue_watching
VEW003986,USR0199,MOV0163,2026-07-18T18:31:12Z,2026-07-18T20:22:12Z,108,87,completed,smart_tv,4K,KR,1,continue_watching
VEW003987,USR0099,MOV0197,2026-04-04T22:12:08Z,2026-04-05T00:01:08Z,99,93,completed,smart_tv,4K,KR,1,continue_watching
VEW003988,USR0091,MOV0074,2026-05-23T12:59:35Z,2026-05-23T15:17:35Z,137,98,completed,smart_tv,FHD,KR,1,continue_watching
VEW003989,USR0160,MOV0019,2025-11-03T20:01:14Z,2025-11-03T21:35:14Z,90,93,completed,web,FHD,KR,1,continue_watching
VEW003990,USR0014,MOV0007,2026-01-02T05:42:31Z,2026-01-02T07:13:31Z,89,95,completed,web,4K,KR,1,continue_watching
VEW003991,USR0154,MOV0173,2026-05-12T04:24:51Z,2026-05-12T06:47:51Z,131,96,completed,mobile,HD,KR,1,continue_watching
VEW003992,USR0120,MOV0031,2025-10-23T01:32:04Z,2025-10-23T03:06:04Z,90,94,completed,tablet,4K,KR,1,continue_watching
VEW003993,USR0218,MOV0068,2026-05-06T11:30:34Z,2026-05-06T13:34:34Z,116,99,completed,tablet,FHD,KR,1,continue_watching
VEW003994,USR0258,MOV0174,2025-03-07T17:19:32Z,2025-03-07T19:33:32Z,129,100,completed,web,4K,KR,1,continue_watching
VEW003995,USR0064,MOV0104,2026-04-30T22:14:02Z,2026-05-01T00:42:02Z,145,89,completed,web,FHD,KR,1,continue_watching
VEW003996,USR0093,MOV0098,2026-06-20T03:11:47Z,2026-06-20T04:58:47Z,95,90,completed,tablet,FHD,KR,1,continue_watching
VEW003997,USR0213,MOV0109,2025-08-26T02:51:06Z,2025-08-26T05:09:06Z,127,99,completed,web,FHD,KR,1,continue_watching
VEW003998,USR0006,MOV0128,2026-06-03T02:44:19Z,2026-06-03T04:06:19Z,80,88,completed,game_console,FHD,KR,1,continue_watching
VEW003999,USR0139,MOV0175,2026-02-11T16:08:22Z,2026-02-11T17:59:22Z,103,90,completed,smart_tv,4K,KR,1,continue_watching
VEW004000,USR0164,MOV0116,2026-02-17T16:30:57Z,2026-02-17T18:21:57Z,106,93,completed,mobile,FHD,KR,1,continue_watching
